
  .   ____          _            __ _ _
 /\\ / ___'_ __ _ _(_)_ __  __ _ \ \ \ \
( ( )\___ | '_ | '_| | '_ \/ _` | \ \ \ \
 \\/  ___)| |_)| | | | | || (_| |  ) ) ) )
  '  |____| .__|_| |_|_| |_\__, | / / / /
 =========|_|==============|___/=/_/_/_/

 :: Spring Boot ::                (v3.3.5)

2026-08-24T17:17:06.710+05:30  INFO 14684 --- [SpeakMateAI] [           main] c.r.speakmateai.SpeakMateAiApplication   : Starting SpeakMateAiApplication v0.0.1-SNAPSHOT using Java 21.0.11 with PID 14684 (C:\Final_Integration\IntegrationOfSpeakMate\Backend-SpeakMate_Team_2026\target\speakmateai-0.0.1-SNAPSHOT.jar started by hp in c:\Final_Integration\IntegrationOfSpeakMate\Backend-SpeakMate_Team_2026)
2026-08-24T17:17:06.726+05:30  INFO 14684 --- [SpeakMateAI] [           main] c.r.speakmateai.SpeakMateAiApplication   : No active profile set, falling back to 1 default profile: "default"
2026-08-24T17:17:09.468+05:30  INFO 14684 --- [SpeakMateAI] [           main] .s.d.r.c.RepositoryConfigurationDelegate : Bootstrapping Spring Data JPA repositories in DEFAULT mode.
2026-08-24T17:17:09.968+05:30  INFO 14684 --- [SpeakMateAI] [           main] .s.d.r.c.RepositoryConfigurationDelegate : Finished Spring Data repository scanning in 470 ms. Found 30 JPA repository interfaces.
2026-08-24T17:17:12.269+05:30  INFO 14684 --- [SpeakMateAI] [           main] o.s.b.w.embedded.tomcat.TomcatWebServer  : Tomcat initialized with port 9091 (http)
2026-08-24T17:17:12.331+05:30  INFO 14684 --- [SpeakMateAI] [           main] o.apache.catalina.core.StandardService   : Starting service [Tomcat]
2026-08-24T17:17:12.331+05:30  INFO 14684 --- [SpeakMateAI] [           main] o.apache.catalina.core.StandardEngine    : Starting Servlet engine: [Apache Tomcat/10.1.31]
2026-08-24T17:17:12.451+05:30  INFO 14684 --- [SpeakMateAI] [           main] o.a.c.c.C.[Tomcat].[localhost].[/]       : Initializing Spring embedded WebApplicationContext
2026-08-24T17:17:12.453+05:30  INFO 14684 --- [SpeakMateAI] [           main] w.s.c.ServletWebServerApplicationContext : Root WebApplicationContext: initialization completed in 5596 ms
2026-08-24T17:17:13.063+05:30  INFO 14684 --- [SpeakMateAI] [           main] o.hibernate.jpa.internal.util.LogHelper  : HHH000204: Processing PersistenceUnitInfo [name: default]
2026-08-24T17:17:13.279+05:30  INFO 14684 --- [SpeakMateAI] [           main] org.hibernate.Version                    : HHH000412: Hibernate ORM core version 6.5.3.Final
2026-08-24T17:17:13.367+05:30  INFO 14684 --- [SpeakMateAI] [           main] o.h.c.internal.RegionFactoryInitiator    : HHH000026: Second-level cache disabled
2026-08-24T17:17:14.262+05:30  INFO 14684 --- [SpeakMateAI] [           main] o.s.o.j.p.SpringPersistenceUnitInfo      : No LoadTimeWeaver setup: ignoring JPA class transformer
2026-08-24T17:17:14.363+05:30  INFO 14684 --- [SpeakMateAI] [           main] com.zaxxer.hikari.HikariDataSource       : HikariPool-1 - Starting...
2026-08-24T17:17:17.787+05:30  INFO 14684 --- [SpeakMateAI] [           main] com.zaxxer.hikari.pool.HikariPool        : HikariPool-1 - Added connection org.postgresql.jdbc.PgConnection@2133b712
2026-08-24T17:17:17.792+05:30  INFO 14684 --- [SpeakMateAI] [           main] com.zaxxer.hikari.HikariDataSource       : HikariPool-1 - Start completed.
2026-08-24T17:17:18.142+05:30  WARN 14684 --- [SpeakMateAI] [           main] org.hibernate.orm.deprecation            : HHH90000025: PostgreSQLDialect does not need to be specified explicitly using 'hibernate.dialect' (remove the property setting and it will be selected by default)
2026-08-24T17:17:25.948+05:30  INFO 14684 --- [SpeakMateAI] [           main] o.h.e.t.j.p.i.JtaPlatformInitiator       : HHH000489: No JTA platform available (set 'hibernate.transaction.jta.platform' to enable JTA platform integration)
Hibernate: 
    alter table if exists achievement 
       alter column description set data type TEXT
Hibernate: 
    alter table if exists admins 
       alter column profile_image set data type TEXT
Hibernate: 
    alter table if exists chat_history 
       alter column ai_response set data type TEXT
Hibernate: 
    alter table if exists chat_history 
       alter column user_message set data type TEXT
Hibernate: 
    alter table if exists chat_messages 
       alter column better_sentence set data type TEXT
Hibernate: 
    alter table if exists chat_messages 
       alter column explanation set data type TEXT
Hibernate: 
    alter table if exists chat_messages 
       alter column follow_up_question set data type TEXT
Hibernate: 
    alter table if exists chat_messages 
       alter column grammar_correction set data type TEXT
Hibernate: 
    alter table if exists chat_messages 
       alter column message set data type TEXT
Hibernate: 
    alter table if exists chat_messages 
       alter column vocabulary_suggestions set data type TEXT
Hibernate: 
    alter table if exists conversation_feedbacks 
       alter column better_sentences set data type TEXT
Hibernate: 
    alter table if exists conversation_feedbacks 
       alter column grammar_corrections set data type TEXT
Hibernate: 
    alter table if exists conversation_feedbacks 
       alter column summary set data type TEXT
Hibernate: 
    alter table if exists conversation_feedbacks 
       alter column vocabulary_suggestions set data type TEXT
Hibernate: 
    alter table if exists conversation_messages 
       alter column message set data type TEXT
Hibernate: 
    alter table if exists grammar_history 
       alter column corrected_text set data type TEXT
Hibernate: 
    alter table if exists grammar_history 
       alter column explanation set data type TEXT
Hibernate: 
    alter table if exists grammar_history 
       alter column original_text set data type TEXT
Hibernate: 
    alter table if exists lessons 
       alter column content set data type TEXT
Hibernate: 
    alter table if exists lessons 
       alter column description set data type TEXT
Hibernate: 
    alter table if exists lessons 
       alter column objectives set data type TEXT
Hibernate: 
    alter table if exists lessons 
       alter column requirements set data type TEXT
Hibernate: 
    alter table if exists lessons 
       alter column skills set data type TEXT
Hibernate: 
    alter table if exists notification 
       alter column message set data type TEXT
Hibernate: 
    alter table if exists payments 
       alter column remarks set data type TEXT
Hibernate: 
    alter table if exists progress 
       add column user_id bigint not null
2026-08-24T17:17:30.015+05:30  WARN 14684 --- [SpeakMateAI] [           main] o.h.t.s.i.ExceptionHandlerLoggedImpl     : GenerationTarget encountered exception accepting command : Error executing DDL "
    alter table if exists progress 
       add column user_id bigint not null" via JDBC [ERROR: column "user_id" of relation "progress" contains null values]

org.hibernate.tool.schema.spi.CommandAcceptanceException: Error executing DDL "
    alter table if exists progress 
       add column user_id bigint not null" via JDBC [ERROR: column "user_id" of relation "progress" contains null values]
	at org.hibernate.tool.schema.internal.exec.GenerationTargetToDatabase.accept(GenerationTargetToDatabase.java:94) ~[hibernate-core-6.5.3.Final.jar!/:6.5.3.Final]
	at org.hibernate.tool.schema.internal.AbstractSchemaMigrator.applySqlString(AbstractSchemaMigrator.java:583) ~[hibernate-core-6.5.3.Final.jar!/:6.5.3.Final]
	at org.hibernate.tool.schema.internal.AbstractSchemaMigrator.applySqlStrings(AbstractSchemaMigrator.java:523) ~[hibernate-core-6.5.3.Final.jar!/:6.5.3.Final]
	at org.hibernate.tool.schema.internal.AbstractSchemaMigrator.migrateTable(AbstractSchemaMigrator.java:341) ~[hibernate-core-6.5.3.Final.jar!/:6.5.3.Final]
	at org.hibernate.tool.schema.internal.GroupedSchemaMigratorImpl.performTablesMigration(GroupedSchemaMigratorImpl.java:84) ~[hibernate-core-6.5.3.Final.jar!/:6.5.3.Final]
	at org.hibernate.tool.schema.internal.AbstractSchemaMigrator.performMigration(AbstractSchemaMigrator.java:240) ~[hibernate-core-6.5.3.Final.jar!/:6.5.3.Final]
	at org.hibernate.tool.schema.internal.AbstractSchemaMigrator.doMigration(AbstractSchemaMigrator.java:119) ~[hibernate-core-6.5.3.Final.jar!/:6.5.3.Final]
	at org.hibernate.tool.schema.spi.SchemaManagementToolCoordinator.performDatabaseAction(SchemaManagementToolCoordinator.java:280) ~[hibernate-core-6.5.3.Final.jar!/:6.5.3.Final]
	at org.hibernate.tool.schema.spi.SchemaManagementToolCoordinator.lambda$process$5(SchemaManagementToolCoordinator.java:144) ~[hibernate-core-6.5.3.Final.jar!/:6.5.3.Final]
	at java.base/java.util.HashMap.forEach(HashMap.java:1429) ~[na:na]
	at org.hibernate.tool.schema.spi.SchemaManagementToolCoordinator.process(SchemaManagementToolCoordinator.java:141) ~[hibernate-core-6.5.3.Final.jar!/:6.5.3.Final]
	at org.hibernate.boot.internal.SessionFactoryObserverForSchemaExport.sessionFactoryCreated(SessionFactoryObserverForSchemaExport.java:37) ~[hibernate-core-6.5.3.Final.jar!/:6.5.3.Final]
	at org.hibernate.internal.SessionFactoryObserverChain.sessionFactoryCreated(SessionFactoryObserverChain.java:35) ~[hibernate-core-6.5.3.Final.jar!/:6.5.3.Final]
	at org.hibernate.internal.SessionFactoryImpl.<init>(SessionFactoryImpl.java:322) ~[hibernate-core-6.5.3.Final.jar!/:6.5.3.Final]
	at org.hibernate.boot.internal.SessionFactoryBuilderImpl.build(SessionFactoryBuilderImpl.java:457) ~[hibernate-core-6.5.3.Final.jar!/:6.5.3.Final]
	at org.hibernate.jpa.boot.internal.EntityManagerFactoryBuilderImpl.build(EntityManagerFactoryBuilderImpl.java:1506) ~[hibernate-core-6.5.3.Final.jar!/:6.5.3.Final]
	at org.springframework.orm.jpa.vendor.SpringHibernateJpaPersistenceProvider.createContainerEntityManagerFactory(SpringHibernateJpaPersistenceProvider.java:75) ~[spring-orm-6.1.14.jar!/:6.1.14]
	at org.springframework.orm.jpa.LocalContainerEntityManagerFactoryBean.createNativeEntityManagerFactory(LocalContainerEntityManagerFactoryBean.java:390) ~[spring-orm-6.1.14.jar!/:6.1.14]
	at org.springframework.orm.jpa.AbstractEntityManagerFactoryBean.buildNativeEntityManagerFactory(AbstractEntityManagerFactoryBean.java:409) ~[spring-orm-6.1.14.jar!/:6.1.14]
	at org.springframework.orm.jpa.AbstractEntityManagerFactoryBean.afterPropertiesSet(AbstractEntityManagerFactoryBean.java:396) ~[spring-orm-6.1.14.jar!/:6.1.14]
	at org.springframework.orm.jpa.LocalContainerEntityManagerFactoryBean.afterPropertiesSet(LocalContainerEntityManagerFactoryBean.java:366) ~[spring-orm-6.1.14.jar!/:6.1.14]
	at org.springframework.beans.factory.support.AbstractAutowireCapableBeanFactory.invokeInitMethods(AbstractAutowireCapableBeanFactory.java:1853) ~[spring-beans-6.1.14.jar!/:6.1.14]
	at org.springframework.beans.factory.support.AbstractAutowireCapableBeanFactory.initializeBean(AbstractAutowireCapableBeanFactory.java:1802) ~[spring-beans-6.1.14.jar!/:6.1.14]
	at org.springframework.beans.factory.support.AbstractAutowireCapableBeanFactory.doCreateBean(AbstractAutowireCapableBeanFactory.java:600) ~[spring-beans-6.1.14.jar!/:6.1.14]
	at org.springframework.beans.factory.support.AbstractAutowireCapableBeanFactory.createBean(AbstractAutowireCapableBeanFactory.java:522) ~[spring-beans-6.1.14.jar!/:6.1.14]
	at org.springframework.beans.factory.support.AbstractBeanFactory.lambda$doGetBean$0(AbstractBeanFactory.java:337) ~[spring-beans-6.1.14.jar!/:6.1.14]
	at org.springframework.beans.factory.support.DefaultSingletonBeanRegistry.getSingleton(DefaultSingletonBeanRegistry.java:234) ~[spring-beans-6.1.14.jar!/:6.1.14]
	at org.springframework.beans.factory.support.AbstractBeanFactory.doGetBean(AbstractBeanFactory.java:335) ~[spring-beans-6.1.14.jar!/:6.1.14]
	at org.springframework.beans.factory.support.AbstractBeanFactory.getBean(AbstractBeanFactory.java:200) ~[spring-beans-6.1.14.jar!/:6.1.14]
	at org.springframework.beans.factory.support.BeanDefinitionValueResolver.resolveReference(BeanDefinitionValueResolver.java:365) ~[spring-beans-6.1.14.jar!/:6.1.14]
	at org.springframework.beans.factory.support.BeanDefinitionValueResolver.resolveValueIfNecessary(BeanDefinitionValueResolver.java:135) ~[spring-beans-6.1.14.jar!/:6.1.14]
	at org.springframework.beans.factory.support.ConstructorResolver.resolveConstructorArguments(ConstructorResolver.java:682) ~[spring-beans-6.1.14.jar!/:6.1.14]
	at org.springframework.beans.factory.support.ConstructorResolver.instantiateUsingFactoryMethod(ConstructorResolver.java:509) ~[spring-beans-6.1.14.jar!/:6.1.14]
	at org.springframework.beans.factory.support.AbstractAutowireCapableBeanFactory.instantiateUsingFactoryMethod(AbstractAutowireCapableBeanFactory.java:1355) ~[spring-beans-6.1.14.jar!/:6.1.14]
	at org.springframework.beans.factory.support.AbstractAutowireCapableBeanFactory.createBeanInstance(AbstractAutowireCapableBeanFactory.java:1185) ~[spring-beans-6.1.14.jar!/:6.1.14]
	at org.springframework.beans.factory.support.AbstractAutowireCapableBeanFactory.doCreateBean(AbstractAutowireCapableBeanFactory.java:562) ~[spring-beans-6.1.14.jar!/:6.1.14]
	at org.springframework.beans.factory.support.AbstractAutowireCapableBeanFactory.createBean(AbstractAutowireCapableBeanFactory.java:522) ~[spring-beans-6.1.14.jar!/:6.1.14]
	at org.springframework.beans.factory.support.AbstractBeanFactory.lambda$doGetBean$0(AbstractBeanFactory.java:337) ~[spring-beans-6.1.14.jar!/:6.1.14]
	at org.springframework.beans.factory.support.DefaultSingletonBeanRegistry.getSingleton(DefaultSingletonBeanRegistry.java:234) ~[spring-beans-6.1.14.jar!/:6.1.14]
	at org.springframework.beans.factory.support.AbstractBeanFactory.doGetBean(AbstractBeanFactory.java:335) ~[spring-beans-6.1.14.jar!/:6.1.14]
	at org.springframework.beans.factory.support.AbstractBeanFactory.getBean(AbstractBeanFactory.java:200) ~[spring-beans-6.1.14.jar!/:6.1.14]
	at org.springframework.beans.factory.support.BeanDefinitionValueResolver.resolveReference(BeanDefinitionValueResolver.java:365) ~[spring-beans-6.1.14.jar!/:6.1.14]
	at org.springframework.beans.factory.support.BeanDefinitionValueResolver.resolveValueIfNecessary(BeanDefinitionValueResolver.java:135) ~[spring-beans-6.1.14.jar!/:6.1.14]
	at org.springframework.beans.factory.support.AbstractAutowireCapableBeanFactory.applyPropertyValues(AbstractAutowireCapableBeanFactory.java:1705) ~[spring-beans-6.1.14.jar!/:6.1.14]
	at org.springframework.beans.factory.support.AbstractAutowireCapableBeanFactory.populateBean(AbstractAutowireCapableBeanFactory.java:1454) ~[spring-beans-6.1.14.jar!/:6.1.14]
	at org.springframework.beans.factory.support.AbstractAutowireCapableBeanFactory.doCreateBean(AbstractAutowireCapableBeanFactory.java:599) ~[spring-beans-6.1.14.jar!/:6.1.14]
	at org.springframework.beans.factory.support.AbstractAutowireCapableBeanFactory.createBean(AbstractAutowireCapableBeanFactory.java:522) ~[spring-beans-6.1.14.jar!/:6.1.14]
	at org.springframework.beans.factory.support.AbstractBeanFactory.lambda$doGetBean$0(AbstractBeanFactory.java:337) ~[spring-beans-6.1.14.jar!/:6.1.14]
	at org.springframework.beans.factory.support.DefaultSingletonBeanRegistry.getSingleton(DefaultSingletonBeanRegistry.java:234) ~[spring-beans-6.1.14.jar!/:6.1.14]
	at org.springframework.beans.factory.support.AbstractBeanFactory.doGetBean(AbstractBeanFactory.java:335) ~[spring-beans-6.1.14.jar!/:6.1.14]
	at org.springframework.beans.factory.support.AbstractBeanFactory.getBean(AbstractBeanFactory.java:200) ~[spring-beans-6.1.14.jar!/:6.1.14]
	at org.springframework.beans.factory.config.DependencyDescriptor.resolveCandidate(DependencyDescriptor.java:254) ~[spring-beans-6.1.14.jar!/:6.1.14]
	at org.springframework.beans.factory.support.DefaultListableBeanFactory.doResolveDependency(DefaultListableBeanFactory.java:1443) ~[spring-beans-6.1.14.jar!/:6.1.14]
	at org.springframework.beans.factory.support.DefaultListableBeanFactory.resolveDependency(DefaultListableBeanFactory.java:1353) ~[spring-beans-6.1.14.jar!/:6.1.14]
	at org.springframework.beans.factory.support.ConstructorResolver.resolveAutowiredArgument(ConstructorResolver.java:904) ~[spring-beans-6.1.14.jar!/:6.1.14]
	at org.springframework.beans.factory.support.ConstructorResolver.createArgumentArray(ConstructorResolver.java:782) ~[spring-beans-6.1.14.jar!/:6.1.14]
	at org.springframework.beans.factory.support.ConstructorResolver.autowireConstructor(ConstructorResolver.java:237) ~[spring-beans-6.1.14.jar!/:6.1.14]
	at org.springframework.beans.factory.support.AbstractAutowireCapableBeanFactory.autowireConstructor(AbstractAutowireCapableBeanFactory.java:1375) ~[spring-beans-6.1.14.jar!/:6.1.14]
	at org.springframework.beans.factory.support.AbstractAutowireCapableBeanFactory.createBeanInstance(AbstractAutowireCapableBeanFactory.java:1212) ~[spring-beans-6.1.14.jar!/:6.1.14]
	at org.springframework.beans.factory.support.AbstractAutowireCapableBeanFactory.doCreateBean(AbstractAutowireCapableBeanFactory.java:562) ~[spring-beans-6.1.14.jar!/:6.1.14]
	at org.springframework.beans.factory.support.AbstractAutowireCapableBeanFactory.createBean(AbstractAutowireCapableBeanFactory.java:522) ~[spring-beans-6.1.14.jar!/:6.1.14]
	at org.springframework.beans.factory.support.AbstractBeanFactory.lambda$doGetBean$0(AbstractBeanFactory.java:337) ~[spring-beans-6.1.14.jar!/:6.1.14]
	at org.springframework.beans.factory.support.DefaultSingletonBeanRegistry.getSingleton(DefaultSingletonBeanRegistry.java:234) ~[spring-beans-6.1.14.jar!/:6.1.14]
	at org.springframework.beans.factory.support.AbstractBeanFactory.doGetBean(AbstractBeanFactory.java:335) ~[spring-beans-6.1.14.jar!/:6.1.14]
	at org.springframework.beans.factory.support.AbstractBeanFactory.getBean(AbstractBeanFactory.java:205) ~[spring-beans-6.1.14.jar!/:6.1.14]
	at org.springframework.boot.web.servlet.ServletContextInitializerBeans.getOrderedBeansOfType(ServletContextInitializerBeans.java:211) ~[spring-boot-3.3.5.jar!/:3.3.5]
	at org.springframework.boot.web.servlet.ServletContextInitializerBeans.addAsRegistrationBean(ServletContextInitializerBeans.java:174) ~[spring-boot-3.3.5.jar!/:3.3.5]
	at org.springframework.boot.web.servlet.ServletContextInitializerBeans.addAsRegistrationBean(ServletContextInitializerBeans.java:169) ~[spring-boot-3.3.5.jar!/:3.3.5]
	at org.springframework.boot.web.servlet.ServletContextInitializerBeans.addAdaptableBeans(ServletContextInitializerBeans.java:154) ~[spring-boot-3.3.5.jar!/:3.3.5]
	at org.springframework.boot.web.servlet.ServletContextInitializerBeans.<init>(ServletContextInitializerBeans.java:87) ~[spring-boot-3.3.5.jar!/:3.3.5]
	at org.springframework.boot.web.servlet.context.ServletWebServerApplicationContext.getServletContextInitializerBeans(ServletWebServerApplicationContext.java:266) ~[spring-boot-3.3.5.jar!/:3.3.5]
	at org.springframework.boot.web.servlet.context.ServletWebServerApplicationContext.selfInitialize(ServletWebServerApplicationContext.java:240) ~[spring-boot-3.3.5.jar!/:3.3.5]
	at org.springframework.boot.web.embedded.tomcat.TomcatStarter.onStartup(TomcatStarter.java:52) ~[spring-boot-3.3.5.jar!/:3.3.5]
	at org.apache.catalina.core.StandardContext.startInternal(StandardContext.java:4412) ~[tomcat-embed-core-10.1.31.jar!/:na]
	at org.apache.catalina.util.LifecycleBase.start(LifecycleBase.java:164) ~[tomcat-embed-core-10.1.31.jar!/:na]
	at org.apache.catalina.core.ContainerBase$StartChild.call(ContainerBase.java:1203) ~[tomcat-embed-core-10.1.31.jar!/:na]
	at org.apache.catalina.core.ContainerBase$StartChild.call(ContainerBase.java:1193) ~[tomcat-embed-core-10.1.31.jar!/:na]
	at java.base/java.util.concurrent.FutureTask.run(FutureTask.java:317) ~[na:na]
	at org.apache.tomcat.util.threads.InlineExecutorService.execute(InlineExecutorService.java:75) ~[tomcat-embed-core-10.1.31.jar!/:na]
	at java.base/java.util.concurrent.AbstractExecutorService.submit(AbstractExecutorService.java:145) ~[na:na]
	at org.apache.catalina.core.ContainerBase.startInternal(ContainerBase.java:749) ~[tomcat-embed-core-10.1.31.jar!/:na]
	at org.apache.catalina.core.StandardHost.startInternal(StandardHost.java:772) ~[tomcat-embed-core-10.1.31.jar!/:na]
	at org.apache.catalina.util.LifecycleBase.start(LifecycleBase.java:164) ~[tomcat-embed-core-10.1.31.jar!/:na]
	at org.apache.catalina.core.ContainerBase$StartChild.call(ContainerBase.java:1203) ~[tomcat-embed-core-10.1.31.jar!/:na]
	at org.apache.catalina.core.ContainerBase$StartChild.call(ContainerBase.java:1193) ~[tomcat-embed-core-10.1.31.jar!/:na]
	at java.base/java.util.concurrent.FutureTask.run(FutureTask.java:317) ~[na:na]
	at org.apache.tomcat.util.threads.InlineExecutorService.execute(InlineExecutorService.java:75) ~[tomcat-embed-core-10.1.31.jar!/:na]
	at java.base/java.util.concurrent.AbstractExecutorService.submit(AbstractExecutorService.java:145) ~[na:na]
	at org.apache.catalina.core.ContainerBase.startInternal(ContainerBase.java:749) ~[tomcat-embed-core-10.1.31.jar!/:na]
	at org.apache.catalina.core.StandardEngine.startInternal(StandardEngine.java:203) ~[tomcat-embed-core-10.1.31.jar!/:na]
	at org.apache.catalina.util.LifecycleBase.start(LifecycleBase.java:164) ~[tomcat-embed-core-10.1.31.jar!/:na]
	at org.apache.catalina.core.StandardService.startInternal(StandardService.java:415) ~[tomcat-embed-core-10.1.31.jar!/:na]
	at org.apache.catalina.util.LifecycleBase.start(LifecycleBase.java:164) ~[tomcat-embed-core-10.1.31.jar!/:na]
	at org.apache.catalina.core.StandardServer.startInternal(StandardServer.java:870) ~[tomcat-embed-core-10.1.31.jar!/:na]
	at org.apache.catalina.util.LifecycleBase.start(LifecycleBase.java:164) ~[tomcat-embed-core-10.1.31.jar!/:na]
	at org.apache.catalina.startup.Tomcat.start(Tomcat.java:437) ~[tomcat-embed-core-10.1.31.jar!/:na]
	at org.springframework.boot.web.embedded.tomcat.TomcatWebServer.initialize(TomcatWebServer.java:128) ~[spring-boot-3.3.5.jar!/:3.3.5]
	at org.springframework.boot.web.embedded.tomcat.TomcatWebServer.<init>(TomcatWebServer.java:107) ~[spring-boot-3.3.5.jar!/:3.3.5]
	at org.springframework.boot.web.embedded.tomcat.TomcatServletWebServerFactory.getTomcatWebServer(TomcatServletWebServerFactory.java:516) ~[spring-boot-3.3.5.jar!/:3.3.5]
	at org.springframework.boot.web.embedded.tomcat.TomcatServletWebServerFactory.getWebServer(TomcatServletWebServerFactory.java:222) ~[spring-boot-3.3.5.jar!/:3.3.5]
	at org.springframework.boot.web.servlet.context.ServletWebServerApplicationContext.createWebServer(ServletWebServerApplicationContext.java:188) ~[spring-boot-3.3.5.jar!/:3.3.5]
	at org.springframework.boot.web.servlet.context.ServletWebServerApplicationContext.onRefresh(ServletWebServerApplicationContext.java:162) ~[spring-boot-3.3.5.jar!/:3.3.5]
	at org.springframework.context.support.AbstractApplicationContext.refresh(AbstractApplicationContext.java:619) ~[spring-context-6.1.14.jar!/:6.1.14]
	at org.springframework.boot.web.servlet.context.ServletWebServerApplicationContext.refresh(ServletWebServerApplicationContext.java:146) ~[spring-boot-3.3.5.jar!/:3.3.5]
	at org.springframework.boot.SpringApplication.refresh(SpringApplication.java:754) ~[spring-boot-3.3.5.jar!/:3.3.5]
	at org.springframework.boot.SpringApplication.refreshContext(SpringApplication.java:456) ~[spring-boot-3.3.5.jar!/:3.3.5]
	at org.springframework.boot.SpringApplication.run(SpringApplication.java:335) ~[spring-boot-3.3.5.jar!/:3.3.5]
	at org.springframework.boot.SpringApplication.run(SpringApplication.java:1363) ~[spring-boot-3.3.5.jar!/:3.3.5]
	at org.springframework.boot.SpringApplication.run(SpringApplication.java:1352) ~[spring-boot-3.3.5.jar!/:3.3.5]
	at com.rslsolution.speakmateai.SpeakMateAiApplication.main(SpeakMateAiApplication.java:12) ~[!/:0.0.1-SNAPSHOT]
	at java.base/jdk.internal.reflect.DirectMethodHandleAccessor.invoke(DirectMethodHandleAccessor.java:103) ~[na:na]
	at java.base/java.lang.reflect.Method.invoke(Method.java:580) ~[na:na]
	at org.springframework.boot.loader.launch.Launcher.launch(Launcher.java:102) ~[speakmateai-0.0.1-SNAPSHOT.jar:0.0.1-SNAPSHOT]
	at org.springframework.boot.loader.launch.Launcher.launch(Launcher.java:64) ~[speakmateai-0.0.1-SNAPSHOT.jar:0.0.1-SNAPSHOT]
	at org.springframework.boot.loader.launch.JarLauncher.main(JarLauncher.java:40) ~[speakmateai-0.0.1-SNAPSHOT.jar:0.0.1-SNAPSHOT]
Caused by: org.postgresql.util.PSQLException: ERROR: column "user_id" of relation "progress" contains null values
	at org.postgresql.core.v3.QueryExecutorImpl.receiveErrorResponse(QueryExecutorImpl.java:2733) ~[postgresql-42.7.4.jar!/:42.7.4]
	at org.postgresql.core.v3.QueryExecutorImpl.processResults(QueryExecutorImpl.java:2420) ~[postgresql-42.7.4.jar!/:42.7.4]
	at org.postgresql.core.v3.QueryExecutorImpl.execute(QueryExecutorImpl.java:372) ~[postgresql-42.7.4.jar!/:42.7.4]
	at org.postgresql.jdbc.PgStatement.executeInternal(PgStatement.java:517) ~[postgresql-42.7.4.jar!/:42.7.4]
	at org.postgresql.jdbc.PgStatement.execute(PgStatement.java:434) ~[postgresql-42.7.4.jar!/:42.7.4]
	at org.postgresql.jdbc.PgStatement.executeWithFlags(PgStatement.java:356) ~[postgresql-42.7.4.jar!/:42.7.4]
	at org.postgresql.jdbc.PgStatement.executeCachedSql(PgStatement.java:341) ~[postgresql-42.7.4.jar!/:42.7.4]
	at org.postgresql.jdbc.PgStatement.executeWithFlags(PgStatement.java:317) ~[postgresql-42.7.4.jar!/:42.7.4]
	at org.postgresql.jdbc.PgStatement.execute(PgStatement.java:312) ~[postgresql-42.7.4.jar!/:42.7.4]
	at com.zaxxer.hikari.pool.ProxyStatement.execute(ProxyStatement.java:94) ~[HikariCP-5.1.0.jar!/:na]
	at com.zaxxer.hikari.pool.HikariProxyStatement.execute(HikariProxyStatement.java) ~[HikariCP-5.1.0.jar!/:na]
	at org.hibernate.tool.schema.internal.exec.GenerationTargetToDatabase.accept(GenerationTargetToDatabase.java:80) ~[hibernate-core-6.5.3.Final.jar!/:6.5.3.Final]
	... 114 common frames omitted

Hibernate: 
    alter table if exists refunds 
       alter column refund_reason set data type TEXT
Hibernate: 
    alter table if exists speaking_sessions 
       alter column feedback set data type TEXT
Hibernate: 
    alter table if exists speaking_sessions 
       alter column transcript set data type TEXT
Hibernate: 
    alter table if exists students 
       alter column avatar set data type TEXT
Hibernate: 
    alter table if exists subscription_plans 
       alter column features set data type TEXT
Hibernate: 
    alter table if exists users 
       alter column avatar set data type TEXT
Hibernate: 
    alter table if exists vocabulary 
       alter column antonym set data type TEXT
Hibernate: 
    alter table if exists vocabulary 
       alter column example_sentence set data type TEXT
Hibernate: 
    alter table if exists vocabulary 
       alter column meaning set data type TEXT
Hibernate: 
    alter table if exists vocabulary 
       alter column synonym set data type TEXT
Hibernate: 
    alter table if exists progress 
       drop constraint if exists UK1ax3w2xm8ocd7apgvuibb3g4s
2026-08-24T17:17:30.954+05:30  WARN 14684 --- [SpeakMateAI] [           main] o.h.engine.jdbc.spi.SqlExceptionHelper   : SQL Warning Code: 0, SQLState: 00000
2026-08-24T17:17:30.955+05:30  WARN 14684 --- [SpeakMateAI] [           main] o.h.engine.jdbc.spi.SqlExceptionHelper   : constraint "uk1ax3w2xm8ocd7apgvuibb3g4s" of relation "progress" does not exist, skipping
Hibernate: 
    alter table if exists progress 
       add constraint UK1ax3w2xm8ocd7apgvuibb3g4s unique (user_id)
Hibernate: 
    alter table if exists progress 
       add constraint FKg57pksd9hda15sacdaat75y28 
       foreign key (user_id) 
       references students
2026-08-24T17:17:38.943+05:30  WARN 14684 --- [SpeakMateAI] [           main] o.h.t.s.i.ExceptionHandlerLoggedImpl     : GenerationTarget encountered exception accepting command : Error executing DDL "
    alter table if exists progress 
       add constraint FKg57pksd9hda15sacdaat75y28 
       foreign key (user_id) 
       references students" via JDBC [ERROR: column "user_id" referenced in foreign key constraint does not exist]

org.hibernate.tool.schema.spi.CommandAcceptanceException: Error executing DDL "
    alter table if exists progress 
       add constraint FKg57pksd9hda15sacdaat75y28 
       foreign key (user_id) 
       references students" via JDBC [ERROR: column "user_id" referenced in foreign key constraint does not exist]
	at org.hibernate.tool.schema.internal.exec.GenerationTargetToDatabase.accept(GenerationTargetToDatabase.java:94) ~[hibernate-core-6.5.3.Final.jar!/:6.5.3.Final]
	at org.hibernate.tool.schema.internal.AbstractSchemaMigrator.applySqlString(AbstractSchemaMigrator.java:583) ~[hibernate-core-6.5.3.Final.jar!/:6.5.3.Final]
	at org.hibernate.tool.schema.internal.AbstractSchemaMigrator.applySqlStrings(AbstractSchemaMigrator.java:523) ~[hibernate-core-6.5.3.Final.jar!/:6.5.3.Final]
	at org.hibernate.tool.schema.internal.AbstractSchemaMigrator.applyForeignKeys(AbstractSchemaMigrator.java:455) ~[hibernate-core-6.5.3.Final.jar!/:6.5.3.Final]
	at org.hibernate.tool.schema.internal.AbstractSchemaMigrator.performMigration(AbstractSchemaMigrator.java:276) ~[hibernate-core-6.5.3.Final.jar!/:6.5.3.Final]
	at org.hibernate.tool.schema.internal.AbstractSchemaMigrator.doMigration(AbstractSchemaMigrator.java:119) ~[hibernate-core-6.5.3.Final.jar!/:6.5.3.Final]
	at org.hibernate.tool.schema.spi.SchemaManagementToolCoordinator.performDatabaseAction(SchemaManagementToolCoordinator.java:280) ~[hibernate-core-6.5.3.Final.jar!/:6.5.3.Final]
	at org.hibernate.tool.schema.spi.SchemaManagementToolCoordinator.lambda$process$5(SchemaManagementToolCoordinator.java:144) ~[hibernate-core-6.5.3.Final.jar!/:6.5.3.Final]
	at java.base/java.util.HashMap.forEach(HashMap.java:1429) ~[na:na]
	at org.hibernate.tool.schema.spi.SchemaManagementToolCoordinator.process(SchemaManagementToolCoordinator.java:141) ~[hibernate-core-6.5.3.Final.jar!/:6.5.3.Final]
	at org.hibernate.boot.internal.SessionFactoryObserverForSchemaExport.sessionFactoryCreated(SessionFactoryObserverForSchemaExport.java:37) ~[hibernate-core-6.5.3.Final.jar!/:6.5.3.Final]
	at org.hibernate.internal.SessionFactoryObserverChain.sessionFactoryCreated(SessionFactoryObserverChain.java:35) ~[hibernate-core-6.5.3.Final.jar!/:6.5.3.Final]
	at org.hibernate.internal.SessionFactoryImpl.<init>(SessionFactoryImpl.java:322) ~[hibernate-core-6.5.3.Final.jar!/:6.5.3.Final]
	at org.hibernate.boot.internal.SessionFactoryBuilderImpl.build(SessionFactoryBuilderImpl.java:457) ~[hibernate-core-6.5.3.Final.jar!/:6.5.3.Final]
	at org.hibernate.jpa.boot.internal.EntityManagerFactoryBuilderImpl.build(EntityManagerFactoryBuilderImpl.java:1506) ~[hibernate-core-6.5.3.Final.jar!/:6.5.3.Final]
	at org.springframework.orm.jpa.vendor.SpringHibernateJpaPersistenceProvider.createContainerEntityManagerFactory(SpringHibernateJpaPersistenceProvider.java:75) ~[spring-orm-6.1.14.jar!/:6.1.14]
	at org.springframework.orm.jpa.LocalContainerEntityManagerFactoryBean.createNativeEntityManagerFactory(LocalContainerEntityManagerFactoryBean.java:390) ~[spring-orm-6.1.14.jar!/:6.1.14]
	at org.springframework.orm.jpa.AbstractEntityManagerFactoryBean.buildNativeEntityManagerFactory(AbstractEntityManagerFactoryBean.java:409) ~[spring-orm-6.1.14.jar!/:6.1.14]
	at org.springframework.orm.jpa.AbstractEntityManagerFactoryBean.afterPropertiesSet(AbstractEntityManagerFactoryBean.java:396) ~[spring-orm-6.1.14.jar!/:6.1.14]
	at org.springframework.orm.jpa.LocalContainerEntityManagerFactoryBean.afterPropertiesSet(LocalContainerEntityManagerFactoryBean.java:366) ~[spring-orm-6.1.14.jar!/:6.1.14]
	at org.springframework.beans.factory.support.AbstractAutowireCapableBeanFactory.invokeInitMethods(AbstractAutowireCapableBeanFactory.java:1853) ~[spring-beans-6.1.14.jar!/:6.1.14]
	at org.springframework.beans.factory.support.AbstractAutowireCapableBeanFactory.initializeBean(AbstractAutowireCapableBeanFactory.java:1802) ~[spring-beans-6.1.14.jar!/:6.1.14]
	at org.springframework.beans.factory.support.AbstractAutowireCapableBeanFactory.doCreateBean(AbstractAutowireCapableBeanFactory.java:600) ~[spring-beans-6.1.14.jar!/:6.1.14]
	at org.springframework.beans.factory.support.AbstractAutowireCapableBeanFactory.createBean(AbstractAutowireCapableBeanFactory.java:522) ~[spring-beans-6.1.14.jar!/:6.1.14]
	at org.springframework.beans.factory.support.AbstractBeanFactory.lambda$doGetBean$0(AbstractBeanFactory.java:337) ~[spring-beans-6.1.14.jar!/:6.1.14]
	at org.springframework.beans.factory.support.DefaultSingletonBeanRegistry.getSingleton(DefaultSingletonBeanRegistry.java:234) ~[spring-beans-6.1.14.jar!/:6.1.14]
	at org.springframework.beans.factory.support.AbstractBeanFactory.doGetBean(AbstractBeanFactory.java:335) ~[spring-beans-6.1.14.jar!/:6.1.14]
	at org.springframework.beans.factory.support.AbstractBeanFactory.getBean(AbstractBeanFactory.java:200) ~[spring-beans-6.1.14.jar!/:6.1.14]
	at org.springframework.beans.factory.support.BeanDefinitionValueResolver.resolveReference(BeanDefinitionValueResolver.java:365) ~[spring-beans-6.1.14.jar!/:6.1.14]
	at org.springframework.beans.factory.support.BeanDefinitionValueResolver.resolveValueIfNecessary(BeanDefinitionValueResolver.java:135) ~[spring-beans-6.1.14.jar!/:6.1.14]
	at org.springframework.beans.factory.support.ConstructorResolver.resolveConstructorArguments(ConstructorResolver.java:682) ~[spring-beans-6.1.14.jar!/:6.1.14]
	at org.springframework.beans.factory.support.ConstructorResolver.instantiateUsingFactoryMethod(ConstructorResolver.java:509) ~[spring-beans-6.1.14.jar!/:6.1.14]
	at org.springframework.beans.factory.support.AbstractAutowireCapableBeanFactory.instantiateUsingFactoryMethod(AbstractAutowireCapableBeanFactory.java:1355) ~[spring-beans-6.1.14.jar!/:6.1.14]
	at org.springframework.beans.factory.support.AbstractAutowireCapableBeanFactory.createBeanInstance(AbstractAutowireCapableBeanFactory.java:1185) ~[spring-beans-6.1.14.jar!/:6.1.14]
	at org.springframework.beans.factory.support.AbstractAutowireCapableBeanFactory.doCreateBean(AbstractAutowireCapableBeanFactory.java:562) ~[spring-beans-6.1.14.jar!/:6.1.14]
	at org.springframework.beans.factory.support.AbstractAutowireCapableBeanFactory.createBean(AbstractAutowireCapableBeanFactory.java:522) ~[spring-beans-6.1.14.jar!/:6.1.14]
	at org.springframework.beans.factory.support.AbstractBeanFactory.lambda$doGetBean$0(AbstractBeanFactory.java:337) ~[spring-beans-6.1.14.jar!/:6.1.14]
	at org.springframework.beans.factory.support.DefaultSingletonBeanRegistry.getSingleton(DefaultSingletonBeanRegistry.java:234) ~[spring-beans-6.1.14.jar!/:6.1.14]
	at org.springframework.beans.factory.support.AbstractBeanFactory.doGetBean(AbstractBeanFactory.java:335) ~[spring-beans-6.1.14.jar!/:6.1.14]
	at org.springframework.beans.factory.support.AbstractBeanFactory.getBean(AbstractBeanFactory.java:200) ~[spring-beans-6.1.14.jar!/:6.1.14]
	at org.springframework.beans.factory.support.BeanDefinitionValueResolver.resolveReference(BeanDefinitionValueResolver.java:365) ~[spring-beans-6.1.14.jar!/:6.1.14]
	at org.springframework.beans.factory.support.BeanDefinitionValueResolver.resolveValueIfNecessary(BeanDefinitionValueResolver.java:135) ~[spring-beans-6.1.14.jar!/:6.1.14]
	at org.springframework.beans.factory.support.AbstractAutowireCapableBeanFactory.applyPropertyValues(AbstractAutowireCapableBeanFactory.java:1705) ~[spring-beans-6.1.14.jar!/:6.1.14]
	at org.springframework.beans.factory.support.AbstractAutowireCapableBeanFactory.populateBean(AbstractAutowireCapableBeanFactory.java:1454) ~[spring-beans-6.1.14.jar!/:6.1.14]
	at org.springframework.beans.factory.support.AbstractAutowireCapableBeanFactory.doCreateBean(AbstractAutowireCapableBeanFactory.java:599) ~[spring-beans-6.1.14.jar!/:6.1.14]
	at org.springframework.beans.factory.support.AbstractAutowireCapableBeanFactory.createBean(AbstractAutowireCapableBeanFactory.java:522) ~[spring-beans-6.1.14.jar!/:6.1.14]
	at org.springframework.beans.factory.support.AbstractBeanFactory.lambda$doGetBean$0(AbstractBeanFactory.java:337) ~[spring-beans-6.1.14.jar!/:6.1.14]
	at org.springframework.beans.factory.support.DefaultSingletonBeanRegistry.getSingleton(DefaultSingletonBeanRegistry.java:234) ~[spring-beans-6.1.14.jar!/:6.1.14]
	at org.springframework.beans.factory.support.AbstractBeanFactory.doGetBean(AbstractBeanFactory.java:335) ~[spring-beans-6.1.14.jar!/:6.1.14]
	at org.springframework.beans.factory.support.AbstractBeanFactory.getBean(AbstractBeanFactory.java:200) ~[spring-beans-6.1.14.jar!/:6.1.14]
	at org.springframework.beans.factory.config.DependencyDescriptor.resolveCandidate(DependencyDescriptor.java:254) ~[spring-beans-6.1.14.jar!/:6.1.14]
	at org.springframework.beans.factory.support.DefaultListableBeanFactory.doResolveDependency(DefaultListableBeanFactory.java:1443) ~[spring-beans-6.1.14.jar!/:6.1.14]
	at org.springframework.beans.factory.support.DefaultListableBeanFactory.resolveDependency(DefaultListableBeanFactory.java:1353) ~[spring-beans-6.1.14.jar!/:6.1.14]
	at org.springframework.beans.factory.support.ConstructorResolver.resolveAutowiredArgument(ConstructorResolver.java:904) ~[spring-beans-6.1.14.jar!/:6.1.14]
	at org.springframework.beans.factory.support.ConstructorResolver.createArgumentArray(ConstructorResolver.java:782) ~[spring-beans-6.1.14.jar!/:6.1.14]
	at org.springframework.beans.factory.support.ConstructorResolver.autowireConstructor(ConstructorResolver.java:237) ~[spring-beans-6.1.14.jar!/:6.1.14]
	at org.springframework.beans.factory.support.AbstractAutowireCapableBeanFactory.autowireConstructor(AbstractAutowireCapableBeanFactory.java:1375) ~[spring-beans-6.1.14.jar!/:6.1.14]
	at org.springframework.beans.factory.support.AbstractAutowireCapableBeanFactory.createBeanInstance(AbstractAutowireCapableBeanFactory.java:1212) ~[spring-beans-6.1.14.jar!/:6.1.14]
	at org.springframework.beans.factory.support.AbstractAutowireCapableBeanFactory.doCreateBean(AbstractAutowireCapableBeanFactory.java:562) ~[spring-beans-6.1.14.jar!/:6.1.14]
	at org.springframework.beans.factory.support.AbstractAutowireCapableBeanFactory.createBean(AbstractAutowireCapableBeanFactory.java:522) ~[spring-beans-6.1.14.jar!/:6.1.14]
	at org.springframework.beans.factory.support.AbstractBeanFactory.lambda$doGetBean$0(AbstractBeanFactory.java:337) ~[spring-beans-6.1.14.jar!/:6.1.14]
	at org.springframework.beans.factory.support.DefaultSingletonBeanRegistry.getSingleton(DefaultSingletonBeanRegistry.java:234) ~[spring-beans-6.1.14.jar!/:6.1.14]
	at org.springframework.beans.factory.support.AbstractBeanFactory.doGetBean(AbstractBeanFactory.java:335) ~[spring-beans-6.1.14.jar!/:6.1.14]
	at org.springframework.beans.factory.support.AbstractBeanFactory.getBean(AbstractBeanFactory.java:205) ~[spring-beans-6.1.14.jar!/:6.1.14]
	at org.springframework.boot.web.servlet.ServletContextInitializerBeans.getOrderedBeansOfType(ServletContextInitializerBeans.java:211) ~[spring-boot-3.3.5.jar!/:3.3.5]
	at org.springframework.boot.web.servlet.ServletContextInitializerBeans.addAsRegistrationBean(ServletContextInitializerBeans.java:174) ~[spring-boot-3.3.5.jar!/:3.3.5]
	at org.springframework.boot.web.servlet.ServletContextInitializerBeans.addAsRegistrationBean(ServletContextInitializerBeans.java:169) ~[spring-boot-3.3.5.jar!/:3.3.5]
	at org.springframework.boot.web.servlet.ServletContextInitializerBeans.addAdaptableBeans(ServletContextInitializerBeans.java:154) ~[spring-boot-3.3.5.jar!/:3.3.5]
	at org.springframework.boot.web.servlet.ServletContextInitializerBeans.<init>(ServletContextInitializerBeans.java:87) ~[spring-boot-3.3.5.jar!/:3.3.5]
	at org.springframework.boot.web.servlet.context.ServletWebServerApplicationContext.getServletContextInitializerBeans(ServletWebServerApplicationContext.java:266) ~[spring-boot-3.3.5.jar!/:3.3.5]
	at org.springframework.boot.web.servlet.context.ServletWebServerApplicationContext.selfInitialize(ServletWebServerApplicationContext.java:240) ~[spring-boot-3.3.5.jar!/:3.3.5]
	at org.springframework.boot.web.embedded.tomcat.TomcatStarter.onStartup(TomcatStarter.java:52) ~[spring-boot-3.3.5.jar!/:3.3.5]
	at org.apache.catalina.core.StandardContext.startInternal(StandardContext.java:4412) ~[tomcat-embed-core-10.1.31.jar!/:na]
	at org.apache.catalina.util.LifecycleBase.start(LifecycleBase.java:164) ~[tomcat-embed-core-10.1.31.jar!/:na]
	at org.apache.catalina.core.ContainerBase$StartChild.call(ContainerBase.java:1203) ~[tomcat-embed-core-10.1.31.jar!/:na]
	at org.apache.catalina.core.ContainerBase$StartChild.call(ContainerBase.java:1193) ~[tomcat-embed-core-10.1.31.jar!/:na]
	at java.base/java.util.concurrent.FutureTask.run(FutureTask.java:317) ~[na:na]
	at org.apache.tomcat.util.threads.InlineExecutorService.execute(InlineExecutorService.java:75) ~[tomcat-embed-core-10.1.31.jar!/:na]
	at java.base/java.util.concurrent.AbstractExecutorService.submit(AbstractExecutorService.java:145) ~[na:na]
	at org.apache.catalina.core.ContainerBase.startInternal(ContainerBase.java:749) ~[tomcat-embed-core-10.1.31.jar!/:na]
	at org.apache.catalina.core.StandardHost.startInternal(StandardHost.java:772) ~[tomcat-embed-core-10.1.31.jar!/:na]
	at org.apache.catalina.util.LifecycleBase.start(LifecycleBase.java:164) ~[tomcat-embed-core-10.1.31.jar!/:na]
	at org.apache.catalina.core.ContainerBase$StartChild.call(ContainerBase.java:1203) ~[tomcat-embed-core-10.1.31.jar!/:na]
	at org.apache.catalina.core.ContainerBase$StartChild.call(ContainerBase.java:1193) ~[tomcat-embed-core-10.1.31.jar!/:na]
	at java.base/java.util.concurrent.FutureTask.run(FutureTask.java:317) ~[na:na]
	at org.apache.tomcat.util.threads.InlineExecutorService.execute(InlineExecutorService.java:75) ~[tomcat-embed-core-10.1.31.jar!/:na]
	at java.base/java.util.concurrent.AbstractExecutorService.submit(AbstractExecutorService.java:145) ~[na:na]
	at org.apache.catalina.core.ContainerBase.startInternal(ContainerBase.java:749) ~[tomcat-embed-core-10.1.31.jar!/:na]
	at org.apache.catalina.core.StandardEngine.startInternal(StandardEngine.java:203) ~[tomcat-embed-core-10.1.31.jar!/:na]
	at org.apache.catalina.util.LifecycleBase.start(LifecycleBase.java:164) ~[tomcat-embed-core-10.1.31.jar!/:na]
	at org.apache.catalina.core.StandardService.startInternal(StandardService.java:415) ~[tomcat-embed-core-10.1.31.jar!/:na]
	at org.apache.catalina.util.LifecycleBase.start(LifecycleBase.java:164) ~[tomcat-embed-core-10.1.31.jar!/:na]
	at org.apache.catalina.core.StandardServer.startInternal(StandardServer.java:870) ~[tomcat-embed-core-10.1.31.jar!/:na]
	at org.apache.catalina.util.LifecycleBase.start(LifecycleBase.java:164) ~[tomcat-embed-core-10.1.31.jar!/:na]
	at org.apache.catalina.startup.Tomcat.start(Tomcat.java:437) ~[tomcat-embed-core-10.1.31.jar!/:na]
	at org.springframework.boot.web.embedded.tomcat.TomcatWebServer.initialize(TomcatWebServer.java:128) ~[spring-boot-3.3.5.jar!/:3.3.5]
	at org.springframework.boot.web.embedded.tomcat.TomcatWebServer.<init>(TomcatWebServer.java:107) ~[spring-boot-3.3.5.jar!/:3.3.5]
	at org.springframework.boot.web.embedded.tomcat.TomcatServletWebServerFactory.getTomcatWebServer(TomcatServletWebServerFactory.java:516) ~[spring-boot-3.3.5.jar!/:3.3.5]
	at org.springframework.boot.web.embedded.tomcat.TomcatServletWebServerFactory.getWebServer(TomcatServletWebServerFactory.java:222) ~[spring-boot-3.3.5.jar!/:3.3.5]
	at org.springframework.boot.web.servlet.context.ServletWebServerApplicationContext.createWebServer(ServletWebServerApplicationContext.java:188) ~[spring-boot-3.3.5.jar!/:3.3.5]
	at org.springframework.boot.web.servlet.context.ServletWebServerApplicationContext.onRefresh(ServletWebServerApplicationContext.java:162) ~[spring-boot-3.3.5.jar!/:3.3.5]
	at org.springframework.context.support.AbstractApplicationContext.refresh(AbstractApplicationContext.java:619) ~[spring-context-6.1.14.jar!/:6.1.14]
	at org.springframework.boot.web.servlet.context.ServletWebServerApplicationContext.refresh(ServletWebServerApplicationContext.java:146) ~[spring-boot-3.3.5.jar!/:3.3.5]
	at org.springframework.boot.SpringApplication.refresh(SpringApplication.java:754) ~[spring-boot-3.3.5.jar!/:3.3.5]
	at org.springframework.boot.SpringApplication.refreshContext(SpringApplication.java:456) ~[spring-boot-3.3.5.jar!/:3.3.5]
	at org.springframework.boot.SpringApplication.run(SpringApplication.java:335) ~[spring-boot-3.3.5.jar!/:3.3.5]
	at org.springframework.boot.SpringApplication.run(SpringApplication.java:1363) ~[spring-boot-3.3.5.jar!/:3.3.5]
	at org.springframework.boot.SpringApplication.run(SpringApplication.java:1352) ~[spring-boot-3.3.5.jar!/:3.3.5]
	at com.rslsolution.speakmateai.SpeakMateAiApplication.main(SpeakMateAiApplication.java:12) ~[!/:0.0.1-SNAPSHOT]
	at java.base/jdk.internal.reflect.DirectMethodHandleAccessor.invoke(DirectMethodHandleAccessor.java:103) ~[na:na]
	at java.base/java.lang.reflect.Method.invoke(Method.java:580) ~[na:na]
	at org.springframework.boot.loader.launch.Launcher.launch(Launcher.java:102) ~[speakmateai-0.0.1-SNAPSHOT.jar:0.0.1-SNAPSHOT]
	at org.springframework.boot.loader.launch.Launcher.launch(Launcher.java:64) ~[speakmateai-0.0.1-SNAPSHOT.jar:0.0.1-SNAPSHOT]
	at org.springframework.boot.loader.launch.JarLauncher.main(JarLauncher.java:40) ~[speakmateai-0.0.1-SNAPSHOT.jar:0.0.1-SNAPSHOT]
Caused by: org.postgresql.util.PSQLException: ERROR: column "user_id" referenced in foreign key constraint does not exist
	at org.postgresql.core.v3.QueryExecutorImpl.receiveErrorResponse(QueryExecutorImpl.java:2733) ~[postgresql-42.7.4.jar!/:42.7.4]
	at org.postgresql.core.v3.QueryExecutorImpl.processResults(QueryExecutorImpl.java:2420) ~[postgresql-42.7.4.jar!/:42.7.4]
	at org.postgresql.core.v3.QueryExecutorImpl.execute(QueryExecutorImpl.java:372) ~[postgresql-42.7.4.jar!/:42.7.4]
	at org.postgresql.jdbc.PgStatement.executeInternal(PgStatement.java:517) ~[postgresql-42.7.4.jar!/:42.7.4]
	at org.postgresql.jdbc.PgStatement.execute(PgStatement.java:434) ~[postgresql-42.7.4.jar!/:42.7.4]
	at org.postgresql.jdbc.PgStatement.executeWithFlags(PgStatement.java:356) ~[postgresql-42.7.4.jar!/:42.7.4]
	at org.postgresql.jdbc.PgStatement.executeCachedSql(PgStatement.java:341) ~[postgresql-42.7.4.jar!/:42.7.4]
	at org.postgresql.jdbc.PgStatement.executeWithFlags(PgStatement.java:317) ~[postgresql-42.7.4.jar!/:42.7.4]
	at org.postgresql.jdbc.PgStatement.execute(PgStatement.java:312) ~[postgresql-42.7.4.jar!/:42.7.4]
	at com.zaxxer.hikari.pool.ProxyStatement.execute(ProxyStatement.java:94) ~[HikariCP-5.1.0.jar!/:na]
	at com.zaxxer.hikari.pool.HikariProxyStatement.execute(HikariProxyStatement.java) ~[HikariCP-5.1.0.jar!/:na]
	at org.hibernate.tool.schema.internal.exec.GenerationTargetToDatabase.accept(GenerationTargetToDatabase.java:80) ~[hibernate-core-6.5.3.Final.jar!/:6.5.3.Final]
	... 113 common frames omitted

Hibernate: 
    alter table if exists teachers 
       add constraint FKpavufmal5lbtc60csriy8sx3 
       foreign key (id) 
       references users
2026-08-24T17:17:41.901+05:30  WARN 14684 --- [SpeakMateAI] [           main] o.h.t.s.i.ExceptionHandlerLoggedImpl     : GenerationTarget encountered exception accepting command : Error executing DDL "
    alter table if exists teachers 
       add constraint FKpavufmal5lbtc60csriy8sx3 
       foreign key (id) 
       references users" via JDBC [ERROR: insert or update on table "teachers" violates foreign key constraint "fkpavufmal5lbtc60csriy8sx3"
  Detail: Key (id)=(1) is not present in table "users".]

org.hibernate.tool.schema.spi.CommandAcceptanceException: Error executing DDL "
    alter table if exists teachers 
       add constraint FKpavufmal5lbtc60csriy8sx3 
       foreign key (id) 
       references users" via JDBC [ERROR: insert or update on table "teachers" violates foreign key constraint "fkpavufmal5lbtc60csriy8sx3"
  Detail: Key (id)=(1) is not present in table "users".]
	at org.hibernate.tool.schema.internal.exec.GenerationTargetToDatabase.accept(GenerationTargetToDatabase.java:94) ~[hibernate-core-6.5.3.Final.jar!/:6.5.3.Final]
	at org.hibernate.tool.schema.internal.AbstractSchemaMigrator.applySqlString(AbstractSchemaMigrator.java:583) ~[hibernate-core-6.5.3.Final.jar!/:6.5.3.Final]
	at org.hibernate.tool.schema.internal.AbstractSchemaMigrator.applySqlStrings(AbstractSchemaMigrator.java:523) ~[hibernate-core-6.5.3.Final.jar!/:6.5.3.Final]
	at org.hibernate.tool.schema.internal.AbstractSchemaMigrator.applyForeignKeys(AbstractSchemaMigrator.java:455) ~[hibernate-core-6.5.3.Final.jar!/:6.5.3.Final]
	at org.hibernate.tool.schema.internal.AbstractSchemaMigrator.performMigration(AbstractSchemaMigrator.java:276) ~[hibernate-core-6.5.3.Final.jar!/:6.5.3.Final]
	at org.hibernate.tool.schema.internal.AbstractSchemaMigrator.doMigration(AbstractSchemaMigrator.java:119) ~[hibernate-core-6.5.3.Final.jar!/:6.5.3.Final]
	at org.hibernate.tool.schema.spi.SchemaManagementToolCoordinator.performDatabaseAction(SchemaManagementToolCoordinator.java:280) ~[hibernate-core-6.5.3.Final.jar!/:6.5.3.Final]
	at org.hibernate.tool.schema.spi.SchemaManagementToolCoordinator.lambda$process$5(SchemaManagementToolCoordinator.java:144) ~[hibernate-core-6.5.3.Final.jar!/:6.5.3.Final]
	at java.base/java.util.HashMap.forEach(HashMap.java:1429) ~[na:na]
	at org.hibernate.tool.schema.spi.SchemaManagementToolCoordinator.process(SchemaManagementToolCoordinator.java:141) ~[hibernate-core-6.5.3.Final.jar!/:6.5.3.Final]
	at org.hibernate.boot.internal.SessionFactoryObserverForSchemaExport.sessionFactoryCreated(SessionFactoryObserverForSchemaExport.java:37) ~[hibernate-core-6.5.3.Final.jar!/:6.5.3.Final]
	at org.hibernate.internal.SessionFactoryObserverChain.sessionFactoryCreated(SessionFactoryObserverChain.java:35) ~[hibernate-core-6.5.3.Final.jar!/:6.5.3.Final]
	at org.hibernate.internal.SessionFactoryImpl.<init>(SessionFactoryImpl.java:322) ~[hibernate-core-6.5.3.Final.jar!/:6.5.3.Final]
	at org.hibernate.boot.internal.SessionFactoryBuilderImpl.build(SessionFactoryBuilderImpl.java:457) ~[hibernate-core-6.5.3.Final.jar!/:6.5.3.Final]
	at org.hibernate.jpa.boot.internal.EntityManagerFactoryBuilderImpl.build(EntityManagerFactoryBuilderImpl.java:1506) ~[hibernate-core-6.5.3.Final.jar!/:6.5.3.Final]
	at org.springframework.orm.jpa.vendor.SpringHibernateJpaPersistenceProvider.createContainerEntityManagerFactory(SpringHibernateJpaPersistenceProvider.java:75) ~[spring-orm-6.1.14.jar!/:6.1.14]
	at org.springframework.orm.jpa.LocalContainerEntityManagerFactoryBean.createNativeEntityManagerFactory(LocalContainerEntityManagerFactoryBean.java:390) ~[spring-orm-6.1.14.jar!/:6.1.14]
	at org.springframework.orm.jpa.AbstractEntityManagerFactoryBean.buildNativeEntityManagerFactory(AbstractEntityManagerFactoryBean.java:409) ~[spring-orm-6.1.14.jar!/:6.1.14]
	at org.springframework.orm.jpa.AbstractEntityManagerFactoryBean.afterPropertiesSet(AbstractEntityManagerFactoryBean.java:396) ~[spring-orm-6.1.14.jar!/:6.1.14]
	at org.springframework.orm.jpa.LocalContainerEntityManagerFactoryBean.afterPropertiesSet(LocalContainerEntityManagerFactoryBean.java:366) ~[spring-orm-6.1.14.jar!/:6.1.14]
	at org.springframework.beans.factory.support.AbstractAutowireCapableBeanFactory.invokeInitMethods(AbstractAutowireCapableBeanFactory.java:1853) ~[spring-beans-6.1.14.jar!/:6.1.14]
	at org.springframework.beans.factory.support.AbstractAutowireCapableBeanFactory.initializeBean(AbstractAutowireCapableBeanFactory.java:1802) ~[spring-beans-6.1.14.jar!/:6.1.14]
	at org.springframework.beans.factory.support.AbstractAutowireCapableBeanFactory.doCreateBean(AbstractAutowireCapableBeanFactory.java:600) ~[spring-beans-6.1.14.jar!/:6.1.14]
	at org.springframework.beans.factory.support.AbstractAutowireCapableBeanFactory.createBean(AbstractAutowireCapableBeanFactory.java:522) ~[spring-beans-6.1.14.jar!/:6.1.14]
	at org.springframework.beans.factory.support.AbstractBeanFactory.lambda$doGetBean$0(AbstractBeanFactory.java:337) ~[spring-beans-6.1.14.jar!/:6.1.14]
	at org.springframework.beans.factory.support.DefaultSingletonBeanRegistry.getSingleton(DefaultSingletonBeanRegistry.java:234) ~[spring-beans-6.1.14.jar!/:6.1.14]
	at org.springframework.beans.factory.support.AbstractBeanFactory.doGetBean(AbstractBeanFactory.java:335) ~[spring-beans-6.1.14.jar!/:6.1.14]
	at org.springframework.beans.factory.support.AbstractBeanFactory.getBean(AbstractBeanFactory.java:200) ~[spring-beans-6.1.14.jar!/:6.1.14]
	at org.springframework.beans.factory.support.BeanDefinitionValueResolver.resolveReference(BeanDefinitionValueResolver.java:365) ~[spring-beans-6.1.14.jar!/:6.1.14]
	at org.springframework.beans.factory.support.BeanDefinitionValueResolver.resolveValueIfNecessary(BeanDefinitionValueResolver.java:135) ~[spring-beans-6.1.14.jar!/:6.1.14]
	at org.springframework.beans.factory.support.ConstructorResolver.resolveConstructorArguments(ConstructorResolver.java:682) ~[spring-beans-6.1.14.jar!/:6.1.14]
	at org.springframework.beans.factory.support.ConstructorResolver.instantiateUsingFactoryMethod(ConstructorResolver.java:509) ~[spring-beans-6.1.14.jar!/:6.1.14]
	at org.springframework.beans.factory.support.AbstractAutowireCapableBeanFactory.instantiateUsingFactoryMethod(AbstractAutowireCapableBeanFactory.java:1355) ~[spring-beans-6.1.14.jar!/:6.1.14]
	at org.springframework.beans.factory.support.AbstractAutowireCapableBeanFactory.createBeanInstance(AbstractAutowireCapableBeanFactory.java:1185) ~[spring-beans-6.1.14.jar!/:6.1.14]
	at org.springframework.beans.factory.support.AbstractAutowireCapableBeanFactory.doCreateBean(AbstractAutowireCapableBeanFactory.java:562) ~[spring-beans-6.1.14.jar!/:6.1.14]
	at org.springframework.beans.factory.support.AbstractAutowireCapableBeanFactory.createBean(AbstractAutowireCapableBeanFactory.java:522) ~[spring-beans-6.1.14.jar!/:6.1.14]
	at org.springframework.beans.factory.support.AbstractBeanFactory.lambda$doGetBean$0(AbstractBeanFactory.java:337) ~[spring-beans-6.1.14.jar!/:6.1.14]
	at org.springframework.beans.factory.support.DefaultSingletonBeanRegistry.getSingleton(DefaultSingletonBeanRegistry.java:234) ~[spring-beans-6.1.14.jar!/:6.1.14]
	at org.springframework.beans.factory.support.AbstractBeanFactory.doGetBean(AbstractBeanFactory.java:335) ~[spring-beans-6.1.14.jar!/:6.1.14]
	at org.springframework.beans.factory.support.AbstractBeanFactory.getBean(AbstractBeanFactory.java:200) ~[spring-beans-6.1.14.jar!/:6.1.14]
	at org.springframework.beans.factory.support.BeanDefinitionValueResolver.resolveReference(BeanDefinitionValueResolver.java:365) ~[spring-beans-6.1.14.jar!/:6.1.14]
	at org.springframework.beans.factory.support.BeanDefinitionValueResolver.resolveValueIfNecessary(BeanDefinitionValueResolver.java:135) ~[spring-beans-6.1.14.jar!/:6.1.14]
	at org.springframework.beans.factory.support.AbstractAutowireCapableBeanFactory.applyPropertyValues(AbstractAutowireCapableBeanFactory.java:1705) ~[spring-beans-6.1.14.jar!/:6.1.14]
	at org.springframework.beans.factory.support.AbstractAutowireCapableBeanFactory.populateBean(AbstractAutowireCapableBeanFactory.java:1454) ~[spring-beans-6.1.14.jar!/:6.1.14]
	at org.springframework.beans.factory.support.AbstractAutowireCapableBeanFactory.doCreateBean(AbstractAutowireCapableBeanFactory.java:599) ~[spring-beans-6.1.14.jar!/:6.1.14]
	at org.springframework.beans.factory.support.AbstractAutowireCapableBeanFactory.createBean(AbstractAutowireCapableBeanFactory.java:522) ~[spring-beans-6.1.14.jar!/:6.1.14]
	at org.springframework.beans.factory.support.AbstractBeanFactory.lambda$doGetBean$0(AbstractBeanFactory.java:337) ~[spring-beans-6.1.14.jar!/:6.1.14]
	at org.springframework.beans.factory.support.DefaultSingletonBeanRegistry.getSingleton(DefaultSingletonBeanRegistry.java:234) ~[spring-beans-6.1.14.jar!/:6.1.14]
	at org.springframework.beans.factory.support.AbstractBeanFactory.doGetBean(AbstractBeanFactory.java:335) ~[spring-beans-6.1.14.jar!/:6.1.14]
	at org.springframework.beans.factory.support.AbstractBeanFactory.getBean(AbstractBeanFactory.java:200) ~[spring-beans-6.1.14.jar!/:6.1.14]
	at org.springframework.beans.factory.config.DependencyDescriptor.resolveCandidate(DependencyDescriptor.java:254) ~[spring-beans-6.1.14.jar!/:6.1.14]
	at org.springframework.beans.factory.support.DefaultListableBeanFactory.doResolveDependency(DefaultListableBeanFactory.java:1443) ~[spring-beans-6.1.14.jar!/:6.1.14]
	at org.springframework.beans.factory.support.DefaultListableBeanFactory.resolveDependency(DefaultListableBeanFactory.java:1353) ~[spring-beans-6.1.14.jar!/:6.1.14]
	at org.springframework.beans.factory.support.ConstructorResolver.resolveAutowiredArgument(ConstructorResolver.java:904) ~[spring-beans-6.1.14.jar!/:6.1.14]
	at org.springframework.beans.factory.support.ConstructorResolver.createArgumentArray(ConstructorResolver.java:782) ~[spring-beans-6.1.14.jar!/:6.1.14]
	at org.springframework.beans.factory.support.ConstructorResolver.autowireConstructor(ConstructorResolver.java:237) ~[spring-beans-6.1.14.jar!/:6.1.14]
	at org.springframework.beans.factory.support.AbstractAutowireCapableBeanFactory.autowireConstructor(AbstractAutowireCapableBeanFactory.java:1375) ~[spring-beans-6.1.14.jar!/:6.1.14]
	at org.springframework.beans.factory.support.AbstractAutowireCapableBeanFactory.createBeanInstance(AbstractAutowireCapableBeanFactory.java:1212) ~[spring-beans-6.1.14.jar!/:6.1.14]
	at org.springframework.beans.factory.support.AbstractAutowireCapableBeanFactory.doCreateBean(AbstractAutowireCapableBeanFactory.java:562) ~[spring-beans-6.1.14.jar!/:6.1.14]
	at org.springframework.beans.factory.support.AbstractAutowireCapableBeanFactory.createBean(AbstractAutowireCapableBeanFactory.java:522) ~[spring-beans-6.1.14.jar!/:6.1.14]
	at org.springframework.beans.factory.support.AbstractBeanFactory.lambda$doGetBean$0(AbstractBeanFactory.java:337) ~[spring-beans-6.1.14.jar!/:6.1.14]
	at org.springframework.beans.factory.support.DefaultSingletonBeanRegistry.getSingleton(DefaultSingletonBeanRegistry.java:234) ~[spring-beans-6.1.14.jar!/:6.1.14]
	at org.springframework.beans.factory.support.AbstractBeanFactory.doGetBean(AbstractBeanFactory.java:335) ~[spring-beans-6.1.14.jar!/:6.1.14]
	at org.springframework.beans.factory.support.AbstractBeanFactory.getBean(AbstractBeanFactory.java:205) ~[spring-beans-6.1.14.jar!/:6.1.14]
	at org.springframework.boot.web.servlet.ServletContextInitializerBeans.getOrderedBeansOfType(ServletContextInitializerBeans.java:211) ~[spring-boot-3.3.5.jar!/:3.3.5]
	at org.springframework.boot.web.servlet.ServletContextInitializerBeans.addAsRegistrationBean(ServletContextInitializerBeans.java:174) ~[spring-boot-3.3.5.jar!/:3.3.5]
	at org.springframework.boot.web.servlet.ServletContextInitializerBeans.addAsRegistrationBean(ServletContextInitializerBeans.java:169) ~[spring-boot-3.3.5.jar!/:3.3.5]
	at org.springframework.boot.web.servlet.ServletContextInitializerBeans.addAdaptableBeans(ServletContextInitializerBeans.java:154) ~[spring-boot-3.3.5.jar!/:3.3.5]
	at org.springframework.boot.web.servlet.ServletContextInitializerBeans.<init>(ServletContextInitializerBeans.java:87) ~[spring-boot-3.3.5.jar!/:3.3.5]
	at org.springframework.boot.web.servlet.context.ServletWebServerApplicationContext.getServletContextInitializerBeans(ServletWebServerApplicationContext.java:266) ~[spring-boot-3.3.5.jar!/:3.3.5]
	at org.springframework.boot.web.servlet.context.ServletWebServerApplicationContext.selfInitialize(ServletWebServerApplicationContext.java:240) ~[spring-boot-3.3.5.jar!/:3.3.5]
	at org.springframework.boot.web.embedded.tomcat.TomcatStarter.onStartup(TomcatStarter.java:52) ~[spring-boot-3.3.5.jar!/:3.3.5]
	at org.apache.catalina.core.StandardContext.startInternal(StandardContext.java:4412) ~[tomcat-embed-core-10.1.31.jar!/:na]
	at org.apache.catalina.util.LifecycleBase.start(LifecycleBase.java:164) ~[tomcat-embed-core-10.1.31.jar!/:na]
	at org.apache.catalina.core.ContainerBase$StartChild.call(ContainerBase.java:1203) ~[tomcat-embed-core-10.1.31.jar!/:na]
	at org.apache.catalina.core.ContainerBase$StartChild.call(ContainerBase.java:1193) ~[tomcat-embed-core-10.1.31.jar!/:na]
	at java.base/java.util.concurrent.FutureTask.run(FutureTask.java:317) ~[na:na]
	at org.apache.tomcat.util.threads.InlineExecutorService.execute(InlineExecutorService.java:75) ~[tomcat-embed-core-10.1.31.jar!/:na]
	at java.base/java.util.concurrent.AbstractExecutorService.submit(AbstractExecutorService.java:145) ~[na:na]
	at org.apache.catalina.core.ContainerBase.startInternal(ContainerBase.java:749) ~[tomcat-embed-core-10.1.31.jar!/:na]
	at org.apache.catalina.core.StandardHost.startInternal(StandardHost.java:772) ~[tomcat-embed-core-10.1.31.jar!/:na]
	at org.apache.catalina.util.LifecycleBase.start(LifecycleBase.java:164) ~[tomcat-embed-core-10.1.31.jar!/:na]
	at org.apache.catalina.core.ContainerBase$StartChild.call(ContainerBase.java:1203) ~[tomcat-embed-core-10.1.31.jar!/:na]
	at org.apache.catalina.core.ContainerBase$StartChild.call(ContainerBase.java:1193) ~[tomcat-embed-core-10.1.31.jar!/:na]
	at java.base/java.util.concurrent.FutureTask.run(FutureTask.java:317) ~[na:na]
	at org.apache.tomcat.util.threads.InlineExecutorService.execute(InlineExecutorService.java:75) ~[tomcat-embed-core-10.1.31.jar!/:na]
	at java.base/java.util.concurrent.AbstractExecutorService.submit(AbstractExecutorService.java:145) ~[na:na]
	at org.apache.catalina.core.ContainerBase.startInternal(ContainerBase.java:749) ~[tomcat-embed-core-10.1.31.jar!/:na]
	at org.apache.catalina.core.StandardEngine.startInternal(StandardEngine.java:203) ~[tomcat-embed-core-10.1.31.jar!/:na]
	at org.apache.catalina.util.LifecycleBase.start(LifecycleBase.java:164) ~[tomcat-embed-core-10.1.31.jar!/:na]
	at org.apache.catalina.core.StandardService.startInternal(StandardService.java:415) ~[tomcat-embed-core-10.1.31.jar!/:na]
	at org.apache.catalina.util.LifecycleBase.start(LifecycleBase.java:164) ~[tomcat-embed-core-10.1.31.jar!/:na]
	at org.apache.catalina.core.StandardServer.startInternal(StandardServer.java:870) ~[tomcat-embed-core-10.1.31.jar!/:na]
	at org.apache.catalina.util.LifecycleBase.start(LifecycleBase.java:164) ~[tomcat-embed-core-10.1.31.jar!/:na]
	at org.apache.catalina.startup.Tomcat.start(Tomcat.java:437) ~[tomcat-embed-core-10.1.31.jar!/:na]
	at org.springframework.boot.web.embedded.tomcat.TomcatWebServer.initialize(TomcatWebServer.java:128) ~[spring-boot-3.3.5.jar!/:3.3.5]
	at org.springframework.boot.web.embedded.tomcat.TomcatWebServer.<init>(TomcatWebServer.java:107) ~[spring-boot-3.3.5.jar!/:3.3.5]
	at org.springframework.boot.web.embedded.tomcat.TomcatServletWebServerFactory.getTomcatWebServer(TomcatServletWebServerFactory.java:516) ~[spring-boot-3.3.5.jar!/:3.3.5]
	at org.springframework.boot.web.embedded.tomcat.TomcatServletWebServerFactory.getWebServer(TomcatServletWebServerFactory.java:222) ~[spring-boot-3.3.5.jar!/:3.3.5]
	at org.springframework.boot.web.servlet.context.ServletWebServerApplicationContext.createWebServer(ServletWebServerApplicationContext.java:188) ~[spring-boot-3.3.5.jar!/:3.3.5]
	at org.springframework.boot.web.servlet.context.ServletWebServerApplicationContext.onRefresh(ServletWebServerApplicationContext.java:162) ~[spring-boot-3.3.5.jar!/:3.3.5]
	at org.springframework.context.support.AbstractApplicationContext.refresh(AbstractApplicationContext.java:619) ~[spring-context-6.1.14.jar!/:6.1.14]
	at org.springframework.boot.web.servlet.context.ServletWebServerApplicationContext.refresh(ServletWebServerApplicationContext.java:146) ~[spring-boot-3.3.5.jar!/:3.3.5]
	at org.springframework.boot.SpringApplication.refresh(SpringApplication.java:754) ~[spring-boot-3.3.5.jar!/:3.3.5]
	at org.springframework.boot.SpringApplication.refreshContext(SpringApplication.java:456) ~[spring-boot-3.3.5.jar!/:3.3.5]
	at org.springframework.boot.SpringApplication.run(SpringApplication.java:335) ~[spring-boot-3.3.5.jar!/:3.3.5]
	at org.springframework.boot.SpringApplication.run(SpringApplication.java:1363) ~[spring-boot-3.3.5.jar!/:3.3.5]
	at org.springframework.boot.SpringApplication.run(SpringApplication.java:1352) ~[spring-boot-3.3.5.jar!/:3.3.5]
	at com.rslsolution.speakmateai.SpeakMateAiApplication.main(SpeakMateAiApplication.java:12) ~[!/:0.0.1-SNAPSHOT]
	at java.base/jdk.internal.reflect.DirectMethodHandleAccessor.invoke(DirectMethodHandleAccessor.java:103) ~[na:na]
	at java.base/java.lang.reflect.Method.invoke(Method.java:580) ~[na:na]
	at org.springframework.boot.loader.launch.Launcher.launch(Launcher.java:102) ~[speakmateai-0.0.1-SNAPSHOT.jar:0.0.1-SNAPSHOT]
	at org.springframework.boot.loader.launch.Launcher.launch(Launcher.java:64) ~[speakmateai-0.0.1-SNAPSHOT.jar:0.0.1-SNAPSHOT]
	at org.springframework.boot.loader.launch.JarLauncher.main(JarLauncher.java:40) ~[speakmateai-0.0.1-SNAPSHOT.jar:0.0.1-SNAPSHOT]
Caused by: org.postgresql.util.PSQLException: ERROR: insert or update on table "teachers" violates foreign key constraint "fkpavufmal5lbtc60csriy8sx3"
  Detail: Key (id)=(1) is not present in table "users".
	at org.postgresql.core.v3.QueryExecutorImpl.receiveErrorResponse(QueryExecutorImpl.java:2733) ~[postgresql-42.7.4.jar!/:42.7.4]
	at org.postgresql.core.v3.QueryExecutorImpl.processResults(QueryExecutorImpl.java:2420) ~[postgresql-42.7.4.jar!/:42.7.4]
	at org.postgresql.core.v3.QueryExecutorImpl.execute(QueryExecutorImpl.java:372) ~[postgresql-42.7.4.jar!/:42.7.4]
	at org.postgresql.jdbc.PgStatement.executeInternal(PgStatement.java:517) ~[postgresql-42.7.4.jar!/:42.7.4]
	at org.postgresql.jdbc.PgStatement.execute(PgStatement.java:434) ~[postgresql-42.7.4.jar!/:42.7.4]
	at org.postgresql.jdbc.PgStatement.executeWithFlags(PgStatement.java:356) ~[postgresql-42.7.4.jar!/:42.7.4]
	at org.postgresql.jdbc.PgStatement.executeCachedSql(PgStatement.java:341) ~[postgresql-42.7.4.jar!/:42.7.4]
	at org.postgresql.jdbc.PgStatement.executeWithFlags(PgStatement.java:317) ~[postgresql-42.7.4.jar!/:42.7.4]
	at org.postgresql.jdbc.PgStatement.execute(PgStatement.java:312) ~[postgresql-42.7.4.jar!/:42.7.4]
	at com.zaxxer.hikari.pool.ProxyStatement.execute(ProxyStatement.java:94) ~[HikariCP-5.1.0.jar!/:na]
	at com.zaxxer.hikari.pool.HikariProxyStatement.execute(HikariProxyStatement.java) ~[HikariCP-5.1.0.jar!/:na]
	at org.hibernate.tool.schema.internal.exec.GenerationTargetToDatabase.accept(GenerationTargetToDatabase.java:80) ~[hibernate-core-6.5.3.Final.jar!/:6.5.3.Final]
	... 113 common frames omitted

2026-08-24T17:17:42.807+05:30  INFO 14684 --- [SpeakMateAI] [           main] j.LocalContainerEntityManagerFactoryBean : Initialized JPA EntityManagerFactory for persistence unit 'default'
2026-08-24T17:17:43.723+05:30  INFO 14684 --- [SpeakMateAI] [           main] o.s.d.j.r.query.QueryEnhancerFactory     : Hibernate is in classpath; If applicable, HQL parser will be used.
2026-08-24T17:17:48.054+05:30  WARN 14684 --- [SpeakMateAI] [           main] JpaBaseConfiguration$JpaWebConfiguration : spring.jpa.open-in-view is enabled by default. Therefore, database queries may be performed during view rendering. Explicitly configure spring.jpa.open-in-view to disable this warning
2026-08-24T17:17:48.166+05:30  INFO 14684 --- [SpeakMateAI] [           main] r$InitializeUserDetailsManagerConfigurer : Global AuthenticationManager configured with UserDetailsService bean with name customUserDetailsService
2026-08-24T17:17:50.009+05:30  INFO 14684 --- [SpeakMateAI] [           main] o.s.b.w.embedded.tomcat.TomcatWebServer  : Tomcat started on port 9091 (http) with context path '/'
2026-08-24T17:17:50.041+05:30  INFO 14684 --- [SpeakMateAI] [           main] c.r.speakmateai.SpeakMateAiApplication   : Started SpeakMateAiApplication in 44.335 seconds (process running for 46.793)
[Admin Data Seeder] Successfully synchronized database sequences.
Hibernate: 
    select
        a1_0.id,
        a1_0.created_at,
        a1_0.department,
        a1_0.designation,
        a1_0.email,
        a1_0.email_notifications,
        a1_0.full_name,
        a1_0.language,
        a1_0.last_login,
        a1_0.location,
        a1_0.notifications_enabled,
        a1_0.password,
        a1_0.phone,
        a1_0.profile_image,
        a1_0.reset_otp,
        a1_0.reset_otp_expiry,
        a1_0.reset_password_token,
        a1_0.reset_password_token_expiry,
        a1_0.role,
        a1_0.session_timeout,
        a1_0.sidebar_collapsed,
        a1_0.status,
        a1_0.system_notifications,
        a1_0.theme,
        a1_0.two_factor_enabled,
        a1_0.updated_at 
    from
        admins a1_0 
    where
        a1_0.email=?
[Admin Data Seeder] Super Admin account already exists in AdminRepository. Skipping seeding.
Hibernate: 
    select
        u1_0.id,
        case 
            when u1_1.user_id is not null 
                then 1 
            when u1_2.id is not null 
                then 2 
            when u1_0.id is not null 
                then 0 
        end,
        u1_0.active,
        u1_0.age_group,
        u1_0.auth_provider,
        u1_0.avatar,
        u1_0.created_at,
        u1_0.daily_goal_minutes,
        u1_0.division,
        u1_0.email,
        u1_0.email_verification_token,
        u1_0.email_verified,
        u1_0.english_level,
        u1_0.expo_push_token,
        u1_0.first_name,
        u1_0.interests,
        u1_0.last_name,
        u1_0.learning_goal,
        u1_0.native_language,
        u1_0.onboarding_completed,
        u1_0.parent_name,
        u1_0.parent_phone,
        u1_0.password,
        u1_0.phone,
        u1_0.preferred_accent,
        u1_0.preferred_voice,
        u1_0.reset_otp,
        u1_0.reset_otp_expiry,
        u1_0.reset_password_token,
        u1_0.reset_password_token_expiry,
        u1_0.role,
        u1_0.roll_number,
        u1_0.school_id,
        u1_0.school_name,
        u1_0.standard,
        u1_0.status,
        u1_0.updated_at,
        u1_0.user_type,
        u1_0.welcome_completed,
        u1_2.department,
        u1_2.designation,
        u1_2.employee_id,
        u1_2.experience,
        u1_2.joined_at,
        u1_2.qualification 
    from
        users u1_0 
    left join
        school_admins u1_1 
            on u1_0.id=u1_1.user_id 
    left join
        teachers u1_2 
            on u1_0.id=u1_2.id 
    where
        u1_0.email=?
Hibernate: 
    select
        s1_0.id 
    from
        schools s1_0 
    where
        s1_0.name=? 
    fetch
        first ? rows only
Hibernate: 
    select
        s1_0.id,
        s1_0.active,
        s1_0.address,
        s1_0.contact_phone,
        s1_0.created_at,
        s1_0.name,
        s1_0.school_code,
        s1_0.school_name,
        s1_0.updated_at 
    from
        schools s1_0 
    where
        s1_0.name=?
Hibernate: 
    select
        sa1_0.user_id 
    from
        school_admins sa1_0 
    join
        users sa1_1 
            on sa1_0.user_id=sa1_1.id 
    where
        sa1_1.email=? 
    fetch
        first ? rows only
Hibernate: 
    select
        t1_0.id 
    from
        teachers t1_0 
    join
        users t1_1 
            on t1_0.id=t1_1.id 
    where
        t1_1.email=? 
    fetch
        first ? rows only
Hibernate: 
    select
        sp1_0.id,
        sp1_0.ai_practice_limit,
        sp1_0.created_at,
        sp1_0.currency,
        sp1_0.description,
        sp1_0.duration_months,
        sp1_0.features,
        sp1_0.grammar_practice_limit,
        sp1_0.is_active,
        sp1_0.max_lessons,
        sp1_0.max_tests,
        sp1_0.plan_name,
        sp1_0.price,
        sp1_0.speaking_practice_limit,
        sp1_0.updated_at,
        sp1_0.vocabulary_practice_limit 
    from
        subscription_plans sp1_0
Hibernate: 
    select
        sp1_0.id,
        sp1_0.ai_practice_limit,
        sp1_0.created_at,
        sp1_0.currency,
        sp1_0.description,
        sp1_0.duration_months,
        sp1_0.features,
        sp1_0.grammar_practice_limit,
        sp1_0.is_active,
        sp1_0.max_lessons,
        sp1_0.max_tests,
        sp1_0.plan_name,
        sp1_0.price,
        sp1_0.speaking_practice_limit,
        sp1_0.updated_at,
        sp1_0.vocabulary_practice_limit 
    from
        subscription_plans sp1_0
Hibernate: 
    select
        u1_0.id,
        case 
            when u1_1.user_id is not null 
                then 1 
            when u1_2.id is not null 
                then 2 
            when u1_0.id is not null 
                then 0 
        end,
        u1_0.active,
        u1_0.age_group,
        u1_0.auth_provider,
        u1_0.avatar,
        u1_0.created_at,
        u1_0.daily_goal_minutes,
        u1_0.division,
        u1_0.email,
        u1_0.email_verification_token,
        u1_0.email_verified,
        u1_0.english_level,
        u1_0.expo_push_token,
        u1_0.first_name,
        u1_0.interests,
        u1_0.last_name,
        u1_0.learning_goal,
        u1_0.native_language,
        u1_0.onboarding_completed,
        u1_0.parent_name,
        u1_0.parent_phone,
        u1_0.password,
        u1_0.phone,
        u1_0.preferred_accent,
        u1_0.preferred_voice,
        u1_0.reset_otp,
        u1_0.reset_otp_expiry,
        u1_0.reset_password_token,
        u1_0.reset_password_token_expiry,
        u1_0.role,
        u1_0.roll_number,
        u1_0.school_id,
        u1_0.school_name,
        u1_0.standard,
        u1_0.status,
        u1_0.updated_at,
        u1_0.user_type,
        u1_0.welcome_completed,
        u1_2.department,
        u1_2.designation,
        u1_2.employee_id,
        u1_2.experience,
        u1_2.joined_at,
        u1_2.qualification 
    from
        users u1_0 
    left join
        school_admins u1_1 
            on u1_0.id=u1_1.user_id 
    left join
        teachers u1_2 
            on u1_0.id=u1_2.id 
    where
        u1_0.email=?
Hibernate: 
    select
        p1_0.id,
        p1_0.amount,
        p1_0.created_at,
        p1_0.currency,
        p1_0.payment_date,
        p1_0.payment_gateway,
        p1_0.payment_method,
        p1_0.payment_status,
        p1_0.remarks,
        p1_0.subscription_plan_id,
        p1_0.transaction_id,
        p1_0.updated_at,
        p1_0.user_id 
    from
        payments p1_0
Hibernate: 
    select
        count(*) 
    from
        lessons l1_0
Hibernate: 
    select
        count(*) 
    from
        lessons l1_0
2026-08-24T17:18:02.468+05:30  INFO 14684 --- [SpeakMateAI] [0.0-9091-exec-1] o.a.c.c.C.[Tomcat].[localhost].[/]       : Initializing Spring DispatcherServlet 'dispatcherServlet'
2026-08-24T17:18:02.470+05:30  INFO 14684 --- [SpeakMateAI] [0.0-9091-exec-1] o.s.web.servlet.DispatcherServlet        : Initializing Servlet 'dispatcherServlet'
2026-08-24T17:18:02.476+05:30  INFO 14684 --- [SpeakMateAI] [0.0-9091-exec-1] o.s.web.servlet.DispatcherServlet        : Completed initialization in 4 ms
2026-08-24T17:18:02.610+05:30  INFO 14684 --- [SpeakMateAI] [0.0-9091-exec-1] c.r.s.security.RequestLoggingFilter      : [REQUEST LOG] Incoming request: POST /api/auth/school-admin/login
Hibernate: 
    select
        sa1_0.user_id,
        sa1_1.active,
        sa1_1.age_group,
        sa1_1.auth_provider,
        sa1_1.avatar,
        sa1_1.created_at,
        sa1_1.daily_goal_minutes,
        sa1_1.division,
        sa1_1.email,
        sa1_1.email_verification_token,
        sa1_1.email_verified,
        sa1_1.english_level,
        sa1_1.expo_push_token,
        sa1_1.first_name,
        sa1_1.interests,
        sa1_1.last_name,
        sa1_1.learning_goal,
        sa1_1.native_language,
        sa1_1.onboarding_completed,
        sa1_1.parent_name,
        sa1_1.parent_phone,
        sa1_1.password,
        sa1_1.phone,
        sa1_1.preferred_accent,
        sa1_1.preferred_voice,
        sa1_1.reset_otp,
        sa1_1.reset_otp_expiry,
        sa1_1.reset_password_token,
        sa1_1.reset_password_token_expiry,
        sa1_1.role,
        sa1_1.roll_number,
        sa1_1.school_id,
        sa1_1.school_name,
        sa1_1.standard,
        sa1_1.status,
        sa1_1.updated_at,
        sa1_1.user_type,
        sa1_1.welcome_completed 
    from
        school_admins sa1_0 
    join
        users sa1_1 
            on sa1_0.user_id=sa1_1.id 
    where
        sa1_1.email=?
2026-08-24T17:18:06.234+05:30  INFO 14684 --- [SpeakMateAI] [0.0-9091-exec-2] c.r.s.security.RequestLoggingFilter      : [REQUEST LOG] Incoming request: POST /api/auth/school-admin/login
Hibernate: 
    select
        sa1_0.user_id,
        sa1_1.active,
        sa1_1.age_group,
        sa1_1.auth_provider,
        sa1_1.avatar,
        sa1_1.created_at,
        sa1_1.daily_goal_minutes,
        sa1_1.division,
        sa1_1.email,
        sa1_1.email_verification_token,
        sa1_1.email_verified,
        sa1_1.english_level,
        sa1_1.expo_push_token,
        sa1_1.first_name,
        sa1_1.interests,
        sa1_1.last_name,
        sa1_1.learning_goal,
        sa1_1.native_language,
        sa1_1.onboarding_completed,
        sa1_1.parent_name,
        sa1_1.parent_phone,
        sa1_1.password,
        sa1_1.phone,
        sa1_1.preferred_accent,
        sa1_1.preferred_voice,
        sa1_1.reset_otp,
        sa1_1.reset_otp_expiry,
        sa1_1.reset_password_token,
        sa1_1.reset_password_token_expiry,
        sa1_1.role,
        sa1_1.roll_number,
        sa1_1.school_id,
        sa1_1.school_name,
        sa1_1.standard,
        sa1_1.status,
        sa1_1.updated_at,
        sa1_1.user_type,
        sa1_1.welcome_completed 
    from
        school_admins sa1_0 
    join
        users sa1_1 
            on sa1_0.user_id=sa1_1.id 
    where
        sa1_1.email=?
2026-08-24T17:18:07.494+05:30  INFO 14684 --- [SpeakMateAI] [0.0-9091-exec-4] c.r.s.security.RequestLoggingFilter      : [REQUEST LOG] Incoming request: GET /api/v1/school/insights
Hibernate: 
    select
        u1_0.id,
        case 
            when u1_1.user_id is not null 
                then 1 
            when u1_2.id is not null 
                then 2 
            when u1_0.id is not null 
                then 0 
        end,
        u1_0.active,
        u1_0.age_group,
        u1_0.auth_provider,
        u1_0.avatar,
        u1_0.created_at,
        u1_0.daily_goal_minutes,
        u1_0.division,
        u1_0.email,
        u1_0.email_verification_token,
        u1_0.email_verified,
        u1_0.english_level,
        u1_0.expo_push_token,
        u1_0.first_name,
        u1_0.interests,
        u1_0.last_name,
        u1_0.learning_goal,
        u1_0.native_language,
        u1_0.onboarding_completed,
        u1_0.parent_name,
        u1_0.parent_phone,
        u1_0.password,
        u1_0.phone,
        u1_0.preferred_accent,
        u1_0.preferred_voice,
        u1_0.reset_otp,
        u1_0.reset_otp_expiry,
        u1_0.reset_password_token,
        u1_0.reset_password_token_expiry,
        u1_0.role,
        u1_0.roll_number,
        u1_0.school_id,
        u1_0.school_name,
        u1_0.standard,
        u1_0.status,
        u1_0.updated_at,
        u1_0.user_type,
        u1_0.welcome_completed,
        u1_2.department,
        u1_2.designation,
        u1_2.employee_id,
        u1_2.experience,
        u1_2.joined_at,
        u1_2.qualification 
    from
        users u1_0 
    left join
        school_admins u1_1 
            on u1_0.id=u1_1.user_id 
    left join
        teachers u1_2 
            on u1_0.id=u1_2.id 
    where
        u1_0.email=?
Hibernate: 
    select
        u1_0.id,
        case 
            when u1_1.user_id is not null 
                then 1 
            when u1_2.id is not null 
                then 2 
            when u1_0.id is not null 
                then 0 
        end,
        u1_0.active,
        u1_0.age_group,
        u1_0.auth_provider,
        u1_0.avatar,
        u1_0.created_at,
        u1_0.daily_goal_minutes,
        u1_0.division,
        u1_0.email,
        u1_0.email_verification_token,
        u1_0.email_verified,
        u1_0.english_level,
        u1_0.expo_push_token,
        u1_0.first_name,
        u1_0.interests,
        u1_0.last_name,
        u1_0.learning_goal,
        u1_0.native_language,
        u1_0.onboarding_completed,
        u1_0.parent_name,
        u1_0.parent_phone,
        u1_0.password,
        u1_0.phone,
        u1_0.preferred_accent,
        u1_0.preferred_voice,
        u1_0.reset_otp,
        u1_0.reset_otp_expiry,
        u1_0.reset_password_token,
        u1_0.reset_password_token_expiry,
        u1_0.role,
        u1_0.roll_number,
        u1_0.school_id,
        u1_0.school_name,
        u1_0.standard,
        u1_0.status,
        u1_0.updated_at,
        u1_0.user_type,
        u1_0.welcome_completed,
        u1_2.department,
        u1_2.designation,
        u1_2.employee_id,
        u1_2.experience,
        u1_2.joined_at,
        u1_2.qualification 
    from
        users u1_0 
    left join
        school_admins u1_1 
            on u1_0.id=u1_1.user_id 
    left join
        teachers u1_2 
            on u1_0.id=u1_2.id 
    where
        u1_0.email=?
Hibernate: 
    select
        ss1_0.id,
        ss1_0.created_at,
        ss1_0.duration,
        ss1_0.feedback,
        ss1_0.fluency_score,
        ss1_0.grammar_score,
        ss1_0.overall_score,
        ss1_0.pronunciation_score,
        ss1_0.scenario,
        ss1_0.score,
        ss1_0.user_id,
        s1_0.id,
        s1_0.active,
        s1_0.age_group,
        s1_0.auth_provider,
        s1_0.avatar,
        s1_0.created_at,
        s1_0.daily_goal_minutes,
        s1_0.division,
        s1_0.email,
        s1_0.email_verification_token,
        s1_0.email_verified,
        s1_0.english_level,
        s1_0.expo_push_token,
        s1_0.first_name,
        s1_0.interests,
        s1_0.last_name,
        s1_0.learning_goal,
        s1_0.native_language,
        s1_0.onboarding_completed,
        s1_0.parent_name,
        s1_0.parent_phone,
        s1_0.password,
        s1_0.phone,
        s1_0.preferred_accent,
        s1_0.preferred_voice,
        s1_0.reset_otp,
        s1_0.reset_otp_expiry,
        s1_0.reset_password_token,
        s1_0.reset_password_token_expiry,
        s1_0.roll_number,
        s1_0.school_id,
        s1_0.school_name,
        s1_0.standard,
        s1_0.status,
        s1_0.updated_at,
        s1_0.welcome_completed,
        ss1_0.topic,
        ss1_0.transcript,
        ss1_0.vocabulary_score,
        ss1_0.xp_earned 
    from
        speaking_sessions ss1_0 
    join
        students s1_0 
            on s1_0.id=ss1_0.user_id 
    where
        s1_0.school_id=? 
        and ss1_0.created_at>=? 
        and ss1_0.created_at<? 
    order by
        ss1_0.created_at
2026-08-24T17:18:08.971+05:30  INFO 14684 --- [SpeakMateAI] [0.0-9091-exec-3] c.r.s.security.RequestLoggingFilter      : [REQUEST LOG] Incoming request: GET /api/v1/school/insights
Hibernate: 
    select
        u1_0.id,
        case 
            when u1_1.user_id is not null 
                then 1 
            when u1_2.id is not null 
                then 2 
            when u1_0.id is not null 
                then 0 
        end,
        u1_0.active,
        u1_0.age_group,
        u1_0.auth_provider,
        u1_0.avatar,
        u1_0.created_at,
        u1_0.daily_goal_minutes,
        u1_0.division,
        u1_0.email,
        u1_0.email_verification_token,
        u1_0.email_verified,
        u1_0.english_level,
        u1_0.expo_push_token,
        u1_0.first_name,
        u1_0.interests,
        u1_0.last_name,
        u1_0.learning_goal,
        u1_0.native_language,
        u1_0.onboarding_completed,
        u1_0.parent_name,
        u1_0.parent_phone,
        u1_0.password,
        u1_0.phone,
        u1_0.preferred_accent,
        u1_0.preferred_voice,
        u1_0.reset_otp,
        u1_0.reset_otp_expiry,
        u1_0.reset_password_token,
        u1_0.reset_password_token_expiry,
        u1_0.role,
        u1_0.roll_number,
        u1_0.school_id,
        u1_0.school_name,
        u1_0.standard,
        u1_0.status,
        u1_0.updated_at,
        u1_0.user_type,
        u1_0.welcome_completed,
        u1_2.department,
        u1_2.designation,
        u1_2.employee_id,
        u1_2.experience,
        u1_2.joined_at,
        u1_2.qualification 
    from
        users u1_0 
    left join
        school_admins u1_1 
            on u1_0.id=u1_1.user_id 
    left join
        teachers u1_2 
            on u1_0.id=u1_2.id 
    where
        u1_0.email=?
Hibernate: 
    select
        u1_0.id,
        case 
            when u1_1.user_id is not null 
                then 1 
            when u1_2.id is not null 
                then 2 
            when u1_0.id is not null 
                then 0 
        end,
        u1_0.active,
        u1_0.age_group,
        u1_0.auth_provider,
        u1_0.avatar,
        u1_0.created_at,
        u1_0.daily_goal_minutes,
        u1_0.division,
        u1_0.email,
        u1_0.email_verification_token,
        u1_0.email_verified,
        u1_0.english_level,
        u1_0.expo_push_token,
        u1_0.first_name,
        u1_0.interests,
        u1_0.last_name,
        u1_0.learning_goal,
        u1_0.native_language,
        u1_0.onboarding_completed,
        u1_0.parent_name,
        u1_0.parent_phone,
        u1_0.password,
        u1_0.phone,
        u1_0.preferred_accent,
        u1_0.preferred_voice,
        u1_0.reset_otp,
        u1_0.reset_otp_expiry,
        u1_0.reset_password_token,
        u1_0.reset_password_token_expiry,
        u1_0.role,
        u1_0.roll_number,
        u1_0.school_id,
        u1_0.school_name,
        u1_0.standard,
        u1_0.status,
        u1_0.updated_at,
        u1_0.user_type,
        u1_0.welcome_completed,
        u1_2.department,
        u1_2.designation,
        u1_2.employee_id,
        u1_2.experience,
        u1_2.joined_at,
        u1_2.qualification 
    from
        users u1_0 
    left join
        school_admins u1_1 
            on u1_0.id=u1_1.user_id 
    left join
        teachers u1_2 
            on u1_0.id=u1_2.id 
    where
        u1_0.email=?
Hibernate: 
    select
        ss1_0.id,
        ss1_0.created_at,
        ss1_0.duration,
        ss1_0.feedback,
        ss1_0.fluency_score,
        ss1_0.grammar_score,
        ss1_0.overall_score,
        ss1_0.pronunciation_score,
        ss1_0.scenario,
        ss1_0.score,
        ss1_0.user_id,
        s1_0.id,
        s1_0.active,
        s1_0.age_group,
        s1_0.auth_provider,
        s1_0.avatar,
        s1_0.created_at,
        s1_0.daily_goal_minutes,
        s1_0.division,
        s1_0.email,
        s1_0.email_verification_token,
        s1_0.email_verified,
        s1_0.english_level,
        s1_0.expo_push_token,
        s1_0.first_name,
        s1_0.interests,
        s1_0.last_name,
        s1_0.learning_goal,
        s1_0.native_language,
        s1_0.onboarding_completed,
        s1_0.parent_name,
        s1_0.parent_phone,
        s1_0.password,
        s1_0.phone,
        s1_0.preferred_accent,
        s1_0.preferred_voice,
        s1_0.reset_otp,
        s1_0.reset_otp_expiry,
        s1_0.reset_password_token,
        s1_0.reset_password_token_expiry,
        s1_0.roll_number,
        s1_0.school_id,
        s1_0.school_name,
        s1_0.standard,
        s1_0.status,
        s1_0.updated_at,
        s1_0.welcome_completed,
        ss1_0.topic,
        ss1_0.transcript,
        ss1_0.vocabulary_score,
        ss1_0.xp_earned 
    from
        speaking_sessions ss1_0 
    join
        students s1_0 
            on s1_0.id=ss1_0.user_id 
    where
        s1_0.school_id=? 
        and ss1_0.created_at>=? 
        and ss1_0.created_at<? 
    order by
        ss1_0.created_at
2026-08-24T17:18:09.633+05:30  INFO 14684 --- [SpeakMateAI] [0.0-9091-exec-5] c.r.s.security.RequestLoggingFilter      : [REQUEST LOG] Incoming request: GET /api/v1/school/insights
Hibernate: 
    select
        u1_0.id,
        case 
            when u1_1.user_id is not null 
                then 1 
            when u1_2.id is not null 
                then 2 
            when u1_0.id is not null 
                then 0 
        end,
        u1_0.active,
        u1_0.age_group,
        u1_0.auth_provider,
        u1_0.avatar,
        u1_0.created_at,
        u1_0.daily_goal_minutes,
        u1_0.division,
        u1_0.email,
        u1_0.email_verification_token,
        u1_0.email_verified,
        u1_0.english_level,
        u1_0.expo_push_token,
        u1_0.first_name,
        u1_0.interests,
        u1_0.last_name,
        u1_0.learning_goal,
        u1_0.native_language,
        u1_0.onboarding_completed,
        u1_0.parent_name,
        u1_0.parent_phone,
        u1_0.password,
        u1_0.phone,
        u1_0.preferred_accent,
        u1_0.preferred_voice,
        u1_0.reset_otp,
        u1_0.reset_otp_expiry,
        u1_0.reset_password_token,
        u1_0.reset_password_token_expiry,
        u1_0.role,
        u1_0.roll_number,
        u1_0.school_id,
        u1_0.school_name,
        u1_0.standard,
        u1_0.status,
        u1_0.updated_at,
        u1_0.user_type,
        u1_0.welcome_completed,
        u1_2.department,
        u1_2.designation,
        u1_2.employee_id,
        u1_2.experience,
        u1_2.joined_at,
        u1_2.qualification 
    from
        users u1_0 
    left join
        school_admins u1_1 
            on u1_0.id=u1_1.user_id 
    left join
        teachers u1_2 
            on u1_0.id=u1_2.id 
    where
        u1_0.email=?
Hibernate: 
    select
        u1_0.id,
        case 
            when u1_1.user_id is not null 
                then 1 
            when u1_2.id is not null 
                then 2 
            when u1_0.id is not null 
                then 0 
        end,
        u1_0.active,
        u1_0.age_group,
        u1_0.auth_provider,
        u1_0.avatar,
        u1_0.created_at,
        u1_0.daily_goal_minutes,
        u1_0.division,
        u1_0.email,
        u1_0.email_verification_token,
        u1_0.email_verified,
        u1_0.english_level,
        u1_0.expo_push_token,
        u1_0.first_name,
        u1_0.interests,
        u1_0.last_name,
        u1_0.learning_goal,
        u1_0.native_language,
        u1_0.onboarding_completed,
        u1_0.parent_name,
        u1_0.parent_phone,
        u1_0.password,
        u1_0.phone,
        u1_0.preferred_accent,
        u1_0.preferred_voice,
        u1_0.reset_otp,
        u1_0.reset_otp_expiry,
        u1_0.reset_password_token,
        u1_0.reset_password_token_expiry,
        u1_0.role,
        u1_0.roll_number,
        u1_0.school_id,
        u1_0.school_name,
        u1_0.standard,
        u1_0.status,
        u1_0.updated_at,
        u1_0.user_type,
        u1_0.welcome_completed,
        u1_2.department,
        u1_2.designation,
        u1_2.employee_id,
        u1_2.experience,
        u1_2.joined_at,
        u1_2.qualification 
    from
        users u1_0 
    left join
        school_admins u1_1 
            on u1_0.id=u1_1.user_id 
    left join
        teachers u1_2 
            on u1_0.id=u1_2.id 
    where
        u1_0.email=?
Hibernate: 
    select
        ss1_0.id,
        ss1_0.created_at,
        ss1_0.duration,
        ss1_0.feedback,
        ss1_0.fluency_score,
        ss1_0.grammar_score,
        ss1_0.overall_score,
        ss1_0.pronunciation_score,
        ss1_0.scenario,
        ss1_0.score,
        ss1_0.user_id,
        s1_0.id,
        s1_0.active,
        s1_0.age_group,
        s1_0.auth_provider,
        s1_0.avatar,
        s1_0.created_at,
        s1_0.daily_goal_minutes,
        s1_0.division,
        s1_0.email,
        s1_0.email_verification_token,
        s1_0.email_verified,
        s1_0.english_level,
        s1_0.expo_push_token,
        s1_0.first_name,
        s1_0.interests,
        s1_0.last_name,
        s1_0.learning_goal,
        s1_0.native_language,
        s1_0.onboarding_completed,
        s1_0.parent_name,
        s1_0.parent_phone,
        s1_0.password,
        s1_0.phone,
        s1_0.preferred_accent,
        s1_0.preferred_voice,
        s1_0.reset_otp,
        s1_0.reset_otp_expiry,
        s1_0.reset_password_token,
        s1_0.reset_password_token_expiry,
        s1_0.roll_number,
        s1_0.school_id,
        s1_0.school_name,
        s1_0.standard,
        s1_0.status,
        s1_0.updated_at,
        s1_0.welcome_completed,
        ss1_0.topic,
        ss1_0.transcript,
        ss1_0.vocabulary_score,
        ss1_0.xp_earned 
    from
        speaking_sessions ss1_0 
    join
        students s1_0 
            on s1_0.id=ss1_0.user_id 
    where
        s1_0.school_id=? 
        and ss1_0.created_at>=? 
        and ss1_0.created_at<? 
    order by
        ss1_0.created_at
2026-08-24T17:18:10.765+05:30  INFO 14684 --- [SpeakMateAI] [0.0-9091-exec-6] c.r.s.security.RequestLoggingFilter      : [REQUEST LOG] Incoming request: GET /api/v1/school/insights
Hibernate: 
    select
        u1_0.id,
        case 
            when u1_1.user_id is not null 
                then 1 
            when u1_2.id is not null 
                then 2 
            when u1_0.id is not null 
                then 0 
        end,
        u1_0.active,
        u1_0.age_group,
        u1_0.auth_provider,
        u1_0.avatar,
        u1_0.created_at,
        u1_0.daily_goal_minutes,
        u1_0.division,
        u1_0.email,
        u1_0.email_verification_token,
        u1_0.email_verified,
        u1_0.english_level,
        u1_0.expo_push_token,
        u1_0.first_name,
        u1_0.interests,
        u1_0.last_name,
        u1_0.learning_goal,
        u1_0.native_language,
        u1_0.onboarding_completed,
        u1_0.parent_name,
        u1_0.parent_phone,
        u1_0.password,
        u1_0.phone,
        u1_0.preferred_accent,
        u1_0.preferred_voice,
        u1_0.reset_otp,
        u1_0.reset_otp_expiry,
        u1_0.reset_password_token,
        u1_0.reset_password_token_expiry,
        u1_0.role,
        u1_0.roll_number,
        u1_0.school_id,
        u1_0.school_name,
        u1_0.standard,
        u1_0.status,
        u1_0.updated_at,
        u1_0.user_type,
        u1_0.welcome_completed,
        u1_2.department,
        u1_2.designation,
        u1_2.employee_id,
        u1_2.experience,
        u1_2.joined_at,
        u1_2.qualification 
    from
        users u1_0 
    left join
        school_admins u1_1 
            on u1_0.id=u1_1.user_id 
    left join
        teachers u1_2 
            on u1_0.id=u1_2.id 
    where
        u1_0.email=?
Hibernate: 
    select
        u1_0.id,
        case 
            when u1_1.user_id is not null 
                then 1 
            when u1_2.id is not null 
                then 2 
            when u1_0.id is not null 
                then 0 
        end,
        u1_0.active,
        u1_0.age_group,
        u1_0.auth_provider,
        u1_0.avatar,
        u1_0.created_at,
        u1_0.daily_goal_minutes,
        u1_0.division,
        u1_0.email,
        u1_0.email_verification_token,
        u1_0.email_verified,
        u1_0.english_level,
        u1_0.expo_push_token,
        u1_0.first_name,
        u1_0.interests,
        u1_0.last_name,
        u1_0.learning_goal,
        u1_0.native_language,
        u1_0.onboarding_completed,
        u1_0.parent_name,
        u1_0.parent_phone,
        u1_0.password,
        u1_0.phone,
        u1_0.preferred_accent,
        u1_0.preferred_voice,
        u1_0.reset_otp,
        u1_0.reset_otp_expiry,
        u1_0.reset_password_token,
        u1_0.reset_password_token_expiry,
        u1_0.role,
        u1_0.roll_number,
        u1_0.school_id,
        u1_0.school_name,
        u1_0.standard,
        u1_0.status,
        u1_0.updated_at,
        u1_0.user_type,
        u1_0.welcome_completed,
        u1_2.department,
        u1_2.designation,
        u1_2.employee_id,
        u1_2.experience,
        u1_2.joined_at,
        u1_2.qualification 
    from
        users u1_0 
    left join
        school_admins u1_1 
            on u1_0.id=u1_1.user_id 
    left join
        teachers u1_2 
            on u1_0.id=u1_2.id 
    where
        u1_0.email=?
Hibernate: 
    select
        ss1_0.id,
        ss1_0.created_at,
        ss1_0.duration,
        ss1_0.feedback,
        ss1_0.fluency_score,
        ss1_0.grammar_score,
        ss1_0.overall_score,
        ss1_0.pronunciation_score,
        ss1_0.scenario,
        ss1_0.score,
        ss1_0.user_id,
        s1_0.id,
        s1_0.active,
        s1_0.age_group,
        s1_0.auth_provider,
        s1_0.avatar,
        s1_0.created_at,
        s1_0.daily_goal_minutes,
        s1_0.division,
        s1_0.email,
        s1_0.email_verification_token,
        s1_0.email_verified,
        s1_0.english_level,
        s1_0.expo_push_token,
        s1_0.first_name,
        s1_0.interests,
        s1_0.last_name,
        s1_0.learning_goal,
        s1_0.native_language,
        s1_0.onboarding_completed,
        s1_0.parent_name,
        s1_0.parent_phone,
        s1_0.password,
        s1_0.phone,
        s1_0.preferred_accent,
        s1_0.preferred_voice,
        s1_0.reset_otp,
        s1_0.reset_otp_expiry,
        s1_0.reset_password_token,
        s1_0.reset_password_token_expiry,
        s1_0.roll_number,
        s1_0.school_id,
        s1_0.school_name,
        s1_0.standard,
        s1_0.status,
        s1_0.updated_at,
        s1_0.welcome_completed,
        ss1_0.topic,
        ss1_0.transcript,
        ss1_0.vocabulary_score,
        ss1_0.xp_earned 
    from
        speaking_sessions ss1_0 
    join
        students s1_0 
            on s1_0.id=ss1_0.user_id 
    where
        s1_0.school_id=? 
        and ss1_0.created_at>=? 
        and ss1_0.created_at<? 
    order by
        ss1_0.created_at
2026-08-24T17:18:33.265+05:30  INFO 14684 --- [SpeakMateAI] [.0-9091-exec-10] c.r.s.security.RequestLoggingFilter      : [REQUEST LOG] Incoming request: GET /api/v1/school/insights
Hibernate: 
    select
        u1_0.id,
        case 
            when u1_1.user_id is not null 
                then 1 
            when u1_2.id is not null 
                then 2 
            when u1_0.id is not null 
                then 0 
        end,
        u1_0.active,
        u1_0.age_group,
        u1_0.auth_provider,
        u1_0.avatar,
        u1_0.created_at,
        u1_0.daily_goal_minutes,
        u1_0.division,
        u1_0.email,
        u1_0.email_verification_token,
        u1_0.email_verified,
        u1_0.english_level,
        u1_0.expo_push_token,
        u1_0.first_name,
        u1_0.interests,
        u1_0.last_name,
        u1_0.learning_goal,
        u1_0.native_language,
        u1_0.onboarding_completed,
        u1_0.parent_name,
        u1_0.parent_phone,
        u1_0.password,
        u1_0.phone,
        u1_0.preferred_accent,
        u1_0.preferred_voice,
        u1_0.reset_otp,
        u1_0.reset_otp_expiry,
        u1_0.reset_password_token,
        u1_0.reset_password_token_expiry,
        u1_0.role,
        u1_0.roll_number,
        u1_0.school_id,
        u1_0.school_name,
        u1_0.standard,
        u1_0.status,
        u1_0.updated_at,
        u1_0.user_type,
        u1_0.welcome_completed,
        u1_2.department,
        u1_2.designation,
        u1_2.employee_id,
        u1_2.experience,
        u1_2.joined_at,
        u1_2.qualification 
    from
        users u1_0 
    left join
        school_admins u1_1 
            on u1_0.id=u1_1.user_id 
    left join
        teachers u1_2 
            on u1_0.id=u1_2.id 
    where
        u1_0.email=?
Hibernate: 
    select
        u1_0.id,
        case 
            when u1_1.user_id is not null 
                then 1 
            when u1_2.id is not null 
                then 2 
            when u1_0.id is not null 
                then 0 
        end,
        u1_0.active,
        u1_0.age_group,
        u1_0.auth_provider,
        u1_0.avatar,
        u1_0.created_at,
        u1_0.daily_goal_minutes,
        u1_0.division,
        u1_0.email,
        u1_0.email_verification_token,
        u1_0.email_verified,
        u1_0.english_level,
        u1_0.expo_push_token,
        u1_0.first_name,
        u1_0.interests,
        u1_0.last_name,
        u1_0.learning_goal,
        u1_0.native_language,
        u1_0.onboarding_completed,
        u1_0.parent_name,
        u1_0.parent_phone,
        u1_0.password,
        u1_0.phone,
        u1_0.preferred_accent,
        u1_0.preferred_voice,
        u1_0.reset_otp,
        u1_0.reset_otp_expiry,
        u1_0.reset_password_token,
        u1_0.reset_password_token_expiry,
        u1_0.role,
        u1_0.roll_number,
        u1_0.school_id,
        u1_0.school_name,
        u1_0.standard,
        u1_0.status,
        u1_0.updated_at,
        u1_0.user_type,
        u1_0.welcome_completed,
        u1_2.department,
        u1_2.designation,
        u1_2.employee_id,
        u1_2.experience,
        u1_2.joined_at,
        u1_2.qualification 
    from
        users u1_0 
    left join
        school_admins u1_1 
            on u1_0.id=u1_1.user_id 
    left join
        teachers u1_2 
            on u1_0.id=u1_2.id 
    where
        u1_0.email=?
Hibernate: 
    select
        ss1_0.id,
        ss1_0.created_at,
        ss1_0.duration,
        ss1_0.feedback,
        ss1_0.fluency_score,
        ss1_0.grammar_score,
        ss1_0.overall_score,
        ss1_0.pronunciation_score,
        ss1_0.scenario,
        ss1_0.score,
        ss1_0.user_id,
        s1_0.id,
        s1_0.active,
        s1_0.age_group,
        s1_0.auth_provider,
        s1_0.avatar,
        s1_0.created_at,
        s1_0.daily_goal_minutes,
        s1_0.division,
        s1_0.email,
        s1_0.email_verification_token,
        s1_0.email_verified,
        s1_0.english_level,
        s1_0.expo_push_token,
        s1_0.first_name,
        s1_0.interests,
        s1_0.last_name,
        s1_0.learning_goal,
        s1_0.native_language,
        s1_0.onboarding_completed,
        s1_0.parent_name,
        s1_0.parent_phone,
        s1_0.password,
        s1_0.phone,
        s1_0.preferred_accent,
        s1_0.preferred_voice,
        s1_0.reset_otp,
        s1_0.reset_otp_expiry,
        s1_0.reset_password_token,
        s1_0.reset_password_token_expiry,
        s1_0.roll_number,
        s1_0.school_id,
        s1_0.school_name,
        s1_0.standard,
        s1_0.status,
        s1_0.updated_at,
        s1_0.welcome_completed,
        ss1_0.topic,
        ss1_0.transcript,
        ss1_0.vocabulary_score,
        ss1_0.xp_earned 
    from
        speaking_sessions ss1_0 
    join
        students s1_0 
            on s1_0.id=ss1_0.user_id 
    where
        s1_0.school_id=? 
        and ss1_0.created_at>=? 
        and ss1_0.created_at<? 
    order by
        ss1_0.created_at
2026-08-24T17:18:34.352+05:30  INFO 14684 --- [SpeakMateAI] [0.0-9091-exec-2] c.r.s.security.RequestLoggingFilter      : [REQUEST LOG] Incoming request: GET /api/v1/school/insights
Hibernate: 
    select
        u1_0.id,
        case 
            when u1_1.user_id is not null 
                then 1 
            when u1_2.id is not null 
                then 2 
            when u1_0.id is not null 
                then 0 
        end,
        u1_0.active,
        u1_0.age_group,
        u1_0.auth_provider,
        u1_0.avatar,
        u1_0.created_at,
        u1_0.daily_goal_minutes,
        u1_0.division,
        u1_0.email,
        u1_0.email_verification_token,
        u1_0.email_verified,
        u1_0.english_level,
        u1_0.expo_push_token,
        u1_0.first_name,
        u1_0.interests,
        u1_0.last_name,
        u1_0.learning_goal,
        u1_0.native_language,
        u1_0.onboarding_completed,
        u1_0.parent_name,
        u1_0.parent_phone,
        u1_0.password,
        u1_0.phone,
        u1_0.preferred_accent,
        u1_0.preferred_voice,
        u1_0.reset_otp,
        u1_0.reset_otp_expiry,
        u1_0.reset_password_token,
        u1_0.reset_password_token_expiry,
        u1_0.role,
        u1_0.roll_number,
        u1_0.school_id,
        u1_0.school_name,
        u1_0.standard,
        u1_0.status,
        u1_0.updated_at,
        u1_0.user_type,
        u1_0.welcome_completed,
        u1_2.department,
        u1_2.designation,
        u1_2.employee_id,
        u1_2.experience,
        u1_2.joined_at,
        u1_2.qualification 
    from
        users u1_0 
    left join
        school_admins u1_1 
            on u1_0.id=u1_1.user_id 
    left join
        teachers u1_2 
            on u1_0.id=u1_2.id 
    where
        u1_0.email=?
Hibernate: 
    select
        u1_0.id,
        case 
            when u1_1.user_id is not null 
                then 1 
            when u1_2.id is not null 
                then 2 
            when u1_0.id is not null 
                then 0 
        end,
        u1_0.active,
        u1_0.age_group,
        u1_0.auth_provider,
        u1_0.avatar,
        u1_0.created_at,
        u1_0.daily_goal_minutes,
        u1_0.division,
        u1_0.email,
        u1_0.email_verification_token,
        u1_0.email_verified,
        u1_0.english_level,
        u1_0.expo_push_token,
        u1_0.first_name,
        u1_0.interests,
        u1_0.last_name,
        u1_0.learning_goal,
        u1_0.native_language,
        u1_0.onboarding_completed,
        u1_0.parent_name,
        u1_0.parent_phone,
        u1_0.password,
        u1_0.phone,
        u1_0.preferred_accent,
        u1_0.preferred_voice,
        u1_0.reset_otp,
        u1_0.reset_otp_expiry,
        u1_0.reset_password_token,
        u1_0.reset_password_token_expiry,
        u1_0.role,
        u1_0.roll_number,
        u1_0.school_id,
        u1_0.school_name,
        u1_0.standard,
        u1_0.status,
        u1_0.updated_at,
        u1_0.user_type,
        u1_0.welcome_completed,
        u1_2.department,
        u1_2.designation,
        u1_2.employee_id,
        u1_2.experience,
        u1_2.joined_at,
        u1_2.qualification 
    from
        users u1_0 
    left join
        school_admins u1_1 
            on u1_0.id=u1_1.user_id 
    left join
        teachers u1_2 
            on u1_0.id=u1_2.id 
    where
        u1_0.email=?
Hibernate: 
    select
        ss1_0.id,
        ss1_0.created_at,
        ss1_0.duration,
        ss1_0.feedback,
        ss1_0.fluency_score,
        ss1_0.grammar_score,
        ss1_0.overall_score,
        ss1_0.pronunciation_score,
        ss1_0.scenario,
        ss1_0.score,
        ss1_0.user_id,
        s1_0.id,
        s1_0.active,
        s1_0.age_group,
        s1_0.auth_provider,
        s1_0.avatar,
        s1_0.created_at,
        s1_0.daily_goal_minutes,
        s1_0.division,
        s1_0.email,
        s1_0.email_verification_token,
        s1_0.email_verified,
        s1_0.english_level,
        s1_0.expo_push_token,
        s1_0.first_name,
        s1_0.interests,
        s1_0.last_name,
        s1_0.learning_goal,
        s1_0.native_language,
        s1_0.onboarding_completed,
        s1_0.parent_name,
        s1_0.parent_phone,
        s1_0.password,
        s1_0.phone,
        s1_0.preferred_accent,
        s1_0.preferred_voice,
        s1_0.reset_otp,
        s1_0.reset_otp_expiry,
        s1_0.reset_password_token,
        s1_0.reset_password_token_expiry,
        s1_0.roll_number,
        s1_0.school_id,
        s1_0.school_name,
        s1_0.standard,
        s1_0.status,
        s1_0.updated_at,
        s1_0.welcome_completed,
        ss1_0.topic,
        ss1_0.transcript,
        ss1_0.vocabulary_score,
        ss1_0.xp_earned 
    from
        speaking_sessions ss1_0 
    join
        students s1_0 
            on s1_0.id=ss1_0.user_id 
    where
        s1_0.school_id=? 
        and ss1_0.created_at>=? 
        and ss1_0.created_at<? 
    order by
        ss1_0.created_at
2026-08-24T17:18:44.228+05:30  INFO 14684 --- [SpeakMateAI] [0.0-9091-exec-1] c.r.s.security.RequestLoggingFilter      : [REQUEST LOG] Incoming request: GET /api/v1/school/insights
Hibernate: 
    select
        u1_0.id,
        case 
            when u1_1.user_id is not null 
                then 1 
            when u1_2.id is not null 
                then 2 
            when u1_0.id is not null 
                then 0 
        end,
        u1_0.active,
        u1_0.age_group,
        u1_0.auth_provider,
        u1_0.avatar,
        u1_0.created_at,
        u1_0.daily_goal_minutes,
        u1_0.division,
        u1_0.email,
        u1_0.email_verification_token,
        u1_0.email_verified,
        u1_0.english_level,
        u1_0.expo_push_token,
        u1_0.first_name,
        u1_0.interests,
        u1_0.last_name,
        u1_0.learning_goal,
        u1_0.native_language,
        u1_0.onboarding_completed,
        u1_0.parent_name,
        u1_0.parent_phone,
        u1_0.password,
        u1_0.phone,
        u1_0.preferred_accent,
        u1_0.preferred_voice,
        u1_0.reset_otp,
        u1_0.reset_otp_expiry,
        u1_0.reset_password_token,
        u1_0.reset_password_token_expiry,
        u1_0.role,
        u1_0.roll_number,
        u1_0.school_id,
        u1_0.school_name,
        u1_0.standard,
        u1_0.status,
        u1_0.updated_at,
        u1_0.user_type,
        u1_0.welcome_completed,
        u1_2.department,
        u1_2.designation,
        u1_2.employee_id,
        u1_2.experience,
        u1_2.joined_at,
        u1_2.qualification 
    from
        users u1_0 
    left join
        school_admins u1_1 
            on u1_0.id=u1_1.user_id 
    left join
        teachers u1_2 
            on u1_0.id=u1_2.id 
    where
        u1_0.email=?
Hibernate: 
    select
        u1_0.id,
        case 
            when u1_1.user_id is not null 
                then 1 
            when u1_2.id is not null 
                then 2 
            when u1_0.id is not null 
                then 0 
        end,
        u1_0.active,
        u1_0.age_group,
        u1_0.auth_provider,
        u1_0.avatar,
        u1_0.created_at,
        u1_0.daily_goal_minutes,
        u1_0.division,
        u1_0.email,
        u1_0.email_verification_token,
        u1_0.email_verified,
        u1_0.english_level,
        u1_0.expo_push_token,
        u1_0.first_name,
        u1_0.interests,
        u1_0.last_name,
        u1_0.learning_goal,
        u1_0.native_language,
        u1_0.onboarding_completed,
        u1_0.parent_name,
        u1_0.parent_phone,
        u1_0.password,
        u1_0.phone,
        u1_0.preferred_accent,
        u1_0.preferred_voice,
        u1_0.reset_otp,
        u1_0.reset_otp_expiry,
        u1_0.reset_password_token,
        u1_0.reset_password_token_expiry,
        u1_0.role,
        u1_0.roll_number,
        u1_0.school_id,
        u1_0.school_name,
        u1_0.standard,
        u1_0.status,
        u1_0.updated_at,
        u1_0.user_type,
        u1_0.welcome_completed,
        u1_2.department,
        u1_2.designation,
        u1_2.employee_id,
        u1_2.experience,
        u1_2.joined_at,
        u1_2.qualification 
    from
        users u1_0 
    left join
        school_admins u1_1 
            on u1_0.id=u1_1.user_id 
    left join
        teachers u1_2 
            on u1_0.id=u1_2.id 
    where
        u1_0.email=?
Hibernate: 
    select
        ss1_0.id,
        ss1_0.created_at,
        ss1_0.duration,
        ss1_0.feedback,
        ss1_0.fluency_score,
        ss1_0.grammar_score,
        ss1_0.overall_score,
        ss1_0.pronunciation_score,
        ss1_0.scenario,
        ss1_0.score,
        ss1_0.user_id,
        s1_0.id,
        s1_0.active,
        s1_0.age_group,
        s1_0.auth_provider,
        s1_0.avatar,
        s1_0.created_at,
        s1_0.daily_goal_minutes,
        s1_0.division,
        s1_0.email,
        s1_0.email_verification_token,
        s1_0.email_verified,
        s1_0.english_level,
        s1_0.expo_push_token,
        s1_0.first_name,
        s1_0.interests,
        s1_0.last_name,
        s1_0.learning_goal,
        s1_0.native_language,
        s1_0.onboarding_completed,
        s1_0.parent_name,
        s1_0.parent_phone,
        s1_0.password,
        s1_0.phone,
        s1_0.preferred_accent,
        s1_0.preferred_voice,
        s1_0.reset_otp,
        s1_0.reset_otp_expiry,
        s1_0.reset_password_token,
        s1_0.reset_password_token_expiry,
        s1_0.roll_number,
        s1_0.school_id,
        s1_0.school_name,
        s1_0.standard,
        s1_0.status,
        s1_0.updated_at,
        s1_0.welcome_completed,
        ss1_0.topic,
        ss1_0.transcript,
        ss1_0.vocabulary_score,
        ss1_0.xp_earned 
    from
        speaking_sessions ss1_0 
    join
        students s1_0 
            on s1_0.id=ss1_0.user_id 
    where
        s1_0.school_id=? 
        and ss1_0.created_at>=? 
        and ss1_0.created_at<? 
    order by
        ss1_0.created_at
2026-08-24T17:35:10.767+05:30  INFO 14684 --- [SpeakMateAI] [0.0-9091-exec-6] c.r.s.security.RequestLoggingFilter      : [REQUEST LOG] Incoming request: GET /api/v1/school/insights
Hibernate: 
    select
        u1_0.id,
        case 
            when u1_1.user_id is not null 
                then 1 
            when u1_2.id is not null 
                then 2 
            when u1_0.id is not null 
                then 0 
        end,
        u1_0.active,
        u1_0.age_group,
        u1_0.auth_provider,
        u1_0.avatar,
        u1_0.created_at,
        u1_0.daily_goal_minutes,
        u1_0.division,
        u1_0.email,
        u1_0.email_verification_token,
        u1_0.email_verified,
        u1_0.english_level,
        u1_0.expo_push_token,
        u1_0.first_name,
        u1_0.interests,
        u1_0.last_name,
        u1_0.learning_goal,
        u1_0.native_language,
        u1_0.onboarding_completed,
        u1_0.parent_name,
        u1_0.parent_phone,
        u1_0.password,
        u1_0.phone,
        u1_0.preferred_accent,
        u1_0.preferred_voice,
        u1_0.reset_otp,
        u1_0.reset_otp_expiry,
        u1_0.reset_password_token,
        u1_0.reset_password_token_expiry,
        u1_0.role,
        u1_0.roll_number,
        u1_0.school_id,
        u1_0.school_name,
        u1_0.standard,
        u1_0.status,
        u1_0.updated_at,
        u1_0.user_type,
        u1_0.welcome_completed,
        u1_2.department,
        u1_2.designation,
        u1_2.employee_id,
        u1_2.experience,
        u1_2.joined_at,
        u1_2.qualification 
    from
        users u1_0 
    left join
        school_admins u1_1 
            on u1_0.id=u1_1.user_id 
    left join
        teachers u1_2 
            on u1_0.id=u1_2.id 
    where
        u1_0.email=?
Hibernate: 
    select
        u1_0.id,
        case 
            when u1_1.user_id is not null 
                then 1 
            when u1_2.id is not null 
                then 2 
            when u1_0.id is not null 
                then 0 
        end,
        u1_0.active,
        u1_0.age_group,
        u1_0.auth_provider,
        u1_0.avatar,
        u1_0.created_at,
        u1_0.daily_goal_minutes,
        u1_0.division,
        u1_0.email,
        u1_0.email_verification_token,
        u1_0.email_verified,
        u1_0.english_level,
        u1_0.expo_push_token,
        u1_0.first_name,
        u1_0.interests,
        u1_0.last_name,
        u1_0.learning_goal,
        u1_0.native_language,
        u1_0.onboarding_completed,
        u1_0.parent_name,
        u1_0.parent_phone,
        u1_0.password,
        u1_0.phone,
        u1_0.preferred_accent,
        u1_0.preferred_voice,
        u1_0.reset_otp,
        u1_0.reset_otp_expiry,
        u1_0.reset_password_token,
        u1_0.reset_password_token_expiry,
        u1_0.role,
        u1_0.roll_number,
        u1_0.school_id,
        u1_0.school_name,
        u1_0.standard,
        u1_0.status,
        u1_0.updated_at,
        u1_0.user_type,
        u1_0.welcome_completed,
        u1_2.department,
        u1_2.designation,
        u1_2.employee_id,
        u1_2.experience,
        u1_2.joined_at,
        u1_2.qualification 
    from
        users u1_0 
    left join
        school_admins u1_1 
            on u1_0.id=u1_1.user_id 
    left join
        teachers u1_2 
            on u1_0.id=u1_2.id 
    where
        u1_0.email=?
Hibernate: 
    select
        ss1_0.id,
        ss1_0.created_at,
        ss1_0.duration,
        ss1_0.feedback,
        ss1_0.fluency_score,
        ss1_0.grammar_score,
        ss1_0.overall_score,
        ss1_0.pronunciation_score,
        ss1_0.scenario,
        ss1_0.score,
        ss1_0.user_id,
        s1_0.id,
        s1_0.active,
        s1_0.age_group,
        s1_0.auth_provider,
        s1_0.avatar,
        s1_0.created_at,
        s1_0.daily_goal_minutes,
        s1_0.division,
        s1_0.email,
        s1_0.email_verification_token,
        s1_0.email_verified,
        s1_0.english_level,
        s1_0.expo_push_token,
        s1_0.first_name,
        s1_0.interests,
        s1_0.last_name,
        s1_0.learning_goal,
        s1_0.native_language,
        s1_0.onboarding_completed,
        s1_0.parent_name,
        s1_0.parent_phone,
        s1_0.password,
        s1_0.phone,
        s1_0.preferred_accent,
        s1_0.preferred_voice,
        s1_0.reset_otp,
        s1_0.reset_otp_expiry,
        s1_0.reset_password_token,
        s1_0.reset_password_token_expiry,
        s1_0.roll_number,
        s1_0.school_id,
        s1_0.school_name,
        s1_0.standard,
        s1_0.status,
        s1_0.updated_at,
        s1_0.welcome_completed,
        ss1_0.topic,
        ss1_0.transcript,
        ss1_0.vocabulary_score,
        ss1_0.xp_earned 
    from
        speaking_sessions ss1_0 
    join
        students s1_0 
            on s1_0.id=ss1_0.user_id 
    where
        s1_0.school_id=? 
        and ss1_0.created_at>=? 
        and ss1_0.created_at<? 
    order by
        ss1_0.created_at
2026-08-24T17:35:12.008+05:30  INFO 14684 --- [SpeakMateAI] [0.0-9091-exec-9] c.r.s.security.RequestLoggingFilter      : [REQUEST LOG] Incoming request: GET /api/v1/school/insights
Hibernate: 
    select
        u1_0.id,
        case 
            when u1_1.user_id is not null 
                then 1 
            when u1_2.id is not null 
                then 2 
            when u1_0.id is not null 
                then 0 
        end,
        u1_0.active,
        u1_0.age_group,
        u1_0.auth_provider,
        u1_0.avatar,
        u1_0.created_at,
        u1_0.daily_goal_minutes,
        u1_0.division,
        u1_0.email,
        u1_0.email_verification_token,
        u1_0.email_verified,
        u1_0.english_level,
        u1_0.expo_push_token,
        u1_0.first_name,
        u1_0.interests,
        u1_0.last_name,
        u1_0.learning_goal,
        u1_0.native_language,
        u1_0.onboarding_completed,
        u1_0.parent_name,
        u1_0.parent_phone,
        u1_0.password,
        u1_0.phone,
        u1_0.preferred_accent,
        u1_0.preferred_voice,
        u1_0.reset_otp,
        u1_0.reset_otp_expiry,
        u1_0.reset_password_token,
        u1_0.reset_password_token_expiry,
        u1_0.role,
        u1_0.roll_number,
        u1_0.school_id,
        u1_0.school_name,
        u1_0.standard,
        u1_0.status,
        u1_0.updated_at,
        u1_0.user_type,
        u1_0.welcome_completed,
        u1_2.department,
        u1_2.designation,
        u1_2.employee_id,
        u1_2.experience,
        u1_2.joined_at,
        u1_2.qualification 
    from
        users u1_0 
    left join
        school_admins u1_1 
            on u1_0.id=u1_1.user_id 
    left join
        teachers u1_2 
            on u1_0.id=u1_2.id 
    where
        u1_0.email=?
Hibernate: 
    select
        u1_0.id,
        case 
            when u1_1.user_id is not null 
                then 1 
            when u1_2.id is not null 
                then 2 
            when u1_0.id is not null 
                then 0 
        end,
        u1_0.active,
        u1_0.age_group,
        u1_0.auth_provider,
        u1_0.avatar,
        u1_0.created_at,
        u1_0.daily_goal_minutes,
        u1_0.division,
        u1_0.email,
        u1_0.email_verification_token,
        u1_0.email_verified,
        u1_0.english_level,
        u1_0.expo_push_token,
        u1_0.first_name,
        u1_0.interests,
        u1_0.last_name,
        u1_0.learning_goal,
        u1_0.native_language,
        u1_0.onboarding_completed,
        u1_0.parent_name,
        u1_0.parent_phone,
        u1_0.password,
        u1_0.phone,
        u1_0.preferred_accent,
        u1_0.preferred_voice,
        u1_0.reset_otp,
        u1_0.reset_otp_expiry,
        u1_0.reset_password_token,
        u1_0.reset_password_token_expiry,
        u1_0.role,
        u1_0.roll_number,
        u1_0.school_id,
        u1_0.school_name,
        u1_0.standard,
        u1_0.status,
        u1_0.updated_at,
        u1_0.user_type,
        u1_0.welcome_completed,
        u1_2.department,
        u1_2.designation,
        u1_2.employee_id,
        u1_2.experience,
        u1_2.joined_at,
        u1_2.qualification 
    from
        users u1_0 
    left join
        school_admins u1_1 
            on u1_0.id=u1_1.user_id 
    left join
        teachers u1_2 
            on u1_0.id=u1_2.id 
    where
        u1_0.email=?
Hibernate: 
    select
        ss1_0.id,
        ss1_0.created_at,
        ss1_0.duration,
        ss1_0.feedback,
        ss1_0.fluency_score,
        ss1_0.grammar_score,
        ss1_0.overall_score,
        ss1_0.pronunciation_score,
        ss1_0.scenario,
        ss1_0.score,
        ss1_0.user_id,
        s1_0.id,
        s1_0.active,
        s1_0.age_group,
        s1_0.auth_provider,
        s1_0.avatar,
        s1_0.created_at,
        s1_0.daily_goal_minutes,
        s1_0.division,
        s1_0.email,
        s1_0.email_verification_token,
        s1_0.email_verified,
        s1_0.english_level,
        s1_0.expo_push_token,
        s1_0.first_name,
        s1_0.interests,
        s1_0.last_name,
        s1_0.learning_goal,
        s1_0.native_language,
        s1_0.onboarding_completed,
        s1_0.parent_name,
        s1_0.parent_phone,
        s1_0.password,
        s1_0.phone,
        s1_0.preferred_accent,
        s1_0.preferred_voice,
        s1_0.reset_otp,
        s1_0.reset_otp_expiry,
        s1_0.reset_password_token,
        s1_0.reset_password_token_expiry,
        s1_0.roll_number,
        s1_0.school_id,
        s1_0.school_name,
        s1_0.standard,
        s1_0.status,
        s1_0.updated_at,
        s1_0.welcome_completed,
        ss1_0.topic,
        ss1_0.transcript,
        ss1_0.vocabulary_score,
        ss1_0.xp_earned 
    from
        speaking_sessions ss1_0 
    join
        students s1_0 
            on s1_0.id=ss1_0.user_id 
    where
        s1_0.school_id=? 
        and ss1_0.created_at>=? 
        and ss1_0.created_at<? 
    order by
        ss1_0.created_at
2026-08-24T17:36:17.241+05:30  INFO 14684 --- [SpeakMateAI] [0.0-9091-exec-1] c.r.s.security.RequestLoggingFilter      : [REQUEST LOG] Incoming request: GET /api/profile/get-profile
Hibernate: 
    select
        u1_0.id,
        case 
            when u1_1.user_id is not null 
                then 1 
            when u1_2.id is not null 
                then 2 
            when u1_0.id is not null 
                then 0 
        end,
        u1_0.active,
        u1_0.age_group,
        u1_0.auth_provider,
        u1_0.avatar,
        u1_0.created_at,
        u1_0.daily_goal_minutes,
        u1_0.division,
        u1_0.email,
        u1_0.email_verification_token,
        u1_0.email_verified,
        u1_0.english_level,
        u1_0.expo_push_token,
        u1_0.first_name,
        u1_0.interests,
        u1_0.last_name,
        u1_0.learning_goal,
        u1_0.native_language,
        u1_0.onboarding_completed,
        u1_0.parent_name,
        u1_0.parent_phone,
        u1_0.password,
        u1_0.phone,
        u1_0.preferred_accent,
        u1_0.preferred_voice,
        u1_0.reset_otp,
        u1_0.reset_otp_expiry,
        u1_0.reset_password_token,
        u1_0.reset_password_token_expiry,
        u1_0.role,
        u1_0.roll_number,
        u1_0.school_id,
        u1_0.school_name,
        u1_0.standard,
        u1_0.status,
        u1_0.updated_at,
        u1_0.user_type,
        u1_0.welcome_completed,
        u1_2.department,
        u1_2.designation,
        u1_2.employee_id,
        u1_2.experience,
        u1_2.joined_at,
        u1_2.qualification 
    from
        users u1_0 
    left join
        school_admins u1_1 
            on u1_0.id=u1_1.user_id 
    left join
        teachers u1_2 
            on u1_0.id=u1_2.id 
    where
        u1_0.email=?
Hibernate: 
    select
        u1_0.id,
        case 
            when u1_1.user_id is not null 
                then 1 
            when u1_2.id is not null 
                then 2 
            when u1_0.id is not null 
                then 0 
        end,
        u1_0.active,
        u1_0.age_group,
        u1_0.auth_provider,
        u1_0.avatar,
        u1_0.created_at,
        u1_0.daily_goal_minutes,
        u1_0.division,
        u1_0.email,
        u1_0.email_verification_token,
        u1_0.email_verified,
        u1_0.english_level,
        u1_0.expo_push_token,
        u1_0.first_name,
        u1_0.interests,
        u1_0.last_name,
        u1_0.learning_goal,
        u1_0.native_language,
        u1_0.onboarding_completed,
        u1_0.parent_name,
        u1_0.parent_phone,
        u1_0.password,
        u1_0.phone,
        u1_0.preferred_accent,
        u1_0.preferred_voice,
        u1_0.reset_otp,
        u1_0.reset_otp_expiry,
        u1_0.reset_password_token,
        u1_0.reset_password_token_expiry,
        u1_0.role,
        u1_0.roll_number,
        u1_0.school_id,
        u1_0.school_name,
        u1_0.standard,
        u1_0.status,
        u1_0.updated_at,
        u1_0.user_type,
        u1_0.welcome_completed,
        u1_2.department,
        u1_2.designation,
        u1_2.employee_id,
        u1_2.experience,
        u1_2.joined_at,
        u1_2.qualification 
    from
        users u1_0 
    left join
        school_admins u1_1 
            on u1_0.id=u1_1.user_id 
    left join
        teachers u1_2 
            on u1_0.id=u1_2.id 
    where
        u1_0.email=?
2026-08-24T17:36:18.112+05:30  INFO 14684 --- [SpeakMateAI] [0.0-9091-exec-3] c.r.s.security.RequestLoggingFilter      : [REQUEST LOG] Incoming request: GET /api/profile/get-profile
2026-08-24T17:36:18.154+05:30  INFO 14684 --- [SpeakMateAI] [0.0-9091-exec-7] c.r.s.security.RequestLoggingFilter      : [REQUEST LOG] Incoming request: GET /api/v1/school/dashboard
Hibernate: 
    select
        u1_0.id,
        case 
            when u1_1.user_id is not null 
                then 1 
            when u1_2.id is not null 
                then 2 
            when u1_0.id is not null 
                then 0 
        end,
        u1_0.active,
        u1_0.age_group,
        u1_0.auth_provider,
        u1_0.avatar,
        u1_0.created_at,
        u1_0.daily_goal_minutes,
        u1_0.division,
        u1_0.email,
        u1_0.email_verification_token,
        u1_0.email_verified,
        u1_0.english_level,
        u1_0.expo_push_token,
        u1_0.first_name,
        u1_0.interests,
        u1_0.last_name,
        u1_0.learning_goal,
        u1_0.native_language,
        u1_0.onboarding_completed,
        u1_0.parent_name,
        u1_0.parent_phone,
        u1_0.password,
        u1_0.phone,
        u1_0.preferred_accent,
        u1_0.preferred_voice,
        u1_0.reset_otp,
        u1_0.reset_otp_expiry,
        u1_0.reset_password_token,
        u1_0.reset_password_token_expiry,
        u1_0.role,
        u1_0.roll_number,
        u1_0.school_id,
        u1_0.school_name,
        u1_0.standard,
        u1_0.status,
        u1_0.updated_at,
        u1_0.user_type,
        u1_0.welcome_completed,
        u1_2.department,
        u1_2.designation,
        u1_2.employee_id,
        u1_2.experience,
        u1_2.joined_at,
        u1_2.qualification 
    from
        users u1_0 
    left join
        school_admins u1_1 
            on u1_0.id=u1_1.user_id 
    left join
        teachers u1_2 
            on u1_0.id=u1_2.id 
    where
        u1_0.email=?
Hibernate: 
    select
        u1_0.id,
        case 
            when u1_1.user_id is not null 
                then 1 
            when u1_2.id is not null 
                then 2 
            when u1_0.id is not null 
                then 0 
        end,
        u1_0.active,
        u1_0.age_group,
        u1_0.auth_provider,
        u1_0.avatar,
        u1_0.created_at,
        u1_0.daily_goal_minutes,
        u1_0.division,
        u1_0.email,
        u1_0.email_verification_token,
        u1_0.email_verified,
        u1_0.english_level,
        u1_0.expo_push_token,
        u1_0.first_name,
        u1_0.interests,
        u1_0.last_name,
        u1_0.learning_goal,
        u1_0.native_language,
        u1_0.onboarding_completed,
        u1_0.parent_name,
        u1_0.parent_phone,
        u1_0.password,
        u1_0.phone,
        u1_0.preferred_accent,
        u1_0.preferred_voice,
        u1_0.reset_otp,
        u1_0.reset_otp_expiry,
        u1_0.reset_password_token,
        u1_0.reset_password_token_expiry,
        u1_0.role,
        u1_0.roll_number,
        u1_0.school_id,
        u1_0.school_name,
        u1_0.standard,
        u1_0.status,
        u1_0.updated_at,
        u1_0.user_type,
        u1_0.welcome_completed,
        u1_2.department,
        u1_2.designation,
        u1_2.employee_id,
        u1_2.experience,
        u1_2.joined_at,
        u1_2.qualification 
    from
        users u1_0 
    left join
        school_admins u1_1 
            on u1_0.id=u1_1.user_id 
    left join
        teachers u1_2 
            on u1_0.id=u1_2.id 
    where
        u1_0.email=?
Hibernate: 
    select
        u1_0.id,
        case 
            when u1_1.user_id is not null 
                then 1 
            when u1_2.id is not null 
                then 2 
            when u1_0.id is not null 
                then 0 
        end,
        u1_0.active,
        u1_0.age_group,
        u1_0.auth_provider,
        u1_0.avatar,
        u1_0.created_at,
        u1_0.daily_goal_minutes,
        u1_0.division,
        u1_0.email,
        u1_0.email_verification_token,
        u1_0.email_verified,
        u1_0.english_level,
        u1_0.expo_push_token,
        u1_0.first_name,
        u1_0.interests,
        u1_0.last_name,
        u1_0.learning_goal,
        u1_0.native_language,
        u1_0.onboarding_completed,
        u1_0.parent_name,
        u1_0.parent_phone,
        u1_0.password,
        u1_0.phone,
        u1_0.preferred_accent,
        u1_0.preferred_voice,
        u1_0.reset_otp,
        u1_0.reset_otp_expiry,
        u1_0.reset_password_token,
        u1_0.reset_password_token_expiry,
        u1_0.role,
        u1_0.roll_number,
        u1_0.school_id,
        u1_0.school_name,
        u1_0.standard,
        u1_0.status,
        u1_0.updated_at,
        u1_0.user_type,
        u1_0.welcome_completed,
        u1_2.department,
        u1_2.designation,
        u1_2.employee_id,
        u1_2.experience,
        u1_2.joined_at,
        u1_2.qualification 
    from
        users u1_0 
    left join
        school_admins u1_1 
            on u1_0.id=u1_1.user_id 
    left join
        teachers u1_2 
            on u1_0.id=u1_2.id 
    where
        u1_0.email=?
Hibernate: 
    select
        u1_0.id,
        case 
            when u1_1.user_id is not null 
                then 1 
            when u1_2.id is not null 
                then 2 
            when u1_0.id is not null 
                then 0 
        end,
        u1_0.active,
        u1_0.age_group,
        u1_0.auth_provider,
        u1_0.avatar,
        u1_0.created_at,
        u1_0.daily_goal_minutes,
        u1_0.division,
        u1_0.email,
        u1_0.email_verification_token,
        u1_0.email_verified,
        u1_0.english_level,
        u1_0.expo_push_token,
        u1_0.first_name,
        u1_0.interests,
        u1_0.last_name,
        u1_0.learning_goal,
        u1_0.native_language,
        u1_0.onboarding_completed,
        u1_0.parent_name,
        u1_0.parent_phone,
        u1_0.password,
        u1_0.phone,
        u1_0.preferred_accent,
        u1_0.preferred_voice,
        u1_0.reset_otp,
        u1_0.reset_otp_expiry,
        u1_0.reset_password_token,
        u1_0.reset_password_token_expiry,
        u1_0.role,
        u1_0.roll_number,
        u1_0.school_id,
        u1_0.school_name,
        u1_0.standard,
        u1_0.status,
        u1_0.updated_at,
        u1_0.user_type,
        u1_0.welcome_completed,
        u1_2.department,
        u1_2.designation,
        u1_2.employee_id,
        u1_2.experience,
        u1_2.joined_at,
        u1_2.qualification 
    from
        users u1_0 
    left join
        school_admins u1_1 
            on u1_0.id=u1_1.user_id 
    left join
        teachers u1_2 
            on u1_0.id=u1_2.id 
    where
        u1_0.email=?
2026-08-24T17:36:18.572+05:30  INFO 14684 --- [SpeakMateAI] [0.0-9091-exec-8] c.r.s.security.RequestLoggingFilter      : [REQUEST LOG] Incoming request: GET /api/v1/school/insights
Hibernate: 
    select
        u1_0.id,
        case 
            when u1_1.user_id is not null 
                then 1 
            when u1_2.id is not null 
                then 2 
            when u1_0.id is not null 
                then 0 
        end,
        u1_0.active,
        u1_0.age_group,
        u1_0.auth_provider,
        u1_0.avatar,
        u1_0.created_at,
        u1_0.daily_goal_minutes,
        u1_0.division,
        u1_0.email,
        u1_0.email_verification_token,
        u1_0.email_verified,
        u1_0.english_level,
        u1_0.expo_push_token,
        u1_0.first_name,
        u1_0.interests,
        u1_0.last_name,
        u1_0.learning_goal,
        u1_0.native_language,
        u1_0.onboarding_completed,
        u1_0.parent_name,
        u1_0.parent_phone,
        u1_0.password,
        u1_0.phone,
        u1_0.preferred_accent,
        u1_0.preferred_voice,
        u1_0.reset_otp,
        u1_0.reset_otp_expiry,
        u1_0.reset_password_token,
        u1_0.reset_password_token_expiry,
        u1_0.role,
        u1_0.roll_number,
        u1_0.school_id,
        u1_0.school_name,
        u1_0.standard,
        u1_0.status,
        u1_0.updated_at,
        u1_0.user_type,
        u1_0.welcome_completed,
        u1_2.department,
        u1_2.designation,
        u1_2.employee_id,
        u1_2.experience,
        u1_2.joined_at,
        u1_2.qualification 
    from
        users u1_0 
    left join
        school_admins u1_1 
            on u1_0.id=u1_1.user_id 
    left join
        teachers u1_2 
            on u1_0.id=u1_2.id 
    where
        u1_0.email=?
Hibernate: 
    select
        u1_0.id,
        case 
            when u1_1.user_id is not null 
                then 1 
            when u1_2.id is not null 
                then 2 
            when u1_0.id is not null 
                then 0 
        end,
        u1_0.active,
        u1_0.age_group,
        u1_0.auth_provider,
        u1_0.avatar,
        u1_0.created_at,
        u1_0.daily_goal_minutes,
        u1_0.division,
        u1_0.email,
        u1_0.email_verification_token,
        u1_0.email_verified,
        u1_0.english_level,
        u1_0.expo_push_token,
        u1_0.first_name,
        u1_0.interests,
        u1_0.last_name,
        u1_0.learning_goal,
        u1_0.native_language,
        u1_0.onboarding_completed,
        u1_0.parent_name,
        u1_0.parent_phone,
        u1_0.password,
        u1_0.phone,
        u1_0.preferred_accent,
        u1_0.preferred_voice,
        u1_0.reset_otp,
        u1_0.reset_otp_expiry,
        u1_0.reset_password_token,
        u1_0.reset_password_token_expiry,
        u1_0.role,
        u1_0.roll_number,
        u1_0.school_id,
        u1_0.school_name,
        u1_0.standard,
        u1_0.status,
        u1_0.updated_at,
        u1_0.user_type,
        u1_0.welcome_completed,
        u1_2.department,
        u1_2.designation,
        u1_2.employee_id,
        u1_2.experience,
        u1_2.joined_at,
        u1_2.qualification 
    from
        users u1_0 
    left join
        school_admins u1_1 
            on u1_0.id=u1_1.user_id 
    left join
        teachers u1_2 
            on u1_0.id=u1_2.id 
    where
        u1_0.email=?
Hibernate: 
    select
        s1_0.id,
        s1_0.active,
        s1_0.age_group,
        s1_0.auth_provider,
        s1_0.avatar,
        s1_0.created_at,
        s1_0.daily_goal_minutes,
        s1_0.division,
        s1_0.email,
        s1_0.email_verification_token,
        s1_0.email_verified,
        s1_0.english_level,
        s1_0.expo_push_token,
        s1_0.first_name,
        s1_0.interests,
        s1_0.last_name,
        s1_0.learning_goal,
        s1_0.native_language,
        s1_0.onboarding_completed,
        s1_0.parent_name,
        s1_0.parent_phone,
        s1_0.password,
        s1_0.phone,
        s1_0.preferred_accent,
        s1_0.preferred_voice,
        s1_0.reset_otp,
        s1_0.reset_otp_expiry,
        s1_0.reset_password_token,
        s1_0.reset_password_token_expiry,
        s1_0.roll_number,
        s1_0.school_id,
        s1_0.school_name,
        s1_0.standard,
        s1_0.status,
        s1_0.updated_at,
        s1_0.welcome_completed 
    from
        students s1_0 
    where
        s1_0.school_id=?
Hibernate: 
    select
        ss1_0.id,
        ss1_0.created_at,
        ss1_0.duration,
        ss1_0.feedback,
        ss1_0.fluency_score,
        ss1_0.grammar_score,
        ss1_0.overall_score,
        ss1_0.pronunciation_score,
        ss1_0.scenario,
        ss1_0.score,
        ss1_0.user_id,
        s1_0.id,
        s1_0.active,
        s1_0.age_group,
        s1_0.auth_provider,
        s1_0.avatar,
        s1_0.created_at,
        s1_0.daily_goal_minutes,
        s1_0.division,
        s1_0.email,
        s1_0.email_verification_token,
        s1_0.email_verified,
        s1_0.english_level,
        s1_0.expo_push_token,
        s1_0.first_name,
        s1_0.interests,
        s1_0.last_name,
        s1_0.learning_goal,
        s1_0.native_language,
        s1_0.onboarding_completed,
        s1_0.parent_name,
        s1_0.parent_phone,
        s1_0.password,
        s1_0.phone,
        s1_0.preferred_accent,
        s1_0.preferred_voice,
        s1_0.reset_otp,
        s1_0.reset_otp_expiry,
        s1_0.reset_password_token,
        s1_0.reset_password_token_expiry,
        s1_0.roll_number,
        s1_0.school_id,
        s1_0.school_name,
        s1_0.standard,
        s1_0.status,
        s1_0.updated_at,
        s1_0.welcome_completed,
        ss1_0.topic,
        ss1_0.transcript,
        ss1_0.vocabulary_score,
        ss1_0.xp_earned 
    from
        speaking_sessions ss1_0 
    join
        students s1_0 
            on s1_0.id=ss1_0.user_id 
    where
        s1_0.school_id=? 
        and ss1_0.created_at>=? 
        and ss1_0.created_at<? 
    order by
        ss1_0.created_at
2026-08-24T17:36:19.004+05:30  INFO 14684 --- [SpeakMateAI] [0.0-9091-exec-8] c.r.s.security.RequestLoggingFilter      : [REQUEST LOG] Incoming request: GET /api/v1/school/insights
Hibernate: 
    select
        u1_0.id,
        case 
            when u1_1.user_id is not null 
                then 1 
            when u1_2.id is not null 
                then 2 
            when u1_0.id is not null 
                then 0 
        end,
        u1_0.active,
        u1_0.age_group,
        u1_0.auth_provider,
        u1_0.avatar,
        u1_0.created_at,
        u1_0.daily_goal_minutes,
        u1_0.division,
        u1_0.email,
        u1_0.email_verification_token,
        u1_0.email_verified,
        u1_0.english_level,
        u1_0.expo_push_token,
        u1_0.first_name,
        u1_0.interests,
        u1_0.last_name,
        u1_0.learning_goal,
        u1_0.native_language,
        u1_0.onboarding_completed,
        u1_0.parent_name,
        u1_0.parent_phone,
        u1_0.password,
        u1_0.phone,
        u1_0.preferred_accent,
        u1_0.preferred_voice,
        u1_0.reset_otp,
        u1_0.reset_otp_expiry,
        u1_0.reset_password_token,
        u1_0.reset_password_token_expiry,
        u1_0.role,
        u1_0.roll_number,
        u1_0.school_id,
        u1_0.school_name,
        u1_0.standard,
        u1_0.status,
        u1_0.updated_at,
        u1_0.user_type,
        u1_0.welcome_completed,
        u1_2.department,
        u1_2.designation,
        u1_2.employee_id,
        u1_2.experience,
        u1_2.joined_at,
        u1_2.qualification 
    from
        users u1_0 
    left join
        school_admins u1_1 
            on u1_0.id=u1_1.user_id 
    left join
        teachers u1_2 
            on u1_0.id=u1_2.id 
    where
        u1_0.email=?
Hibernate: 
    select
        u1_0.id,
        case 
            when u1_1.user_id is not null 
                then 1 
            when u1_2.id is not null 
                then 2 
            when u1_0.id is not null 
                then 0 
        end,
        u1_0.active,
        u1_0.age_group,
        u1_0.auth_provider,
        u1_0.avatar,
        u1_0.created_at,
        u1_0.daily_goal_minutes,
        u1_0.division,
        u1_0.email,
        u1_0.email_verification_token,
        u1_0.email_verified,
        u1_0.english_level,
        u1_0.expo_push_token,
        u1_0.first_name,
        u1_0.interests,
        u1_0.last_name,
        u1_0.learning_goal,
        u1_0.native_language,
        u1_0.onboarding_completed,
        u1_0.parent_name,
        u1_0.parent_phone,
        u1_0.password,
        u1_0.phone,
        u1_0.preferred_accent,
        u1_0.preferred_voice,
        u1_0.reset_otp,
        u1_0.reset_otp_expiry,
        u1_0.reset_password_token,
        u1_0.reset_password_token_expiry,
        u1_0.role,
        u1_0.roll_number,
        u1_0.school_id,
        u1_0.school_name,
        u1_0.standard,
        u1_0.status,
        u1_0.updated_at,
        u1_0.user_type,
        u1_0.welcome_completed,
        u1_2.department,
        u1_2.designation,
        u1_2.employee_id,
        u1_2.experience,
        u1_2.joined_at,
        u1_2.qualification 
    from
        users u1_0 
    left join
        school_admins u1_1 
            on u1_0.id=u1_1.user_id 
    left join
        teachers u1_2 
            on u1_0.id=u1_2.id 
    where
        u1_0.email=?
Hibernate: 
    select
        ss1_0.id,
        ss1_0.created_at,
        ss1_0.duration,
        ss1_0.feedback,
        ss1_0.fluency_score,
        ss1_0.grammar_score,
        ss1_0.overall_score,
        ss1_0.pronunciation_score,
        ss1_0.scenario,
        ss1_0.score,
        ss1_0.user_id,
        s1_0.id,
        s1_0.active,
        s1_0.age_group,
        s1_0.auth_provider,
        s1_0.avatar,
        s1_0.created_at,
        s1_0.daily_goal_minutes,
        s1_0.division,
        s1_0.email,
        s1_0.email_verification_token,
        s1_0.email_verified,
        s1_0.english_level,
        s1_0.expo_push_token,
        s1_0.first_name,
        s1_0.interests,
        s1_0.last_name,
        s1_0.learning_goal,
        s1_0.native_language,
        s1_0.onboarding_completed,
        s1_0.parent_name,
        s1_0.parent_phone,
        s1_0.password,
        s1_0.phone,
        s1_0.preferred_accent,
        s1_0.preferred_voice,
        s1_0.reset_otp,
        s1_0.reset_otp_expiry,
        s1_0.reset_password_token,
        s1_0.reset_password_token_expiry,
        s1_0.roll_number,
        s1_0.school_id,
        s1_0.school_name,
        s1_0.standard,
        s1_0.status,
        s1_0.updated_at,
        s1_0.welcome_completed,
        ss1_0.topic,
        ss1_0.transcript,
        ss1_0.vocabulary_score,
        ss1_0.xp_earned 
    from
        speaking_sessions ss1_0 
    join
        students s1_0 
            on s1_0.id=ss1_0.user_id 
    where
        s1_0.school_id=? 
        and ss1_0.created_at>=? 
        and ss1_0.created_at<? 
    order by
        ss1_0.created_at
Hibernate: 
    select
        s1_0.id,
        s1_0.ai_voice,
        s1_0.auto_play_audio,
        s1_0.created_at,
        s1_0.daily_reminder,
        s1_0.dark_mode,
        s1_0.language,
        s1_0.notifications_enabled,
        s1_0.sound_effects,
        s1_0.student_id,
        s1_0.two_factor_enabled,
        s1_0.updated_at,
        s1_0.user_id 
    from
        settings s1_0 
    where
        s1_0.student_id=?
Hibernate: 
    select
        s1_0.id,
        s1_0.ai_voice,
        s1_0.auto_play_audio,
        s1_0.created_at,
        s1_0.daily_reminder,
        s1_0.dark_mode,
        s1_0.language,
        s1_0.notifications_enabled,
        s1_0.sound_effects,
        s1_0.student_id,
        s1_0.two_factor_enabled,
        s1_0.updated_at,
        s1_0.user_id 
    from
        settings s1_0 
    where
        s1_0.student_id=?
Hibernate: 
    select
        s1_0.id,
        s1_0.ai_voice,
        s1_0.auto_play_audio,
        s1_0.created_at,
        s1_0.daily_reminder,
        s1_0.dark_mode,
        s1_0.language,
        s1_0.notifications_enabled,
        s1_0.sound_effects,
        s1_0.student_id,
        s1_0.two_factor_enabled,
        s1_0.updated_at,
        s1_0.user_id 
    from
        settings s1_0 
    where
        s1_0.student_id=?
Hibernate: 
    select
        s1_0.id,
        s1_0.ai_voice,
        s1_0.auto_play_audio,
        s1_0.created_at,
        s1_0.daily_reminder,
        s1_0.dark_mode,
        s1_0.language,
        s1_0.notifications_enabled,
        s1_0.sound_effects,
        s1_0.student_id,
        s1_0.two_factor_enabled,
        s1_0.updated_at,
        s1_0.user_id 
    from
        settings s1_0 
    where
        s1_0.student_id=?
Hibernate: 
    select
        s1_0.id,
        s1_0.ai_voice,
        s1_0.auto_play_audio,
        s1_0.created_at,
        s1_0.daily_reminder,
        s1_0.dark_mode,
        s1_0.language,
        s1_0.notifications_enabled,
        s1_0.sound_effects,
        s1_0.student_id,
        s1_0.two_factor_enabled,
        s1_0.updated_at,
        s1_0.user_id 
    from
        settings s1_0 
    where
        s1_0.student_id=?
Hibernate: 
    select
        u1_0.id,
        case 
            when u1_1.user_id is not null 
                then 1 
            when u1_2.id is not null 
                then 2 
            when u1_0.id is not null 
                then 0 
        end,
        u1_0.active,
        u1_0.age_group,
        u1_0.auth_provider,
        u1_0.avatar,
        u1_0.created_at,
        u1_0.daily_goal_minutes,
        u1_0.division,
        u1_0.email,
        u1_0.email_verification_token,
        u1_0.email_verified,
        u1_0.english_level,
        u1_0.expo_push_token,
        u1_0.first_name,
        u1_0.interests,
        u1_0.last_name,
        u1_0.learning_goal,
        u1_0.native_language,
        u1_0.onboarding_completed,
        u1_0.parent_name,
        u1_0.parent_phone,
        u1_0.password,
        u1_0.phone,
        u1_0.preferred_accent,
        u1_0.preferred_voice,
        u1_0.reset_otp,
        u1_0.reset_otp_expiry,
        u1_0.reset_password_token,
        u1_0.reset_password_token_expiry,
        u1_0.role,
        u1_0.roll_number,
        u1_0.school_id,
        u1_0.school_name,
        u1_0.standard,
        u1_0.status,
        u1_0.updated_at,
        u1_0.user_type,
        u1_0.welcome_completed,
        u1_2.department,
        u1_2.designation,
        u1_2.employee_id,
        u1_2.experience,
        u1_2.joined_at,
        u1_2.qualification 
    from
        users u1_0 
    left join
        school_admins u1_1 
            on u1_0.id=u1_1.user_id 
    left join
        teachers u1_2 
            on u1_0.id=u1_2.id 
    where
        u1_0.school_id=? 
        and u1_0.role=?
Hibernate: 
    select
        cr1_0.id,
        cr1_0.academic_year,
        cr1_0.created_at,
        cr1_0.grade,
        cr1_0.name,
        cr1_0.school_id,
        cr1_0.status,
        cr1_0.teacher_id,
        cr1_0.updated_at 
    from
        class_rooms cr1_0 
    where
        cr1_0.school_id=?
Hibernate: 
    select
        r1_0.id,
        r1_0.active,
        r1_0.created_at,
        r1_0.marks_obtained,
        r1_0.status,
        r1_0.student_id,
        r1_0.submitted_at,
        r1_0.test_title,
        r1_0.total_marks,
        r1_0.updated_at 
    from
        results r1_0 
    join
        users s1_0 
            on s1_0.id=r1_0.student_id 
    where
        s1_0.school_id=? 
        and r1_0.active
Hibernate: 
    select
        count(lp1_0.id) 
    from
        lesson_progress lp1_0 
    join
        students s1_0 
            on s1_0.id=lp1_0.user_id 
    where
        s1_0.school_id=? 
        and lp1_0.completed=true
Hibernate: 
    select
        s1_0.id,
        s1_0.active,
        s1_0.address,
        s1_0.contact_phone,
        s1_0.created_at,
        s1_0.name,
        s1_0.school_code,
        s1_0.school_name,
        s1_0.updated_at 
    from
        schools s1_0 
    where
        s1_0.id=?
2026-08-24T17:36:22.172+05:30  INFO 14684 --- [SpeakMateAI] [0.0-9091-exec-4] c.r.s.security.RequestLoggingFilter      : [REQUEST LOG] Incoming request: GET /api/v1/school/dashboard
Hibernate: 
    select
        u1_0.id,
        case 
            when u1_1.user_id is not null 
                then 1 
            when u1_2.id is not null 
                then 2 
            when u1_0.id is not null 
                then 0 
        end,
        u1_0.active,
        u1_0.age_group,
        u1_0.auth_provider,
        u1_0.avatar,
        u1_0.created_at,
        u1_0.daily_goal_minutes,
        u1_0.division,
        u1_0.email,
        u1_0.email_verification_token,
        u1_0.email_verified,
        u1_0.english_level,
        u1_0.expo_push_token,
        u1_0.first_name,
        u1_0.interests,
        u1_0.last_name,
        u1_0.learning_goal,
        u1_0.native_language,
        u1_0.onboarding_completed,
        u1_0.parent_name,
        u1_0.parent_phone,
        u1_0.password,
        u1_0.phone,
        u1_0.preferred_accent,
        u1_0.preferred_voice,
        u1_0.reset_otp,
        u1_0.reset_otp_expiry,
        u1_0.reset_password_token,
        u1_0.reset_password_token_expiry,
        u1_0.role,
        u1_0.roll_number,
        u1_0.school_id,
        u1_0.school_name,
        u1_0.standard,
        u1_0.status,
        u1_0.updated_at,
        u1_0.user_type,
        u1_0.welcome_completed,
        u1_2.department,
        u1_2.designation,
        u1_2.employee_id,
        u1_2.experience,
        u1_2.joined_at,
        u1_2.qualification 
    from
        users u1_0 
    left join
        school_admins u1_1 
            on u1_0.id=u1_1.user_id 
    left join
        teachers u1_2 
            on u1_0.id=u1_2.id 
    where
        u1_0.email=?
Hibernate: 
    select
        u1_0.id,
        case 
            when u1_1.user_id is not null 
                then 1 
            when u1_2.id is not null 
                then 2 
            when u1_0.id is not null 
                then 0 
        end,
        u1_0.active,
        u1_0.age_group,
        u1_0.auth_provider,
        u1_0.avatar,
        u1_0.created_at,
        u1_0.daily_goal_minutes,
        u1_0.division,
        u1_0.email,
        u1_0.email_verification_token,
        u1_0.email_verified,
        u1_0.english_level,
        u1_0.expo_push_token,
        u1_0.first_name,
        u1_0.interests,
        u1_0.last_name,
        u1_0.learning_goal,
        u1_0.native_language,
        u1_0.onboarding_completed,
        u1_0.parent_name,
        u1_0.parent_phone,
        u1_0.password,
        u1_0.phone,
        u1_0.preferred_accent,
        u1_0.preferred_voice,
        u1_0.reset_otp,
        u1_0.reset_otp_expiry,
        u1_0.reset_password_token,
        u1_0.reset_password_token_expiry,
        u1_0.role,
        u1_0.roll_number,
        u1_0.school_id,
        u1_0.school_name,
        u1_0.standard,
        u1_0.status,
        u1_0.updated_at,
        u1_0.user_type,
        u1_0.welcome_completed,
        u1_2.department,
        u1_2.designation,
        u1_2.employee_id,
        u1_2.experience,
        u1_2.joined_at,
        u1_2.qualification 
    from
        users u1_0 
    left join
        school_admins u1_1 
            on u1_0.id=u1_1.user_id 
    left join
        teachers u1_2 
            on u1_0.id=u1_2.id 
    where
        u1_0.email=?
Hibernate: 
    select
        s1_0.id,
        s1_0.active,
        s1_0.age_group,
        s1_0.auth_provider,
        s1_0.avatar,
        s1_0.created_at,
        s1_0.daily_goal_minutes,
        s1_0.division,
        s1_0.email,
        s1_0.email_verification_token,
        s1_0.email_verified,
        s1_0.english_level,
        s1_0.expo_push_token,
        s1_0.first_name,
        s1_0.interests,
        s1_0.last_name,
        s1_0.learning_goal,
        s1_0.native_language,
        s1_0.onboarding_completed,
        s1_0.parent_name,
        s1_0.parent_phone,
        s1_0.password,
        s1_0.phone,
        s1_0.preferred_accent,
        s1_0.preferred_voice,
        s1_0.reset_otp,
        s1_0.reset_otp_expiry,
        s1_0.reset_password_token,
        s1_0.reset_password_token_expiry,
        s1_0.roll_number,
        s1_0.school_id,
        s1_0.school_name,
        s1_0.standard,
        s1_0.status,
        s1_0.updated_at,
        s1_0.welcome_completed 
    from
        students s1_0 
    where
        s1_0.school_id=?
Hibernate: 
    select
        s1_0.id,
        s1_0.ai_voice,
        s1_0.auto_play_audio,
        s1_0.created_at,
        s1_0.daily_reminder,
        s1_0.dark_mode,
        s1_0.language,
        s1_0.notifications_enabled,
        s1_0.sound_effects,
        s1_0.student_id,
        s1_0.two_factor_enabled,
        s1_0.updated_at,
        s1_0.user_id 
    from
        settings s1_0 
    where
        s1_0.student_id=?
Hibernate: 
    select
        s1_0.id,
        s1_0.ai_voice,
        s1_0.auto_play_audio,
        s1_0.created_at,
        s1_0.daily_reminder,
        s1_0.dark_mode,
        s1_0.language,
        s1_0.notifications_enabled,
        s1_0.sound_effects,
        s1_0.student_id,
        s1_0.two_factor_enabled,
        s1_0.updated_at,
        s1_0.user_id 
    from
        settings s1_0 
    where
        s1_0.student_id=?
Hibernate: 
    select
        s1_0.id,
        s1_0.ai_voice,
        s1_0.auto_play_audio,
        s1_0.created_at,
        s1_0.daily_reminder,
        s1_0.dark_mode,
        s1_0.language,
        s1_0.notifications_enabled,
        s1_0.sound_effects,
        s1_0.student_id,
        s1_0.two_factor_enabled,
        s1_0.updated_at,
        s1_0.user_id 
    from
        settings s1_0 
    where
        s1_0.student_id=?
Hibernate: 
    select
        s1_0.id,
        s1_0.ai_voice,
        s1_0.auto_play_audio,
        s1_0.created_at,
        s1_0.daily_reminder,
        s1_0.dark_mode,
        s1_0.language,
        s1_0.notifications_enabled,
        s1_0.sound_effects,
        s1_0.student_id,
        s1_0.two_factor_enabled,
        s1_0.updated_at,
        s1_0.user_id 
    from
        settings s1_0 
    where
        s1_0.student_id=?
Hibernate: 
    select
        s1_0.id,
        s1_0.ai_voice,
        s1_0.auto_play_audio,
        s1_0.created_at,
        s1_0.daily_reminder,
        s1_0.dark_mode,
        s1_0.language,
        s1_0.notifications_enabled,
        s1_0.sound_effects,
        s1_0.student_id,
        s1_0.two_factor_enabled,
        s1_0.updated_at,
        s1_0.user_id 
    from
        settings s1_0 
    where
        s1_0.student_id=?
Hibernate: 
    select
        u1_0.id,
        case 
            when u1_1.user_id is not null 
                then 1 
            when u1_2.id is not null 
                then 2 
            when u1_0.id is not null 
                then 0 
        end,
        u1_0.active,
        u1_0.age_group,
        u1_0.auth_provider,
        u1_0.avatar,
        u1_0.created_at,
        u1_0.daily_goal_minutes,
        u1_0.division,
        u1_0.email,
        u1_0.email_verification_token,
        u1_0.email_verified,
        u1_0.english_level,
        u1_0.expo_push_token,
        u1_0.first_name,
        u1_0.interests,
        u1_0.last_name,
        u1_0.learning_goal,
        u1_0.native_language,
        u1_0.onboarding_completed,
        u1_0.parent_name,
        u1_0.parent_phone,
        u1_0.password,
        u1_0.phone,
        u1_0.preferred_accent,
        u1_0.preferred_voice,
        u1_0.reset_otp,
        u1_0.reset_otp_expiry,
        u1_0.reset_password_token,
        u1_0.reset_password_token_expiry,
        u1_0.role,
        u1_0.roll_number,
        u1_0.school_id,
        u1_0.school_name,
        u1_0.standard,
        u1_0.status,
        u1_0.updated_at,
        u1_0.user_type,
        u1_0.welcome_completed,
        u1_2.department,
        u1_2.designation,
        u1_2.employee_id,
        u1_2.experience,
        u1_2.joined_at,
        u1_2.qualification 
    from
        users u1_0 
    left join
        school_admins u1_1 
            on u1_0.id=u1_1.user_id 
    left join
        teachers u1_2 
            on u1_0.id=u1_2.id 
    where
        u1_0.school_id=? 
        and u1_0.role=?
Hibernate: 
    select
        cr1_0.id,
        cr1_0.academic_year,
        cr1_0.created_at,
        cr1_0.grade,
        cr1_0.name,
        cr1_0.school_id,
        cr1_0.status,
        cr1_0.teacher_id,
        cr1_0.updated_at 
    from
        class_rooms cr1_0 
    where
        cr1_0.school_id=?
Hibernate: 
    select
        r1_0.id,
        r1_0.active,
        r1_0.created_at,
        r1_0.marks_obtained,
        r1_0.status,
        r1_0.student_id,
        r1_0.submitted_at,
        r1_0.test_title,
        r1_0.total_marks,
        r1_0.updated_at 
    from
        results r1_0 
    join
        users s1_0 
            on s1_0.id=r1_0.student_id 
    where
        s1_0.school_id=? 
        and r1_0.active
Hibernate: 
    select
        count(lp1_0.id) 
    from
        lesson_progress lp1_0 
    join
        students s1_0 
            on s1_0.id=lp1_0.user_id 
    where
        s1_0.school_id=? 
        and lp1_0.completed=true
Hibernate: 
    select
        s1_0.id,
        s1_0.active,
        s1_0.address,
        s1_0.contact_phone,
        s1_0.created_at,
        s1_0.name,
        s1_0.school_code,
        s1_0.school_name,
        s1_0.updated_at 
    from
        schools s1_0 
    where
        s1_0.id=?
2026-08-24T17:36:44.633+05:30  INFO 14684 --- [SpeakMateAI] [0.0-9091-exec-1] c.r.s.security.RequestLoggingFilter      : [REQUEST LOG] Incoming request: GET /api/v1/school/results
Hibernate: 
    select
        u1_0.id,
        case 
            when u1_1.user_id is not null 
                then 1 
            when u1_2.id is not null 
                then 2 
            when u1_0.id is not null 
                then 0 
        end,
        u1_0.active,
        u1_0.age_group,
        u1_0.auth_provider,
        u1_0.avatar,
        u1_0.created_at,
        u1_0.daily_goal_minutes,
        u1_0.division,
        u1_0.email,
        u1_0.email_verification_token,
        u1_0.email_verified,
        u1_0.english_level,
        u1_0.expo_push_token,
        u1_0.first_name,
        u1_0.interests,
        u1_0.last_name,
        u1_0.learning_goal,
        u1_0.native_language,
        u1_0.onboarding_completed,
        u1_0.parent_name,
        u1_0.parent_phone,
        u1_0.password,
        u1_0.phone,
        u1_0.preferred_accent,
        u1_0.preferred_voice,
        u1_0.reset_otp,
        u1_0.reset_otp_expiry,
        u1_0.reset_password_token,
        u1_0.reset_password_token_expiry,
        u1_0.role,
        u1_0.roll_number,
        u1_0.school_id,
        u1_0.school_name,
        u1_0.standard,
        u1_0.status,
        u1_0.updated_at,
        u1_0.user_type,
        u1_0.welcome_completed,
        u1_2.department,
        u1_2.designation,
        u1_2.employee_id,
        u1_2.experience,
        u1_2.joined_at,
        u1_2.qualification 
    from
        users u1_0 
    left join
        school_admins u1_1 
            on u1_0.id=u1_1.user_id 
    left join
        teachers u1_2 
            on u1_0.id=u1_2.id 
    where
        u1_0.email=?
Hibernate: 
    select
        u1_0.id,
        case 
            when u1_1.user_id is not null 
                then 1 
            when u1_2.id is not null 
                then 2 
            when u1_0.id is not null 
                then 0 
        end,
        u1_0.active,
        u1_0.age_group,
        u1_0.auth_provider,
        u1_0.avatar,
        u1_0.created_at,
        u1_0.daily_goal_minutes,
        u1_0.division,
        u1_0.email,
        u1_0.email_verification_token,
        u1_0.email_verified,
        u1_0.english_level,
        u1_0.expo_push_token,
        u1_0.first_name,
        u1_0.interests,
        u1_0.last_name,
        u1_0.learning_goal,
        u1_0.native_language,
        u1_0.onboarding_completed,
        u1_0.parent_name,
        u1_0.parent_phone,
        u1_0.password,
        u1_0.phone,
        u1_0.preferred_accent,
        u1_0.preferred_voice,
        u1_0.reset_otp,
        u1_0.reset_otp_expiry,
        u1_0.reset_password_token,
        u1_0.reset_password_token_expiry,
        u1_0.role,
        u1_0.roll_number,
        u1_0.school_id,
        u1_0.school_name,
        u1_0.standard,
        u1_0.status,
        u1_0.updated_at,
        u1_0.user_type,
        u1_0.welcome_completed,
        u1_2.department,
        u1_2.designation,
        u1_2.employee_id,
        u1_2.experience,
        u1_2.joined_at,
        u1_2.qualification 
    from
        users u1_0 
    left join
        school_admins u1_1 
            on u1_0.id=u1_1.user_id 
    left join
        teachers u1_2 
            on u1_0.id=u1_2.id 
    where
        u1_0.email=?
Hibernate: 
    select
        r1_0.id,
        r1_0.active,
        r1_0.created_at,
        r1_0.marks_obtained,
        r1_0.status,
        r1_0.student_id,
        r1_0.submitted_at,
        r1_0.test_title,
        r1_0.total_marks,
        r1_0.updated_at 
    from
        results r1_0 
    join
        users s1_0 
            on s1_0.id=r1_0.student_id 
    where
        s1_0.school_id=? 
        and r1_0.active
2026-08-24T17:36:45.109+05:30  INFO 14684 --- [SpeakMateAI] [0.0-9091-exec-9] c.r.s.security.RequestLoggingFilter      : [REQUEST LOG] Incoming request: GET /api/school/students
Hibernate: 
    select
        u1_0.id,
        case 
            when u1_1.user_id is not null 
                then 1 
            when u1_2.id is not null 
                then 2 
            when u1_0.id is not null 
                then 0 
        end,
        u1_0.active,
        u1_0.age_group,
        u1_0.auth_provider,
        u1_0.avatar,
        u1_0.created_at,
        u1_0.daily_goal_minutes,
        u1_0.division,
        u1_0.email,
        u1_0.email_verification_token,
        u1_0.email_verified,
        u1_0.english_level,
        u1_0.expo_push_token,
        u1_0.first_name,
        u1_0.interests,
        u1_0.last_name,
        u1_0.learning_goal,
        u1_0.native_language,
        u1_0.onboarding_completed,
        u1_0.parent_name,
        u1_0.parent_phone,
        u1_0.password,
        u1_0.phone,
        u1_0.preferred_accent,
        u1_0.preferred_voice,
        u1_0.reset_otp,
        u1_0.reset_otp_expiry,
        u1_0.reset_password_token,
        u1_0.reset_password_token_expiry,
        u1_0.role,
        u1_0.roll_number,
        u1_0.school_id,
        u1_0.school_name,
        u1_0.standard,
        u1_0.status,
        u1_0.updated_at,
        u1_0.user_type,
        u1_0.welcome_completed,
        u1_2.department,
        u1_2.designation,
        u1_2.employee_id,
        u1_2.experience,
        u1_2.joined_at,
        u1_2.qualification 
    from
        users u1_0 
    left join
        school_admins u1_1 
            on u1_0.id=u1_1.user_id 
    left join
        teachers u1_2 
            on u1_0.id=u1_2.id 
    where
        u1_0.email=?
Hibernate: 
    select
        u1_0.id,
        case 
            when u1_1.user_id is not null 
                then 1 
            when u1_2.id is not null 
                then 2 
            when u1_0.id is not null 
                then 0 
        end,
        u1_0.active,
        u1_0.age_group,
        u1_0.auth_provider,
        u1_0.avatar,
        u1_0.created_at,
        u1_0.daily_goal_minutes,
        u1_0.division,
        u1_0.email,
        u1_0.email_verification_token,
        u1_0.email_verified,
        u1_0.english_level,
        u1_0.expo_push_token,
        u1_0.first_name,
        u1_0.interests,
        u1_0.last_name,
        u1_0.learning_goal,
        u1_0.native_language,
        u1_0.onboarding_completed,
        u1_0.parent_name,
        u1_0.parent_phone,
        u1_0.password,
        u1_0.phone,
        u1_0.preferred_accent,
        u1_0.preferred_voice,
        u1_0.reset_otp,
        u1_0.reset_otp_expiry,
        u1_0.reset_password_token,
        u1_0.reset_password_token_expiry,
        u1_0.role,
        u1_0.roll_number,
        u1_0.school_id,
        u1_0.school_name,
        u1_0.standard,
        u1_0.status,
        u1_0.updated_at,
        u1_0.user_type,
        u1_0.welcome_completed,
        u1_2.department,
        u1_2.designation,
        u1_2.employee_id,
        u1_2.experience,
        u1_2.joined_at,
        u1_2.qualification 
    from
        users u1_0 
    left join
        school_admins u1_1 
            on u1_0.id=u1_1.user_id 
    left join
        teachers u1_2 
            on u1_0.id=u1_2.id 
    where
        u1_0.email=?
Hibernate: 
    select
        s1_0.id,
        s1_0.active,
        s1_0.age_group,
        s1_0.auth_provider,
        s1_0.avatar,
        s1_0.created_at,
        s1_0.daily_goal_minutes,
        s1_0.division,
        s1_0.email,
        s1_0.email_verification_token,
        s1_0.email_verified,
        s1_0.english_level,
        s1_0.expo_push_token,
        s1_0.first_name,
        s1_0.interests,
        s1_0.last_name,
        s1_0.learning_goal,
        s1_0.native_language,
        s1_0.onboarding_completed,
        s1_0.parent_name,
        s1_0.parent_phone,
        s1_0.password,
        s1_0.phone,
        s1_0.preferred_accent,
        s1_0.preferred_voice,
        s1_0.reset_otp,
        s1_0.reset_otp_expiry,
        s1_0.reset_password_token,
        s1_0.reset_password_token_expiry,
        s1_0.roll_number,
        s1_0.school_id,
        s1_0.school_name,
        s1_0.standard,
        s1_0.status,
        s1_0.updated_at,
        s1_0.welcome_completed 
    from
        students s1_0 
    where
        s1_0.school_id=?
Hibernate: 
    select
        s1_0.id,
        s1_0.ai_voice,
        s1_0.auto_play_audio,
        s1_0.created_at,
        s1_0.daily_reminder,
        s1_0.dark_mode,
        s1_0.language,
        s1_0.notifications_enabled,
        s1_0.sound_effects,
        s1_0.student_id,
        s1_0.two_factor_enabled,
        s1_0.updated_at,
        s1_0.user_id 
    from
        settings s1_0 
    where
        s1_0.student_id=?
Hibernate: 
    select
        s1_0.id,
        s1_0.ai_voice,
        s1_0.auto_play_audio,
        s1_0.created_at,
        s1_0.daily_reminder,
        s1_0.dark_mode,
        s1_0.language,
        s1_0.notifications_enabled,
        s1_0.sound_effects,
        s1_0.student_id,
        s1_0.two_factor_enabled,
        s1_0.updated_at,
        s1_0.user_id 
    from
        settings s1_0 
    where
        s1_0.student_id=?
Hibernate: 
    select
        s1_0.id,
        s1_0.ai_voice,
        s1_0.auto_play_audio,
        s1_0.created_at,
        s1_0.daily_reminder,
        s1_0.dark_mode,
        s1_0.language,
        s1_0.notifications_enabled,
        s1_0.sound_effects,
        s1_0.student_id,
        s1_0.two_factor_enabled,
        s1_0.updated_at,
        s1_0.user_id 
    from
        settings s1_0 
    where
        s1_0.student_id=?
Hibernate: 
    select
        s1_0.id,
        s1_0.ai_voice,
        s1_0.auto_play_audio,
        s1_0.created_at,
        s1_0.daily_reminder,
        s1_0.dark_mode,
        s1_0.language,
        s1_0.notifications_enabled,
        s1_0.sound_effects,
        s1_0.student_id,
        s1_0.two_factor_enabled,
        s1_0.updated_at,
        s1_0.user_id 
    from
        settings s1_0 
    where
        s1_0.student_id=?
Hibernate: 
    select
        s1_0.id,
        s1_0.ai_voice,
        s1_0.auto_play_audio,
        s1_0.created_at,
        s1_0.daily_reminder,
        s1_0.dark_mode,
        s1_0.language,
        s1_0.notifications_enabled,
        s1_0.sound_effects,
        s1_0.student_id,
        s1_0.two_factor_enabled,
        s1_0.updated_at,
        s1_0.user_id 
    from
        settings s1_0 
    where
        s1_0.student_id=?
2026-08-24T17:36:46.612+05:30  INFO 14684 --- [SpeakMateAI] [.0-9091-exec-10] c.r.s.security.RequestLoggingFilter      : [REQUEST LOG] Incoming request: GET /api/v1/school/teachers
Hibernate: 
    select
        u1_0.id,
        case 
            when u1_1.user_id is not null 
                then 1 
            when u1_2.id is not null 
                then 2 
            when u1_0.id is not null 
                then 0 
        end,
        u1_0.active,
        u1_0.age_group,
        u1_0.auth_provider,
        u1_0.avatar,
        u1_0.created_at,
        u1_0.daily_goal_minutes,
        u1_0.division,
        u1_0.email,
        u1_0.email_verification_token,
        u1_0.email_verified,
        u1_0.english_level,
        u1_0.expo_push_token,
        u1_0.first_name,
        u1_0.interests,
        u1_0.last_name,
        u1_0.learning_goal,
        u1_0.native_language,
        u1_0.onboarding_completed,
        u1_0.parent_name,
        u1_0.parent_phone,
        u1_0.password,
        u1_0.phone,
        u1_0.preferred_accent,
        u1_0.preferred_voice,
        u1_0.reset_otp,
        u1_0.reset_otp_expiry,
        u1_0.reset_password_token,
        u1_0.reset_password_token_expiry,
        u1_0.role,
        u1_0.roll_number,
        u1_0.school_id,
        u1_0.school_name,
        u1_0.standard,
        u1_0.status,
        u1_0.updated_at,
        u1_0.user_type,
        u1_0.welcome_completed,
        u1_2.department,
        u1_2.designation,
        u1_2.employee_id,
        u1_2.experience,
        u1_2.joined_at,
        u1_2.qualification 
    from
        users u1_0 
    left join
        school_admins u1_1 
            on u1_0.id=u1_1.user_id 
    left join
        teachers u1_2 
            on u1_0.id=u1_2.id 
    where
        u1_0.email=?
Hibernate: 
    select
        u1_0.id,
        case 
            when u1_1.user_id is not null 
                then 1 
            when u1_2.id is not null 
                then 2 
            when u1_0.id is not null 
                then 0 
        end,
        u1_0.active,
        u1_0.age_group,
        u1_0.auth_provider,
        u1_0.avatar,
        u1_0.created_at,
        u1_0.daily_goal_minutes,
        u1_0.division,
        u1_0.email,
        u1_0.email_verification_token,
        u1_0.email_verified,
        u1_0.english_level,
        u1_0.expo_push_token,
        u1_0.first_name,
        u1_0.interests,
        u1_0.last_name,
        u1_0.learning_goal,
        u1_0.native_language,
        u1_0.onboarding_completed,
        u1_0.parent_name,
        u1_0.parent_phone,
        u1_0.password,
        u1_0.phone,
        u1_0.preferred_accent,
        u1_0.preferred_voice,
        u1_0.reset_otp,
        u1_0.reset_otp_expiry,
        u1_0.reset_password_token,
        u1_0.reset_password_token_expiry,
        u1_0.role,
        u1_0.roll_number,
        u1_0.school_id,
        u1_0.school_name,
        u1_0.standard,
        u1_0.status,
        u1_0.updated_at,
        u1_0.user_type,
        u1_0.welcome_completed,
        u1_2.department,
        u1_2.designation,
        u1_2.employee_id,
        u1_2.experience,
        u1_2.joined_at,
        u1_2.qualification 
    from
        users u1_0 
    left join
        school_admins u1_1 
            on u1_0.id=u1_1.user_id 
    left join
        teachers u1_2 
            on u1_0.id=u1_2.id 
    where
        u1_0.email=?
Hibernate: 
    select
        u1_0.id,
        case 
            when u1_1.user_id is not null 
                then 1 
            when u1_2.id is not null 
                then 2 
            when u1_0.id is not null 
                then 0 
        end,
        u1_0.active,
        u1_0.age_group,
        u1_0.auth_provider,
        u1_0.avatar,
        u1_0.created_at,
        u1_0.daily_goal_minutes,
        u1_0.division,
        u1_0.email,
        u1_0.email_verification_token,
        u1_0.email_verified,
        u1_0.english_level,
        u1_0.expo_push_token,
        u1_0.first_name,
        u1_0.interests,
        u1_0.last_name,
        u1_0.learning_goal,
        u1_0.native_language,
        u1_0.onboarding_completed,
        u1_0.parent_name,
        u1_0.parent_phone,
        u1_0.password,
        u1_0.phone,
        u1_0.preferred_accent,
        u1_0.preferred_voice,
        u1_0.reset_otp,
        u1_0.reset_otp_expiry,
        u1_0.reset_password_token,
        u1_0.reset_password_token_expiry,
        u1_0.role,
        u1_0.roll_number,
        u1_0.school_id,
        u1_0.school_name,
        u1_0.standard,
        u1_0.status,
        u1_0.updated_at,
        u1_0.user_type,
        u1_0.welcome_completed,
        u1_2.department,
        u1_2.designation,
        u1_2.employee_id,
        u1_2.experience,
        u1_2.joined_at,
        u1_2.qualification 
    from
        users u1_0 
    left join
        school_admins u1_1 
            on u1_0.id=u1_1.user_id 
    left join
        teachers u1_2 
            on u1_0.id=u1_2.id 
    where
        u1_0.school_id=? 
        and u1_0.role=?
Hibernate: 
    select
        s1_0.id,
        s1_0.active,
        s1_0.address,
        s1_0.contact_phone,
        s1_0.created_at,
        s1_0.name,
        s1_0.school_code,
        s1_0.school_name,
        s1_0.updated_at 
    from
        schools s1_0 
    where
        s1_0.id=?
2026-08-24T17:36:47.213+05:30  INFO 14684 --- [SpeakMateAI] [0.0-9091-exec-8] c.r.s.security.RequestLoggingFilter      : [REQUEST LOG] Incoming request: GET /api/v1/school/teachers
2026-08-24T17:36:47.226+05:30  INFO 14684 --- [SpeakMateAI] [0.0-9091-exec-7] c.r.s.security.RequestLoggingFilter      : [REQUEST LOG] Incoming request: GET /api/school/students
Hibernate: 
    select
        u1_0.id,
        case 
            when u1_1.user_id is not null 
                then 1 
            when u1_2.id is not null 
                then 2 
            when u1_0.id is not null 
                then 0 
        end,
        u1_0.active,
        u1_0.age_group,
        u1_0.auth_provider,
        u1_0.avatar,
        u1_0.created_at,
        u1_0.daily_goal_minutes,
        u1_0.division,
        u1_0.email,
        u1_0.email_verification_token,
        u1_0.email_verified,
        u1_0.english_level,
        u1_0.expo_push_token,
        u1_0.first_name,
        u1_0.interests,
        u1_0.last_name,
        u1_0.learning_goal,
        u1_0.native_language,
        u1_0.onboarding_completed,
        u1_0.parent_name,
        u1_0.parent_phone,
        u1_0.password,
        u1_0.phone,
        u1_0.preferred_accent,
        u1_0.preferred_voice,
        u1_0.reset_otp,
        u1_0.reset_otp_expiry,
        u1_0.reset_password_token,
        u1_0.reset_password_token_expiry,
        u1_0.role,
        u1_0.roll_number,
        u1_0.school_id,
        u1_0.school_name,
        u1_0.standard,
        u1_0.status,
        u1_0.updated_at,
        u1_0.user_type,
        u1_0.welcome_completed,
        u1_2.department,
        u1_2.designation,
        u1_2.employee_id,
        u1_2.experience,
        u1_2.joined_at,
        u1_2.qualification 
    from
        users u1_0 
    left join
        school_admins u1_1 
            on u1_0.id=u1_1.user_id 
    left join
        teachers u1_2 
            on u1_0.id=u1_2.id 
    where
        u1_0.email=?
Hibernate: 
    select
        u1_0.id,
        case 
            when u1_1.user_id is not null 
                then 1 
            when u1_2.id is not null 
                then 2 
            when u1_0.id is not null 
                then 0 
        end,
        u1_0.active,
        u1_0.age_group,
        u1_0.auth_provider,
        u1_0.avatar,
        u1_0.created_at,
        u1_0.daily_goal_minutes,
        u1_0.division,
        u1_0.email,
        u1_0.email_verification_token,
        u1_0.email_verified,
        u1_0.english_level,
        u1_0.expo_push_token,
        u1_0.first_name,
        u1_0.interests,
        u1_0.last_name,
        u1_0.learning_goal,
        u1_0.native_language,
        u1_0.onboarding_completed,
        u1_0.parent_name,
        u1_0.parent_phone,
        u1_0.password,
        u1_0.phone,
        u1_0.preferred_accent,
        u1_0.preferred_voice,
        u1_0.reset_otp,
        u1_0.reset_otp_expiry,
        u1_0.reset_password_token,
        u1_0.reset_password_token_expiry,
        u1_0.role,
        u1_0.roll_number,
        u1_0.school_id,
        u1_0.school_name,
        u1_0.standard,
        u1_0.status,
        u1_0.updated_at,
        u1_0.user_type,
        u1_0.welcome_completed,
        u1_2.department,
        u1_2.designation,
        u1_2.employee_id,
        u1_2.experience,
        u1_2.joined_at,
        u1_2.qualification 
    from
        users u1_0 
    left join
        school_admins u1_1 
            on u1_0.id=u1_1.user_id 
    left join
        teachers u1_2 
            on u1_0.id=u1_2.id 
    where
        u1_0.email=?
Hibernate: 
    select
        u1_0.id,
        case 
            when u1_1.user_id is not null 
                then 1 
            when u1_2.id is not null 
                then 2 
            when u1_0.id is not null 
                then 0 
        end,
        u1_0.active,
        u1_0.age_group,
        u1_0.auth_provider,
        u1_0.avatar,
        u1_0.created_at,
        u1_0.daily_goal_minutes,
        u1_0.division,
        u1_0.email,
        u1_0.email_verification_token,
        u1_0.email_verified,
        u1_0.english_level,
        u1_0.expo_push_token,
        u1_0.first_name,
        u1_0.interests,
        u1_0.last_name,
        u1_0.learning_goal,
        u1_0.native_language,
        u1_0.onboarding_completed,
        u1_0.parent_name,
        u1_0.parent_phone,
        u1_0.password,
        u1_0.phone,
        u1_0.preferred_accent,
        u1_0.preferred_voice,
        u1_0.reset_otp,
        u1_0.reset_otp_expiry,
        u1_0.reset_password_token,
        u1_0.reset_password_token_expiry,
        u1_0.role,
        u1_0.roll_number,
        u1_0.school_id,
        u1_0.school_name,
        u1_0.standard,
        u1_0.status,
        u1_0.updated_at,
        u1_0.user_type,
        u1_0.welcome_completed,
        u1_2.department,
        u1_2.designation,
        u1_2.employee_id,
        u1_2.experience,
        u1_2.joined_at,
        u1_2.qualification 
    from
        users u1_0 
    left join
        school_admins u1_1 
            on u1_0.id=u1_1.user_id 
    left join
        teachers u1_2 
            on u1_0.id=u1_2.id 
    where
        u1_0.email=?
Hibernate: 
    select
        u1_0.id,
        case 
            when u1_1.user_id is not null 
                then 1 
            when u1_2.id is not null 
                then 2 
            when u1_0.id is not null 
                then 0 
        end,
        u1_0.active,
        u1_0.age_group,
        u1_0.auth_provider,
        u1_0.avatar,
        u1_0.created_at,
        u1_0.daily_goal_minutes,
        u1_0.division,
        u1_0.email,
        u1_0.email_verification_token,
        u1_0.email_verified,
        u1_0.english_level,
        u1_0.expo_push_token,
        u1_0.first_name,
        u1_0.interests,
        u1_0.last_name,
        u1_0.learning_goal,
        u1_0.native_language,
        u1_0.onboarding_completed,
        u1_0.parent_name,
        u1_0.parent_phone,
        u1_0.password,
        u1_0.phone,
        u1_0.preferred_accent,
        u1_0.preferred_voice,
        u1_0.reset_otp,
        u1_0.reset_otp_expiry,
        u1_0.reset_password_token,
        u1_0.reset_password_token_expiry,
        u1_0.role,
        u1_0.roll_number,
        u1_0.school_id,
        u1_0.school_name,
        u1_0.standard,
        u1_0.status,
        u1_0.updated_at,
        u1_0.user_type,
        u1_0.welcome_completed,
        u1_2.department,
        u1_2.designation,
        u1_2.employee_id,
        u1_2.experience,
        u1_2.joined_at,
        u1_2.qualification 
    from
        users u1_0 
    left join
        school_admins u1_1 
            on u1_0.id=u1_1.user_id 
    left join
        teachers u1_2 
            on u1_0.id=u1_2.id 
    where
        u1_0.email=?
Hibernate: 
    select
        s1_0.id,
        s1_0.active,
        s1_0.age_group,
        s1_0.auth_provider,
        s1_0.avatar,
        s1_0.created_at,
        s1_0.daily_goal_minutes,
        s1_0.division,
        s1_0.email,
        s1_0.email_verification_token,
        s1_0.email_verified,
        s1_0.english_level,
        s1_0.expo_push_token,
        s1_0.first_name,
        s1_0.interests,
        s1_0.last_name,
        s1_0.learning_goal,
        s1_0.native_language,
        s1_0.onboarding_completed,
        s1_0.parent_name,
        s1_0.parent_phone,
        s1_0.password,
        s1_0.phone,
        s1_0.preferred_accent,
        s1_0.preferred_voice,
        s1_0.reset_otp,
        s1_0.reset_otp_expiry,
        s1_0.reset_password_token,
        s1_0.reset_password_token_expiry,
        s1_0.roll_number,
        s1_0.school_id,
        s1_0.school_name,
        s1_0.standard,
        s1_0.status,
        s1_0.updated_at,
        s1_0.welcome_completed 
    from
        students s1_0 
    where
        s1_0.school_id=?
Hibernate: 
    select
        u1_0.id,
        case 
            when u1_1.user_id is not null 
                then 1 
            when u1_2.id is not null 
                then 2 
            when u1_0.id is not null 
                then 0 
        end,
        u1_0.active,
        u1_0.age_group,
        u1_0.auth_provider,
        u1_0.avatar,
        u1_0.created_at,
        u1_0.daily_goal_minutes,
        u1_0.division,
        u1_0.email,
        u1_0.email_verification_token,
        u1_0.email_verified,
        u1_0.english_level,
        u1_0.expo_push_token,
        u1_0.first_name,
        u1_0.interests,
        u1_0.last_name,
        u1_0.learning_goal,
        u1_0.native_language,
        u1_0.onboarding_completed,
        u1_0.parent_name,
        u1_0.parent_phone,
        u1_0.password,
        u1_0.phone,
        u1_0.preferred_accent,
        u1_0.preferred_voice,
        u1_0.reset_otp,
        u1_0.reset_otp_expiry,
        u1_0.reset_password_token,
        u1_0.reset_password_token_expiry,
        u1_0.role,
        u1_0.roll_number,
        u1_0.school_id,
        u1_0.school_name,
        u1_0.standard,
        u1_0.status,
        u1_0.updated_at,
        u1_0.user_type,
        u1_0.welcome_completed,
        u1_2.department,
        u1_2.designation,
        u1_2.employee_id,
        u1_2.experience,
        u1_2.joined_at,
        u1_2.qualification 
    from
        users u1_0 
    left join
        school_admins u1_1 
            on u1_0.id=u1_1.user_id 
    left join
        teachers u1_2 
            on u1_0.id=u1_2.id 
    where
        u1_0.school_id=? 
        and u1_0.role=?
Hibernate: 
    select
        s1_0.id,
        s1_0.ai_voice,
        s1_0.auto_play_audio,
        s1_0.created_at,
        s1_0.daily_reminder,
        s1_0.dark_mode,
        s1_0.language,
        s1_0.notifications_enabled,
        s1_0.sound_effects,
        s1_0.student_id,
        s1_0.two_factor_enabled,
        s1_0.updated_at,
        s1_0.user_id 
    from
        settings s1_0 
    where
        s1_0.student_id=?
Hibernate: 
    select
        s1_0.id,
        s1_0.active,
        s1_0.address,
        s1_0.contact_phone,
        s1_0.created_at,
        s1_0.name,
        s1_0.school_code,
        s1_0.school_name,
        s1_0.updated_at 
    from
        schools s1_0 
    where
        s1_0.id=?
Hibernate: 
    select
        s1_0.id,
        s1_0.ai_voice,
        s1_0.auto_play_audio,
        s1_0.created_at,
        s1_0.daily_reminder,
        s1_0.dark_mode,
        s1_0.language,
        s1_0.notifications_enabled,
        s1_0.sound_effects,
        s1_0.student_id,
        s1_0.two_factor_enabled,
        s1_0.updated_at,
        s1_0.user_id 
    from
        settings s1_0 
    where
        s1_0.student_id=?
Hibernate: 
    select
        s1_0.id,
        s1_0.ai_voice,
        s1_0.auto_play_audio,
        s1_0.created_at,
        s1_0.daily_reminder,
        s1_0.dark_mode,
        s1_0.language,
        s1_0.notifications_enabled,
        s1_0.sound_effects,
        s1_0.student_id,
        s1_0.two_factor_enabled,
        s1_0.updated_at,
        s1_0.user_id 
    from
        settings s1_0 
    where
        s1_0.student_id=?
Hibernate: 
    select
        s1_0.id,
        s1_0.ai_voice,
        s1_0.auto_play_audio,
        s1_0.created_at,
        s1_0.daily_reminder,
        s1_0.dark_mode,
        s1_0.language,
        s1_0.notifications_enabled,
        s1_0.sound_effects,
        s1_0.student_id,
        s1_0.two_factor_enabled,
        s1_0.updated_at,
        s1_0.user_id 
    from
        settings s1_0 
    where
        s1_0.student_id=?
Hibernate: 
    select
        s1_0.id,
        s1_0.ai_voice,
        s1_0.auto_play_audio,
        s1_0.created_at,
        s1_0.daily_reminder,
        s1_0.dark_mode,
        s1_0.language,
        s1_0.notifications_enabled,
        s1_0.sound_effects,
        s1_0.student_id,
        s1_0.two_factor_enabled,
        s1_0.updated_at,
        s1_0.user_id 
    from
        settings s1_0 
    where
        s1_0.student_id=?
2026-08-24T17:36:47.993+05:30  INFO 14684 --- [SpeakMateAI] [0.0-9091-exec-4] c.r.s.security.RequestLoggingFilter      : [REQUEST LOG] Incoming request: GET /api/school/students
Hibernate: 
    select
        u1_0.id,
        case 
            when u1_1.user_id is not null 
                then 1 
            when u1_2.id is not null 
                then 2 
            when u1_0.id is not null 
                then 0 
        end,
        u1_0.active,
        u1_0.age_group,
        u1_0.auth_provider,
        u1_0.avatar,
        u1_0.created_at,
        u1_0.daily_goal_minutes,
        u1_0.division,
        u1_0.email,
        u1_0.email_verification_token,
        u1_0.email_verified,
        u1_0.english_level,
        u1_0.expo_push_token,
        u1_0.first_name,
        u1_0.interests,
        u1_0.last_name,
        u1_0.learning_goal,
        u1_0.native_language,
        u1_0.onboarding_completed,
        u1_0.parent_name,
        u1_0.parent_phone,
        u1_0.password,
        u1_0.phone,
        u1_0.preferred_accent,
        u1_0.preferred_voice,
        u1_0.reset_otp,
        u1_0.reset_otp_expiry,
        u1_0.reset_password_token,
        u1_0.reset_password_token_expiry,
        u1_0.role,
        u1_0.roll_number,
        u1_0.school_id,
        u1_0.school_name,
        u1_0.standard,
        u1_0.status,
        u1_0.updated_at,
        u1_0.user_type,
        u1_0.welcome_completed,
        u1_2.department,
        u1_2.designation,
        u1_2.employee_id,
        u1_2.experience,
        u1_2.joined_at,
        u1_2.qualification 
    from
        users u1_0 
    left join
        school_admins u1_1 
            on u1_0.id=u1_1.user_id 
    left join
        teachers u1_2 
            on u1_0.id=u1_2.id 
    where
        u1_0.email=?
Hibernate: 
    select
        u1_0.id,
        case 
            when u1_1.user_id is not null 
                then 1 
            when u1_2.id is not null 
                then 2 
            when u1_0.id is not null 
                then 0 
        end,
        u1_0.active,
        u1_0.age_group,
        u1_0.auth_provider,
        u1_0.avatar,
        u1_0.created_at,
        u1_0.daily_goal_minutes,
        u1_0.division,
        u1_0.email,
        u1_0.email_verification_token,
        u1_0.email_verified,
        u1_0.english_level,
        u1_0.expo_push_token,
        u1_0.first_name,
        u1_0.interests,
        u1_0.last_name,
        u1_0.learning_goal,
        u1_0.native_language,
        u1_0.onboarding_completed,
        u1_0.parent_name,
        u1_0.parent_phone,
        u1_0.password,
        u1_0.phone,
        u1_0.preferred_accent,
        u1_0.preferred_voice,
        u1_0.reset_otp,
        u1_0.reset_otp_expiry,
        u1_0.reset_password_token,
        u1_0.reset_password_token_expiry,
        u1_0.role,
        u1_0.roll_number,
        u1_0.school_id,
        u1_0.school_name,
        u1_0.standard,
        u1_0.status,
        u1_0.updated_at,
        u1_0.user_type,
        u1_0.welcome_completed,
        u1_2.department,
        u1_2.designation,
        u1_2.employee_id,
        u1_2.experience,
        u1_2.joined_at,
        u1_2.qualification 
    from
        users u1_0 
    left join
        school_admins u1_1 
            on u1_0.id=u1_1.user_id 
    left join
        teachers u1_2 
            on u1_0.id=u1_2.id 
    where
        u1_0.email=?
Hibernate: 
    select
        s1_0.id,
        s1_0.active,
        s1_0.age_group,
        s1_0.auth_provider,
        s1_0.avatar,
        s1_0.created_at,
        s1_0.daily_goal_minutes,
        s1_0.division,
        s1_0.email,
        s1_0.email_verification_token,
        s1_0.email_verified,
        s1_0.english_level,
        s1_0.expo_push_token,
        s1_0.first_name,
        s1_0.interests,
        s1_0.last_name,
        s1_0.learning_goal,
        s1_0.native_language,
        s1_0.onboarding_completed,
        s1_0.parent_name,
        s1_0.parent_phone,
        s1_0.password,
        s1_0.phone,
        s1_0.preferred_accent,
        s1_0.preferred_voice,
        s1_0.reset_otp,
        s1_0.reset_otp_expiry,
        s1_0.reset_password_token,
        s1_0.reset_password_token_expiry,
        s1_0.roll_number,
        s1_0.school_id,
        s1_0.school_name,
        s1_0.standard,
        s1_0.status,
        s1_0.updated_at,
        s1_0.welcome_completed 
    from
        students s1_0 
    where
        s1_0.school_id=?
Hibernate: 
    select
        s1_0.id,
        s1_0.ai_voice,
        s1_0.auto_play_audio,
        s1_0.created_at,
        s1_0.daily_reminder,
        s1_0.dark_mode,
        s1_0.language,
        s1_0.notifications_enabled,
        s1_0.sound_effects,
        s1_0.student_id,
        s1_0.two_factor_enabled,
        s1_0.updated_at,
        s1_0.user_id 
    from
        settings s1_0 
    where
        s1_0.student_id=?
Hibernate: 
    select
        s1_0.id,
        s1_0.ai_voice,
        s1_0.auto_play_audio,
        s1_0.created_at,
        s1_0.daily_reminder,
        s1_0.dark_mode,
        s1_0.language,
        s1_0.notifications_enabled,
        s1_0.sound_effects,
        s1_0.student_id,
        s1_0.two_factor_enabled,
        s1_0.updated_at,
        s1_0.user_id 
    from
        settings s1_0 
    where
        s1_0.student_id=?
Hibernate: 
    select
        s1_0.id,
        s1_0.ai_voice,
        s1_0.auto_play_audio,
        s1_0.created_at,
        s1_0.daily_reminder,
        s1_0.dark_mode,
        s1_0.language,
        s1_0.notifications_enabled,
        s1_0.sound_effects,
        s1_0.student_id,
        s1_0.two_factor_enabled,
        s1_0.updated_at,
        s1_0.user_id 
    from
        settings s1_0 
    where
        s1_0.student_id=?
Hibernate: 
    select
        s1_0.id,
        s1_0.ai_voice,
        s1_0.auto_play_audio,
        s1_0.created_at,
        s1_0.daily_reminder,
        s1_0.dark_mode,
        s1_0.language,
        s1_0.notifications_enabled,
        s1_0.sound_effects,
        s1_0.student_id,
        s1_0.two_factor_enabled,
        s1_0.updated_at,
        s1_0.user_id 
    from
        settings s1_0 
    where
        s1_0.student_id=?
Hibernate: 
    select
        s1_0.id,
        s1_0.ai_voice,
        s1_0.auto_play_audio,
        s1_0.created_at,
        s1_0.daily_reminder,
        s1_0.dark_mode,
        s1_0.language,
        s1_0.notifications_enabled,
        s1_0.sound_effects,
        s1_0.student_id,
        s1_0.two_factor_enabled,
        s1_0.updated_at,
        s1_0.user_id 
    from
        settings s1_0 
    where
        s1_0.student_id=?
2026-08-24T17:36:48.850+05:30  INFO 14684 --- [SpeakMateAI] [0.0-9091-exec-2] c.r.s.security.RequestLoggingFilter      : [REQUEST LOG] Incoming request: GET /api/v1/school/teachers
2026-08-24T17:36:48.901+05:30  INFO 14684 --- [SpeakMateAI] [0.0-9091-exec-9] c.r.s.security.RequestLoggingFilter      : [REQUEST LOG] Incoming request: GET /api/v1/school/dashboard
Hibernate: 
    select
        u1_0.id,
        case 
            when u1_1.user_id is not null 
                then 1 
            when u1_2.id is not null 
                then 2 
            when u1_0.id is not null 
                then 0 
        end,
        u1_0.active,
        u1_0.age_group,
        u1_0.auth_provider,
        u1_0.avatar,
        u1_0.created_at,
        u1_0.daily_goal_minutes,
        u1_0.division,
        u1_0.email,
        u1_0.email_verification_token,
        u1_0.email_verified,
        u1_0.english_level,
        u1_0.expo_push_token,
        u1_0.first_name,
        u1_0.interests,
        u1_0.last_name,
        u1_0.learning_goal,
        u1_0.native_language,
        u1_0.onboarding_completed,
        u1_0.parent_name,
        u1_0.parent_phone,
        u1_0.password,
        u1_0.phone,
        u1_0.preferred_accent,
        u1_0.preferred_voice,
        u1_0.reset_otp,
        u1_0.reset_otp_expiry,
        u1_0.reset_password_token,
        u1_0.reset_password_token_expiry,
        u1_0.role,
        u1_0.roll_number,
        u1_0.school_id,
        u1_0.school_name,
        u1_0.standard,
        u1_0.status,
        u1_0.updated_at,
        u1_0.user_type,
        u1_0.welcome_completed,
        u1_2.department,
        u1_2.designation,
        u1_2.employee_id,
        u1_2.experience,
        u1_2.joined_at,
        u1_2.qualification 
    from
        users u1_0 
    left join
        school_admins u1_1 
            on u1_0.id=u1_1.user_id 
    left join
        teachers u1_2 
            on u1_0.id=u1_2.id 
    where
        u1_0.email=?
Hibernate: 
    select
        u1_0.id,
        case 
            when u1_1.user_id is not null 
                then 1 
            when u1_2.id is not null 
                then 2 
            when u1_0.id is not null 
                then 0 
        end,
        u1_0.active,
        u1_0.age_group,
        u1_0.auth_provider,
        u1_0.avatar,
        u1_0.created_at,
        u1_0.daily_goal_minutes,
        u1_0.division,
        u1_0.email,
        u1_0.email_verification_token,
        u1_0.email_verified,
        u1_0.english_level,
        u1_0.expo_push_token,
        u1_0.first_name,
        u1_0.interests,
        u1_0.last_name,
        u1_0.learning_goal,
        u1_0.native_language,
        u1_0.onboarding_completed,
        u1_0.parent_name,
        u1_0.parent_phone,
        u1_0.password,
        u1_0.phone,
        u1_0.preferred_accent,
        u1_0.preferred_voice,
        u1_0.reset_otp,
        u1_0.reset_otp_expiry,
        u1_0.reset_password_token,
        u1_0.reset_password_token_expiry,
        u1_0.role,
        u1_0.roll_number,
        u1_0.school_id,
        u1_0.school_name,
        u1_0.standard,
        u1_0.status,
        u1_0.updated_at,
        u1_0.user_type,
        u1_0.welcome_completed,
        u1_2.department,
        u1_2.designation,
        u1_2.employee_id,
        u1_2.experience,
        u1_2.joined_at,
        u1_2.qualification 
    from
        users u1_0 
    left join
        school_admins u1_1 
            on u1_0.id=u1_1.user_id 
    left join
        teachers u1_2 
            on u1_0.id=u1_2.id 
    where
        u1_0.email=?
2026-08-24T17:36:49.024+05:30  INFO 14684 --- [SpeakMateAI] [0.0-9091-exec-3] c.r.s.security.RequestLoggingFilter      : [REQUEST LOG] Incoming request: GET /api/school/students
2026-08-24T17:36:49.024+05:30  INFO 14684 --- [SpeakMateAI] [0.0-9091-exec-6] c.r.s.security.RequestLoggingFilter      : [REQUEST LOG] Incoming request: GET /api/v1/school/results
Hibernate: 
    select
        u1_0.id,
        case 
            when u1_1.user_id is not null 
                then 1 
            when u1_2.id is not null 
                then 2 
            when u1_0.id is not null 
                then 0 
        end,
        u1_0.active,
        u1_0.age_group,
        u1_0.auth_provider,
        u1_0.avatar,
        u1_0.created_at,
        u1_0.daily_goal_minutes,
        u1_0.division,
        u1_0.email,
        u1_0.email_verification_token,
        u1_0.email_verified,
        u1_0.english_level,
        u1_0.expo_push_token,
        u1_0.first_name,
        u1_0.interests,
        u1_0.last_name,
        u1_0.learning_goal,
        u1_0.native_language,
        u1_0.onboarding_completed,
        u1_0.parent_name,
        u1_0.parent_phone,
        u1_0.password,
        u1_0.phone,
        u1_0.preferred_accent,
        u1_0.preferred_voice,
        u1_0.reset_otp,
        u1_0.reset_otp_expiry,
        u1_0.reset_password_token,
        u1_0.reset_password_token_expiry,
        u1_0.role,
        u1_0.roll_number,
        u1_0.school_id,
        u1_0.school_name,
        u1_0.standard,
        u1_0.status,
        u1_0.updated_at,
        u1_0.user_type,
        u1_0.welcome_completed,
        u1_2.department,
        u1_2.designation,
        u1_2.employee_id,
        u1_2.experience,
        u1_2.joined_at,
        u1_2.qualification 
    from
        users u1_0 
    left join
        school_admins u1_1 
            on u1_0.id=u1_1.user_id 
    left join
        teachers u1_2 
            on u1_0.id=u1_2.id 
    where
        u1_0.email=?
Hibernate: 
    select
        u1_0.id,
        case 
            when u1_1.user_id is not null 
                then 1 
            when u1_2.id is not null 
                then 2 
            when u1_0.id is not null 
                then 0 
        end,
        u1_0.active,
        u1_0.age_group,
        u1_0.auth_provider,
        u1_0.avatar,
        u1_0.created_at,
        u1_0.daily_goal_minutes,
        u1_0.division,
        u1_0.email,
        u1_0.email_verification_token,
        u1_0.email_verified,
        u1_0.english_level,
        u1_0.expo_push_token,
        u1_0.first_name,
        u1_0.interests,
        u1_0.last_name,
        u1_0.learning_goal,
        u1_0.native_language,
        u1_0.onboarding_completed,
        u1_0.parent_name,
        u1_0.parent_phone,
        u1_0.password,
        u1_0.phone,
        u1_0.preferred_accent,
        u1_0.preferred_voice,
        u1_0.reset_otp,
        u1_0.reset_otp_expiry,
        u1_0.reset_password_token,
        u1_0.reset_password_token_expiry,
        u1_0.role,
        u1_0.roll_number,
        u1_0.school_id,
        u1_0.school_name,
        u1_0.standard,
        u1_0.status,
        u1_0.updated_at,
        u1_0.user_type,
        u1_0.welcome_completed,
        u1_2.department,
        u1_2.designation,
        u1_2.employee_id,
        u1_2.experience,
        u1_2.joined_at,
        u1_2.qualification 
    from
        users u1_0 
    left join
        school_admins u1_1 
            on u1_0.id=u1_1.user_id 
    left join
        teachers u1_2 
            on u1_0.id=u1_2.id 
    where
        u1_0.email=?
Hibernate: 
    select
        u1_0.id,
        case 
            when u1_1.user_id is not null 
                then 1 
            when u1_2.id is not null 
                then 2 
            when u1_0.id is not null 
                then 0 
        end,
        u1_0.active,
        u1_0.age_group,
        u1_0.auth_provider,
        u1_0.avatar,
        u1_0.created_at,
        u1_0.daily_goal_minutes,
        u1_0.division,
        u1_0.email,
        u1_0.email_verification_token,
        u1_0.email_verified,
        u1_0.english_level,
        u1_0.expo_push_token,
        u1_0.first_name,
        u1_0.interests,
        u1_0.last_name,
        u1_0.learning_goal,
        u1_0.native_language,
        u1_0.onboarding_completed,
        u1_0.parent_name,
        u1_0.parent_phone,
        u1_0.password,
        u1_0.phone,
        u1_0.preferred_accent,
        u1_0.preferred_voice,
        u1_0.reset_otp,
        u1_0.reset_otp_expiry,
        u1_0.reset_password_token,
        u1_0.reset_password_token_expiry,
        u1_0.role,
        u1_0.roll_number,
        u1_0.school_id,
        u1_0.school_name,
        u1_0.standard,
        u1_0.status,
        u1_0.updated_at,
        u1_0.user_type,
        u1_0.welcome_completed,
        u1_2.department,
        u1_2.designation,
        u1_2.employee_id,
        u1_2.experience,
        u1_2.joined_at,
        u1_2.qualification 
    from
        users u1_0 
    left join
        school_admins u1_1 
            on u1_0.id=u1_1.user_id 
    left join
        teachers u1_2 
            on u1_0.id=u1_2.id 
    where
        u1_0.email=?
Hibernate: 
    select
        u1_0.id,
        case 
            when u1_1.user_id is not null 
                then 1 
            when u1_2.id is not null 
                then 2 
            when u1_0.id is not null 
                then 0 
        end,
        u1_0.active,
        u1_0.age_group,
        u1_0.auth_provider,
        u1_0.avatar,
        u1_0.created_at,
        u1_0.daily_goal_minutes,
        u1_0.division,
        u1_0.email,
        u1_0.email_verification_token,
        u1_0.email_verified,
        u1_0.english_level,
        u1_0.expo_push_token,
        u1_0.first_name,
        u1_0.interests,
        u1_0.last_name,
        u1_0.learning_goal,
        u1_0.native_language,
        u1_0.onboarding_completed,
        u1_0.parent_name,
        u1_0.parent_phone,
        u1_0.password,
        u1_0.phone,
        u1_0.preferred_accent,
        u1_0.preferred_voice,
        u1_0.reset_otp,
        u1_0.reset_otp_expiry,
        u1_0.reset_password_token,
        u1_0.reset_password_token_expiry,
        u1_0.role,
        u1_0.roll_number,
        u1_0.school_id,
        u1_0.school_name,
        u1_0.standard,
        u1_0.status,
        u1_0.updated_at,
        u1_0.user_type,
        u1_0.welcome_completed,
        u1_2.department,
        u1_2.designation,
        u1_2.employee_id,
        u1_2.experience,
        u1_2.joined_at,
        u1_2.qualification 
    from
        users u1_0 
    left join
        school_admins u1_1 
            on u1_0.id=u1_1.user_id 
    left join
        teachers u1_2 
            on u1_0.id=u1_2.id 
    where
        u1_0.email=?
Hibernate: 
    select
        u1_0.id,
        case 
            when u1_1.user_id is not null 
                then 1 
            when u1_2.id is not null 
                then 2 
            when u1_0.id is not null 
                then 0 
        end,
        u1_0.active,
        u1_0.age_group,
        u1_0.auth_provider,
        u1_0.avatar,
        u1_0.created_at,
        u1_0.daily_goal_minutes,
        u1_0.division,
        u1_0.email,
        u1_0.email_verification_token,
        u1_0.email_verified,
        u1_0.english_level,
        u1_0.expo_push_token,
        u1_0.first_name,
        u1_0.interests,
        u1_0.last_name,
        u1_0.learning_goal,
        u1_0.native_language,
        u1_0.onboarding_completed,
        u1_0.parent_name,
        u1_0.parent_phone,
        u1_0.password,
        u1_0.phone,
        u1_0.preferred_accent,
        u1_0.preferred_voice,
        u1_0.reset_otp,
        u1_0.reset_otp_expiry,
        u1_0.reset_password_token,
        u1_0.reset_password_token_expiry,
        u1_0.role,
        u1_0.roll_number,
        u1_0.school_id,
        u1_0.school_name,
        u1_0.standard,
        u1_0.status,
        u1_0.updated_at,
        u1_0.user_type,
        u1_0.welcome_completed,
        u1_2.department,
        u1_2.designation,
        u1_2.employee_id,
        u1_2.experience,
        u1_2.joined_at,
        u1_2.qualification 
    from
        users u1_0 
    left join
        school_admins u1_1 
            on u1_0.id=u1_1.user_id 
    left join
        teachers u1_2 
            on u1_0.id=u1_2.id 
    where
        u1_0.school_id=? 
        and u1_0.role=?
Hibernate: 
    select
        s1_0.id,
        s1_0.active,
        s1_0.age_group,
        s1_0.auth_provider,
        s1_0.avatar,
        s1_0.created_at,
        s1_0.daily_goal_minutes,
        s1_0.division,
        s1_0.email,
        s1_0.email_verification_token,
        s1_0.email_verified,
        s1_0.english_level,
        s1_0.expo_push_token,
        s1_0.first_name,
        s1_0.interests,
        s1_0.last_name,
        s1_0.learning_goal,
        s1_0.native_language,
        s1_0.onboarding_completed,
        s1_0.parent_name,
        s1_0.parent_phone,
        s1_0.password,
        s1_0.phone,
        s1_0.preferred_accent,
        s1_0.preferred_voice,
        s1_0.reset_otp,
        s1_0.reset_otp_expiry,
        s1_0.reset_password_token,
        s1_0.reset_password_token_expiry,
        s1_0.roll_number,
        s1_0.school_id,
        s1_0.school_name,
        s1_0.standard,
        s1_0.status,
        s1_0.updated_at,
        s1_0.welcome_completed 
    from
        students s1_0 
    where
        s1_0.school_id=?
Hibernate: 
    select
        s1_0.id,
        s1_0.active,
        s1_0.address,
        s1_0.contact_phone,
        s1_0.created_at,
        s1_0.name,
        s1_0.school_code,
        s1_0.school_name,
        s1_0.updated_at 
    from
        schools s1_0 
    where
        s1_0.id=?
Hibernate: 
    select
        u1_0.id,
        case 
            when u1_1.user_id is not null 
                then 1 
            when u1_2.id is not null 
                then 2 
            when u1_0.id is not null 
                then 0 
        end,
        u1_0.active,
        u1_0.age_group,
        u1_0.auth_provider,
        u1_0.avatar,
        u1_0.created_at,
        u1_0.daily_goal_minutes,
        u1_0.division,
        u1_0.email,
        u1_0.email_verification_token,
        u1_0.email_verified,
        u1_0.english_level,
        u1_0.expo_push_token,
        u1_0.first_name,
        u1_0.interests,
        u1_0.last_name,
        u1_0.learning_goal,
        u1_0.native_language,
        u1_0.onboarding_completed,
        u1_0.parent_name,
        u1_0.parent_phone,
        u1_0.password,
        u1_0.phone,
        u1_0.preferred_accent,
        u1_0.preferred_voice,
        u1_0.reset_otp,
        u1_0.reset_otp_expiry,
        u1_0.reset_password_token,
        u1_0.reset_password_token_expiry,
        u1_0.role,
        u1_0.roll_number,
        u1_0.school_id,
        u1_0.school_name,
        u1_0.standard,
        u1_0.status,
        u1_0.updated_at,
        u1_0.user_type,
        u1_0.welcome_completed,
        u1_2.department,
        u1_2.designation,
        u1_2.employee_id,
        u1_2.experience,
        u1_2.joined_at,
        u1_2.qualification 
    from
        users u1_0 
    left join
        school_admins u1_1 
            on u1_0.id=u1_1.user_id 
    left join
        teachers u1_2 
            on u1_0.id=u1_2.id 
    where
        u1_0.email=?
Hibernate: 
    select
        s1_0.id,
        s1_0.ai_voice,
        s1_0.auto_play_audio,
        s1_0.created_at,
        s1_0.daily_reminder,
        s1_0.dark_mode,
        s1_0.language,
        s1_0.notifications_enabled,
        s1_0.sound_effects,
        s1_0.student_id,
        s1_0.two_factor_enabled,
        s1_0.updated_at,
        s1_0.user_id 
    from
        settings s1_0 
    where
        s1_0.student_id=?
Hibernate: 
    select
        u1_0.id,
        case 
            when u1_1.user_id is not null 
                then 1 
            when u1_2.id is not null 
                then 2 
            when u1_0.id is not null 
                then 0 
        end,
        u1_0.active,
        u1_0.age_group,
        u1_0.auth_provider,
        u1_0.avatar,
        u1_0.created_at,
        u1_0.daily_goal_minutes,
        u1_0.division,
        u1_0.email,
        u1_0.email_verification_token,
        u1_0.email_verified,
        u1_0.english_level,
        u1_0.expo_push_token,
        u1_0.first_name,
        u1_0.interests,
        u1_0.last_name,
        u1_0.learning_goal,
        u1_0.native_language,
        u1_0.onboarding_completed,
        u1_0.parent_name,
        u1_0.parent_phone,
        u1_0.password,
        u1_0.phone,
        u1_0.preferred_accent,
        u1_0.preferred_voice,
        u1_0.reset_otp,
        u1_0.reset_otp_expiry,
        u1_0.reset_password_token,
        u1_0.reset_password_token_expiry,
        u1_0.role,
        u1_0.roll_number,
        u1_0.school_id,
        u1_0.school_name,
        u1_0.standard,
        u1_0.status,
        u1_0.updated_at,
        u1_0.user_type,
        u1_0.welcome_completed,
        u1_2.department,
        u1_2.designation,
        u1_2.employee_id,
        u1_2.experience,
        u1_2.joined_at,
        u1_2.qualification 
    from
        users u1_0 
    left join
        school_admins u1_1 
            on u1_0.id=u1_1.user_id 
    left join
        teachers u1_2 
            on u1_0.id=u1_2.id 
    where
        u1_0.email=?
Hibernate: 
    select
        s1_0.id,
        s1_0.ai_voice,
        s1_0.auto_play_audio,
        s1_0.created_at,
        s1_0.daily_reminder,
        s1_0.dark_mode,
        s1_0.language,
        s1_0.notifications_enabled,
        s1_0.sound_effects,
        s1_0.student_id,
        s1_0.two_factor_enabled,
        s1_0.updated_at,
        s1_0.user_id 
    from
        settings s1_0 
    where
        s1_0.student_id=?
Hibernate: 
    select
        s1_0.id,
        s1_0.active,
        s1_0.age_group,
        s1_0.auth_provider,
        s1_0.avatar,
        s1_0.created_at,
        s1_0.daily_goal_minutes,
        s1_0.division,
        s1_0.email,
        s1_0.email_verification_token,
        s1_0.email_verified,
        s1_0.english_level,
        s1_0.expo_push_token,
        s1_0.first_name,
        s1_0.interests,
        s1_0.last_name,
        s1_0.learning_goal,
        s1_0.native_language,
        s1_0.onboarding_completed,
        s1_0.parent_name,
        s1_0.parent_phone,
        s1_0.password,
        s1_0.phone,
        s1_0.preferred_accent,
        s1_0.preferred_voice,
        s1_0.reset_otp,
        s1_0.reset_otp_expiry,
        s1_0.reset_password_token,
        s1_0.reset_password_token_expiry,
        s1_0.roll_number,
        s1_0.school_id,
        s1_0.school_name,
        s1_0.standard,
        s1_0.status,
        s1_0.updated_at,
        s1_0.welcome_completed 
    from
        students s1_0 
    where
        s1_0.school_id=?
Hibernate: 
    select
        r1_0.id,
        r1_0.active,
        r1_0.created_at,
        r1_0.marks_obtained,
        r1_0.status,
        r1_0.student_id,
        r1_0.submitted_at,
        r1_0.test_title,
        r1_0.total_marks,
        r1_0.updated_at 
    from
        results r1_0 
    join
        users s1_0 
            on s1_0.id=r1_0.student_id 
    where
        s1_0.school_id=? 
        and r1_0.active
Hibernate: 
    select
        s1_0.id,
        s1_0.ai_voice,
        s1_0.auto_play_audio,
        s1_0.created_at,
        s1_0.daily_reminder,
        s1_0.dark_mode,
        s1_0.language,
        s1_0.notifications_enabled,
        s1_0.sound_effects,
        s1_0.student_id,
        s1_0.two_factor_enabled,
        s1_0.updated_at,
        s1_0.user_id 
    from
        settings s1_0 
    where
        s1_0.student_id=?
Hibernate: 
    select
        s1_0.id,
        s1_0.ai_voice,
        s1_0.auto_play_audio,
        s1_0.created_at,
        s1_0.daily_reminder,
        s1_0.dark_mode,
        s1_0.language,
        s1_0.notifications_enabled,
        s1_0.sound_effects,
        s1_0.student_id,
        s1_0.two_factor_enabled,
        s1_0.updated_at,
        s1_0.user_id 
    from
        settings s1_0 
    where
        s1_0.student_id=?
2026-08-24T17:36:49.408+05:30  INFO 14684 --- [SpeakMateAI] [.0-9091-exec-10] c.r.s.security.RequestLoggingFilter      : [REQUEST LOG] Incoming request: GET /api/v1/school/teachers
Hibernate: 
    select
        u1_0.id,
        case 
            when u1_1.user_id is not null 
                then 1 
            when u1_2.id is not null 
                then 2 
            when u1_0.id is not null 
                then 0 
        end,
        u1_0.active,
        u1_0.age_group,
        u1_0.auth_provider,
        u1_0.avatar,
        u1_0.created_at,
        u1_0.daily_goal_minutes,
        u1_0.division,
        u1_0.email,
        u1_0.email_verification_token,
        u1_0.email_verified,
        u1_0.english_level,
        u1_0.expo_push_token,
        u1_0.first_name,
        u1_0.interests,
        u1_0.last_name,
        u1_0.learning_goal,
        u1_0.native_language,
        u1_0.onboarding_completed,
        u1_0.parent_name,
        u1_0.parent_phone,
        u1_0.password,
        u1_0.phone,
        u1_0.preferred_accent,
        u1_0.preferred_voice,
        u1_0.reset_otp,
        u1_0.reset_otp_expiry,
        u1_0.reset_password_token,
        u1_0.reset_password_token_expiry,
        u1_0.role,
        u1_0.roll_number,
        u1_0.school_id,
        u1_0.school_name,
        u1_0.standard,
        u1_0.status,
        u1_0.updated_at,
        u1_0.user_type,
        u1_0.welcome_completed,
        u1_2.department,
        u1_2.designation,
        u1_2.employee_id,
        u1_2.experience,
        u1_2.joined_at,
        u1_2.qualification 
    from
        users u1_0 
    left join
        school_admins u1_1 
            on u1_0.id=u1_1.user_id 
    left join
        teachers u1_2 
            on u1_0.id=u1_2.id 
    where
        u1_0.email=?
Hibernate: 
    select
        s1_0.id,
        s1_0.ai_voice,
        s1_0.auto_play_audio,
        s1_0.created_at,
        s1_0.daily_reminder,
        s1_0.dark_mode,
        s1_0.language,
        s1_0.notifications_enabled,
        s1_0.sound_effects,
        s1_0.student_id,
        s1_0.two_factor_enabled,
        s1_0.updated_at,
        s1_0.user_id 
    from
        settings s1_0 
    where
        s1_0.student_id=?
Hibernate: 
    select
        s1_0.id,
        s1_0.ai_voice,
        s1_0.auto_play_audio,
        s1_0.created_at,
        s1_0.daily_reminder,
        s1_0.dark_mode,
        s1_0.language,
        s1_0.notifications_enabled,
        s1_0.sound_effects,
        s1_0.student_id,
        s1_0.two_factor_enabled,
        s1_0.updated_at,
        s1_0.user_id 
    from
        settings s1_0 
    where
        s1_0.student_id=?
Hibernate: 
    select
        u1_0.id,
        case 
            when u1_1.user_id is not null 
                then 1 
            when u1_2.id is not null 
                then 2 
            when u1_0.id is not null 
                then 0 
        end,
        u1_0.active,
        u1_0.age_group,
        u1_0.auth_provider,
        u1_0.avatar,
        u1_0.created_at,
        u1_0.daily_goal_minutes,
        u1_0.division,
        u1_0.email,
        u1_0.email_verification_token,
        u1_0.email_verified,
        u1_0.english_level,
        u1_0.expo_push_token,
        u1_0.first_name,
        u1_0.interests,
        u1_0.last_name,
        u1_0.learning_goal,
        u1_0.native_language,
        u1_0.onboarding_completed,
        u1_0.parent_name,
        u1_0.parent_phone,
        u1_0.password,
        u1_0.phone,
        u1_0.preferred_accent,
        u1_0.preferred_voice,
        u1_0.reset_otp,
        u1_0.reset_otp_expiry,
        u1_0.reset_password_token,
        u1_0.reset_password_token_expiry,
        u1_0.role,
        u1_0.roll_number,
        u1_0.school_id,
        u1_0.school_name,
        u1_0.standard,
        u1_0.status,
        u1_0.updated_at,
        u1_0.user_type,
        u1_0.welcome_completed,
        u1_2.department,
        u1_2.designation,
        u1_2.employee_id,
        u1_2.experience,
        u1_2.joined_at,
        u1_2.qualification 
    from
        users u1_0 
    left join
        school_admins u1_1 
            on u1_0.id=u1_1.user_id 
    left join
        teachers u1_2 
            on u1_0.id=u1_2.id 
    where
        u1_0.email=?
Hibernate: 
    select
        s1_0.id,
        s1_0.ai_voice,
        s1_0.auto_play_audio,
        s1_0.created_at,
        s1_0.daily_reminder,
        s1_0.dark_mode,
        s1_0.language,
        s1_0.notifications_enabled,
        s1_0.sound_effects,
        s1_0.student_id,
        s1_0.two_factor_enabled,
        s1_0.updated_at,
        s1_0.user_id 
    from
        settings s1_0 
    where
        s1_0.student_id=?
Hibernate: 
    select
        s1_0.id,
        s1_0.ai_voice,
        s1_0.auto_play_audio,
        s1_0.created_at,
        s1_0.daily_reminder,
        s1_0.dark_mode,
        s1_0.language,
        s1_0.notifications_enabled,
        s1_0.sound_effects,
        s1_0.student_id,
        s1_0.two_factor_enabled,
        s1_0.updated_at,
        s1_0.user_id 
    from
        settings s1_0 
    where
        s1_0.student_id=?
Hibernate: 
    select
        u1_0.id,
        case 
            when u1_1.user_id is not null 
                then 1 
            when u1_2.id is not null 
                then 2 
            when u1_0.id is not null 
                then 0 
        end,
        u1_0.active,
        u1_0.age_group,
        u1_0.auth_provider,
        u1_0.avatar,
        u1_0.created_at,
        u1_0.daily_goal_minutes,
        u1_0.division,
        u1_0.email,
        u1_0.email_verification_token,
        u1_0.email_verified,
        u1_0.english_level,
        u1_0.expo_push_token,
        u1_0.first_name,
        u1_0.interests,
        u1_0.last_name,
        u1_0.learning_goal,
        u1_0.native_language,
        u1_0.onboarding_completed,
        u1_0.parent_name,
        u1_0.parent_phone,
        u1_0.password,
        u1_0.phone,
        u1_0.preferred_accent,
        u1_0.preferred_voice,
        u1_0.reset_otp,
        u1_0.reset_otp_expiry,
        u1_0.reset_password_token,
        u1_0.reset_password_token_expiry,
        u1_0.role,
        u1_0.roll_number,
        u1_0.school_id,
        u1_0.school_name,
        u1_0.standard,
        u1_0.status,
        u1_0.updated_at,
        u1_0.user_type,
        u1_0.welcome_completed,
        u1_2.department,
        u1_2.designation,
        u1_2.employee_id,
        u1_2.experience,
        u1_2.joined_at,
        u1_2.qualification 
    from
        users u1_0 
    left join
        school_admins u1_1 
            on u1_0.id=u1_1.user_id 
    left join
        teachers u1_2 
            on u1_0.id=u1_2.id 
    where
        u1_0.school_id=? 
        and u1_0.role=?
Hibernate: 
    select
        s1_0.id,
        s1_0.ai_voice,
        s1_0.auto_play_audio,
        s1_0.created_at,
        s1_0.daily_reminder,
        s1_0.dark_mode,
        s1_0.language,
        s1_0.notifications_enabled,
        s1_0.sound_effects,
        s1_0.student_id,
        s1_0.two_factor_enabled,
        s1_0.updated_at,
        s1_0.user_id 
    from
        settings s1_0 
    where
        s1_0.student_id=?
Hibernate: 
    select
        u1_0.id,
        case 
            when u1_1.user_id is not null 
                then 1 
            when u1_2.id is not null 
                then 2 
            when u1_0.id is not null 
                then 0 
        end,
        u1_0.active,
        u1_0.age_group,
        u1_0.auth_provider,
        u1_0.avatar,
        u1_0.created_at,
        u1_0.daily_goal_minutes,
        u1_0.division,
        u1_0.email,
        u1_0.email_verification_token,
        u1_0.email_verified,
        u1_0.english_level,
        u1_0.expo_push_token,
        u1_0.first_name,
        u1_0.interests,
        u1_0.last_name,
        u1_0.learning_goal,
        u1_0.native_language,
        u1_0.onboarding_completed,
        u1_0.parent_name,
        u1_0.parent_phone,
        u1_0.password,
        u1_0.phone,
        u1_0.preferred_accent,
        u1_0.preferred_voice,
        u1_0.reset_otp,
        u1_0.reset_otp_expiry,
        u1_0.reset_password_token,
        u1_0.reset_password_token_expiry,
        u1_0.role,
        u1_0.roll_number,
        u1_0.school_id,
        u1_0.school_name,
        u1_0.standard,
        u1_0.status,
        u1_0.updated_at,
        u1_0.user_type,
        u1_0.welcome_completed,
        u1_2.department,
        u1_2.designation,
        u1_2.employee_id,
        u1_2.experience,
        u1_2.joined_at,
        u1_2.qualification 
    from
        users u1_0 
    left join
        school_admins u1_1 
            on u1_0.id=u1_1.user_id 
    left join
        teachers u1_2 
            on u1_0.id=u1_2.id 
    where
        u1_0.school_id=? 
        and u1_0.role=?
Hibernate: 
    select
        s1_0.id,
        s1_0.active,
        s1_0.address,
        s1_0.contact_phone,
        s1_0.created_at,
        s1_0.name,
        s1_0.school_code,
        s1_0.school_name,
        s1_0.updated_at 
    from
        schools s1_0 
    where
        s1_0.id=?
Hibernate: 
    select
        s1_0.id,
        s1_0.ai_voice,
        s1_0.auto_play_audio,
        s1_0.created_at,
        s1_0.daily_reminder,
        s1_0.dark_mode,
        s1_0.language,
        s1_0.notifications_enabled,
        s1_0.sound_effects,
        s1_0.student_id,
        s1_0.two_factor_enabled,
        s1_0.updated_at,
        s1_0.user_id 
    from
        settings s1_0 
    where
        s1_0.student_id=?
Hibernate: 
    select
        cr1_0.id,
        cr1_0.academic_year,
        cr1_0.created_at,
        cr1_0.grade,
        cr1_0.name,
        cr1_0.school_id,
        cr1_0.status,
        cr1_0.teacher_id,
        cr1_0.updated_at 
    from
        class_rooms cr1_0 
    where
        cr1_0.school_id=?
Hibernate: 
    select
        r1_0.id,
        r1_0.active,
        r1_0.created_at,
        r1_0.marks_obtained,
        r1_0.status,
        r1_0.student_id,
        r1_0.submitted_at,
        r1_0.test_title,
        r1_0.total_marks,
        r1_0.updated_at 
    from
        results r1_0 
    join
        users s1_0 
            on s1_0.id=r1_0.student_id 
    where
        s1_0.school_id=? 
        and r1_0.active
2026-08-24T17:36:49.889+05:30  INFO 14684 --- [SpeakMateAI] [0.0-9091-exec-8] c.r.s.security.RequestLoggingFilter      : [REQUEST LOG] Incoming request: GET /api/school/students
Hibernate: 
    select
        u1_0.id,
        case 
            when u1_1.user_id is not null 
                then 1 
            when u1_2.id is not null 
                then 2 
            when u1_0.id is not null 
                then 0 
        end,
        u1_0.active,
        u1_0.age_group,
        u1_0.auth_provider,
        u1_0.avatar,
        u1_0.created_at,
        u1_0.daily_goal_minutes,
        u1_0.division,
        u1_0.email,
        u1_0.email_verification_token,
        u1_0.email_verified,
        u1_0.english_level,
        u1_0.expo_push_token,
        u1_0.first_name,
        u1_0.interests,
        u1_0.last_name,
        u1_0.learning_goal,
        u1_0.native_language,
        u1_0.onboarding_completed,
        u1_0.parent_name,
        u1_0.parent_phone,
        u1_0.password,
        u1_0.phone,
        u1_0.preferred_accent,
        u1_0.preferred_voice,
        u1_0.reset_otp,
        u1_0.reset_otp_expiry,
        u1_0.reset_password_token,
        u1_0.reset_password_token_expiry,
        u1_0.role,
        u1_0.roll_number,
        u1_0.school_id,
        u1_0.school_name,
        u1_0.standard,
        u1_0.status,
        u1_0.updated_at,
        u1_0.user_type,
        u1_0.welcome_completed,
        u1_2.department,
        u1_2.designation,
        u1_2.employee_id,
        u1_2.experience,
        u1_2.joined_at,
        u1_2.qualification 
    from
        users u1_0 
    left join
        school_admins u1_1 
            on u1_0.id=u1_1.user_id 
    left join
        teachers u1_2 
            on u1_0.id=u1_2.id 
    where
        u1_0.email=?
Hibernate: 
    select
        count(lp1_0.id) 
    from
        lesson_progress lp1_0 
    join
        students s1_0 
            on s1_0.id=lp1_0.user_id 
    where
        s1_0.school_id=? 
        and lp1_0.completed=true
Hibernate: 
    select
        s1_0.id,
        s1_0.active,
        s1_0.address,
        s1_0.contact_phone,
        s1_0.created_at,
        s1_0.name,
        s1_0.school_code,
        s1_0.school_name,
        s1_0.updated_at 
    from
        schools s1_0 
    where
        s1_0.id=?
Hibernate: 
    select
        u1_0.id,
        case 
            when u1_1.user_id is not null 
                then 1 
            when u1_2.id is not null 
                then 2 
            when u1_0.id is not null 
                then 0 
        end,
        u1_0.active,
        u1_0.age_group,
        u1_0.auth_provider,
        u1_0.avatar,
        u1_0.created_at,
        u1_0.daily_goal_minutes,
        u1_0.division,
        u1_0.email,
        u1_0.email_verification_token,
        u1_0.email_verified,
        u1_0.english_level,
        u1_0.expo_push_token,
        u1_0.first_name,
        u1_0.interests,
        u1_0.last_name,
        u1_0.learning_goal,
        u1_0.native_language,
        u1_0.onboarding_completed,
        u1_0.parent_name,
        u1_0.parent_phone,
        u1_0.password,
        u1_0.phone,
        u1_0.preferred_accent,
        u1_0.preferred_voice,
        u1_0.reset_otp,
        u1_0.reset_otp_expiry,
        u1_0.reset_password_token,
        u1_0.reset_password_token_expiry,
        u1_0.role,
        u1_0.roll_number,
        u1_0.school_id,
        u1_0.school_name,
        u1_0.standard,
        u1_0.status,
        u1_0.updated_at,
        u1_0.user_type,
        u1_0.welcome_completed,
        u1_2.department,
        u1_2.designation,
        u1_2.employee_id,
        u1_2.experience,
        u1_2.joined_at,
        u1_2.qualification 
    from
        users u1_0 
    left join
        school_admins u1_1 
            on u1_0.id=u1_1.user_id 
    left join
        teachers u1_2 
            on u1_0.id=u1_2.id 
    where
        u1_0.email=?
Hibernate: 
    select
        s1_0.id,
        s1_0.active,
        s1_0.age_group,
        s1_0.auth_provider,
        s1_0.avatar,
        s1_0.created_at,
        s1_0.daily_goal_minutes,
        s1_0.division,
        s1_0.email,
        s1_0.email_verification_token,
        s1_0.email_verified,
        s1_0.english_level,
        s1_0.expo_push_token,
        s1_0.first_name,
        s1_0.interests,
        s1_0.last_name,
        s1_0.learning_goal,
        s1_0.native_language,
        s1_0.onboarding_completed,
        s1_0.parent_name,
        s1_0.parent_phone,
        s1_0.password,
        s1_0.phone,
        s1_0.preferred_accent,
        s1_0.preferred_voice,
        s1_0.reset_otp,
        s1_0.reset_otp_expiry,
        s1_0.reset_password_token,
        s1_0.reset_password_token_expiry,
        s1_0.roll_number,
        s1_0.school_id,
        s1_0.school_name,
        s1_0.standard,
        s1_0.status,
        s1_0.updated_at,
        s1_0.welcome_completed 
    from
        students s1_0 
    where
        s1_0.school_id=?
2026-08-24T17:36:50.185+05:30  INFO 14684 --- [SpeakMateAI] [0.0-9091-exec-7] c.r.s.security.RequestLoggingFilter      : [REQUEST LOG] Incoming request: GET /api/v1/school/dashboard
Hibernate: 
    select
        u1_0.id,
        case 
            when u1_1.user_id is not null 
                then 1 
            when u1_2.id is not null 
                then 2 
            when u1_0.id is not null 
                then 0 
        end,
        u1_0.active,
        u1_0.age_group,
        u1_0.auth_provider,
        u1_0.avatar,
        u1_0.created_at,
        u1_0.daily_goal_minutes,
        u1_0.division,
        u1_0.email,
        u1_0.email_verification_token,
        u1_0.email_verified,
        u1_0.english_level,
        u1_0.expo_push_token,
        u1_0.first_name,
        u1_0.interests,
        u1_0.last_name,
        u1_0.learning_goal,
        u1_0.native_language,
        u1_0.onboarding_completed,
        u1_0.parent_name,
        u1_0.parent_phone,
        u1_0.password,
        u1_0.phone,
        u1_0.preferred_accent,
        u1_0.preferred_voice,
        u1_0.reset_otp,
        u1_0.reset_otp_expiry,
        u1_0.reset_password_token,
        u1_0.reset_password_token_expiry,
        u1_0.role,
        u1_0.roll_number,
        u1_0.school_id,
        u1_0.school_name,
        u1_0.standard,
        u1_0.status,
        u1_0.updated_at,
        u1_0.user_type,
        u1_0.welcome_completed,
        u1_2.department,
        u1_2.designation,
        u1_2.employee_id,
        u1_2.experience,
        u1_2.joined_at,
        u1_2.qualification 
    from
        users u1_0 
    left join
        school_admins u1_1 
            on u1_0.id=u1_1.user_id 
    left join
        teachers u1_2 
            on u1_0.id=u1_2.id 
    where
        u1_0.email=?
Hibernate: 
    select
        s1_0.id,
        s1_0.ai_voice,
        s1_0.auto_play_audio,
        s1_0.created_at,
        s1_0.daily_reminder,
        s1_0.dark_mode,
        s1_0.language,
        s1_0.notifications_enabled,
        s1_0.sound_effects,
        s1_0.student_id,
        s1_0.two_factor_enabled,
        s1_0.updated_at,
        s1_0.user_id 
    from
        settings s1_0 
    where
        s1_0.student_id=?
Hibernate: 
    select
        u1_0.id,
        case 
            when u1_1.user_id is not null 
                then 1 
            when u1_2.id is not null 
                then 2 
            when u1_0.id is not null 
                then 0 
        end,
        u1_0.active,
        u1_0.age_group,
        u1_0.auth_provider,
        u1_0.avatar,
        u1_0.created_at,
        u1_0.daily_goal_minutes,
        u1_0.division,
        u1_0.email,
        u1_0.email_verification_token,
        u1_0.email_verified,
        u1_0.english_level,
        u1_0.expo_push_token,
        u1_0.first_name,
        u1_0.interests,
        u1_0.last_name,
        u1_0.learning_goal,
        u1_0.native_language,
        u1_0.onboarding_completed,
        u1_0.parent_name,
        u1_0.parent_phone,
        u1_0.password,
        u1_0.phone,
        u1_0.preferred_accent,
        u1_0.preferred_voice,
        u1_0.reset_otp,
        u1_0.reset_otp_expiry,
        u1_0.reset_password_token,
        u1_0.reset_password_token_expiry,
        u1_0.role,
        u1_0.roll_number,
        u1_0.school_id,
        u1_0.school_name,
        u1_0.standard,
        u1_0.status,
        u1_0.updated_at,
        u1_0.user_type,
        u1_0.welcome_completed,
        u1_2.department,
        u1_2.designation,
        u1_2.employee_id,
        u1_2.experience,
        u1_2.joined_at,
        u1_2.qualification 
    from
        users u1_0 
    left join
        school_admins u1_1 
            on u1_0.id=u1_1.user_id 
    left join
        teachers u1_2 
            on u1_0.id=u1_2.id 
    where
        u1_0.email=?
Hibernate: 
    select
        s1_0.id,
        s1_0.ai_voice,
        s1_0.auto_play_audio,
        s1_0.created_at,
        s1_0.daily_reminder,
        s1_0.dark_mode,
        s1_0.language,
        s1_0.notifications_enabled,
        s1_0.sound_effects,
        s1_0.student_id,
        s1_0.two_factor_enabled,
        s1_0.updated_at,
        s1_0.user_id 
    from
        settings s1_0 
    where
        s1_0.student_id=?
Hibernate: 
    select
        s1_0.id,
        s1_0.ai_voice,
        s1_0.auto_play_audio,
        s1_0.created_at,
        s1_0.daily_reminder,
        s1_0.dark_mode,
        s1_0.language,
        s1_0.notifications_enabled,
        s1_0.sound_effects,
        s1_0.student_id,
        s1_0.two_factor_enabled,
        s1_0.updated_at,
        s1_0.user_id 
    from
        settings s1_0 
    where
        s1_0.student_id=?
Hibernate: 
    select
        s1_0.id,
        s1_0.active,
        s1_0.age_group,
        s1_0.auth_provider,
        s1_0.avatar,
        s1_0.created_at,
        s1_0.daily_goal_minutes,
        s1_0.division,
        s1_0.email,
        s1_0.email_verification_token,
        s1_0.email_verified,
        s1_0.english_level,
        s1_0.expo_push_token,
        s1_0.first_name,
        s1_0.interests,
        s1_0.last_name,
        s1_0.learning_goal,
        s1_0.native_language,
        s1_0.onboarding_completed,
        s1_0.parent_name,
        s1_0.parent_phone,
        s1_0.password,
        s1_0.phone,
        s1_0.preferred_accent,
        s1_0.preferred_voice,
        s1_0.reset_otp,
        s1_0.reset_otp_expiry,
        s1_0.reset_password_token,
        s1_0.reset_password_token_expiry,
        s1_0.roll_number,
        s1_0.school_id,
        s1_0.school_name,
        s1_0.standard,
        s1_0.status,
        s1_0.updated_at,
        s1_0.welcome_completed 
    from
        students s1_0 
    where
        s1_0.school_id=?
Hibernate: 
    select
        s1_0.id,
        s1_0.ai_voice,
        s1_0.auto_play_audio,
        s1_0.created_at,
        s1_0.daily_reminder,
        s1_0.dark_mode,
        s1_0.language,
        s1_0.notifications_enabled,
        s1_0.sound_effects,
        s1_0.student_id,
        s1_0.two_factor_enabled,
        s1_0.updated_at,
        s1_0.user_id 
    from
        settings s1_0 
    where
        s1_0.student_id=?
Hibernate: 
    select
        s1_0.id,
        s1_0.ai_voice,
        s1_0.auto_play_audio,
        s1_0.created_at,
        s1_0.daily_reminder,
        s1_0.dark_mode,
        s1_0.language,
        s1_0.notifications_enabled,
        s1_0.sound_effects,
        s1_0.student_id,
        s1_0.two_factor_enabled,
        s1_0.updated_at,
        s1_0.user_id 
    from
        settings s1_0 
    where
        s1_0.student_id=?
Hibernate: 
    select
        s1_0.id,
        s1_0.ai_voice,
        s1_0.auto_play_audio,
        s1_0.created_at,
        s1_0.daily_reminder,
        s1_0.dark_mode,
        s1_0.language,
        s1_0.notifications_enabled,
        s1_0.sound_effects,
        s1_0.student_id,
        s1_0.two_factor_enabled,
        s1_0.updated_at,
        s1_0.user_id 
    from
        settings s1_0 
    where
        s1_0.student_id=?
Hibernate: 
    select
        s1_0.id,
        s1_0.ai_voice,
        s1_0.auto_play_audio,
        s1_0.created_at,
        s1_0.daily_reminder,
        s1_0.dark_mode,
        s1_0.language,
        s1_0.notifications_enabled,
        s1_0.sound_effects,
        s1_0.student_id,
        s1_0.two_factor_enabled,
        s1_0.updated_at,
        s1_0.user_id 
    from
        settings s1_0 
    where
        s1_0.student_id=?
Hibernate: 
    select
        s1_0.id,
        s1_0.ai_voice,
        s1_0.auto_play_audio,
        s1_0.created_at,
        s1_0.daily_reminder,
        s1_0.dark_mode,
        s1_0.language,
        s1_0.notifications_enabled,
        s1_0.sound_effects,
        s1_0.student_id,
        s1_0.two_factor_enabled,
        s1_0.updated_at,
        s1_0.user_id 
    from
        settings s1_0 
    where
        s1_0.student_id=?
Hibernate: 
    select
        s1_0.id,
        s1_0.ai_voice,
        s1_0.auto_play_audio,
        s1_0.created_at,
        s1_0.daily_reminder,
        s1_0.dark_mode,
        s1_0.language,
        s1_0.notifications_enabled,
        s1_0.sound_effects,
        s1_0.student_id,
        s1_0.two_factor_enabled,
        s1_0.updated_at,
        s1_0.user_id 
    from
        settings s1_0 
    where
        s1_0.student_id=?
2026-08-24T17:36:50.736+05:30  INFO 14684 --- [SpeakMateAI] [0.0-9091-exec-4] c.r.s.security.RequestLoggingFilter      : [REQUEST LOG] Incoming request: GET /api/school/students
Hibernate: 
    select
        u1_0.id,
        case 
            when u1_1.user_id is not null 
                then 1 
            when u1_2.id is not null 
                then 2 
            when u1_0.id is not null 
                then 0 
        end,
        u1_0.active,
        u1_0.age_group,
        u1_0.auth_provider,
        u1_0.avatar,
        u1_0.created_at,
        u1_0.daily_goal_minutes,
        u1_0.division,
        u1_0.email,
        u1_0.email_verification_token,
        u1_0.email_verified,
        u1_0.english_level,
        u1_0.expo_push_token,
        u1_0.first_name,
        u1_0.interests,
        u1_0.last_name,
        u1_0.learning_goal,
        u1_0.native_language,
        u1_0.onboarding_completed,
        u1_0.parent_name,
        u1_0.parent_phone,
        u1_0.password,
        u1_0.phone,
        u1_0.preferred_accent,
        u1_0.preferred_voice,
        u1_0.reset_otp,
        u1_0.reset_otp_expiry,
        u1_0.reset_password_token,
        u1_0.reset_password_token_expiry,
        u1_0.role,
        u1_0.roll_number,
        u1_0.school_id,
        u1_0.school_name,
        u1_0.standard,
        u1_0.status,
        u1_0.updated_at,
        u1_0.user_type,
        u1_0.welcome_completed,
        u1_2.department,
        u1_2.designation,
        u1_2.employee_id,
        u1_2.experience,
        u1_2.joined_at,
        u1_2.qualification 
    from
        users u1_0 
    left join
        school_admins u1_1 
            on u1_0.id=u1_1.user_id 
    left join
        teachers u1_2 
            on u1_0.id=u1_2.id 
    where
        u1_0.email=?
Hibernate: 
    select
        s1_0.id,
        s1_0.ai_voice,
        s1_0.auto_play_audio,
        s1_0.created_at,
        s1_0.daily_reminder,
        s1_0.dark_mode,
        s1_0.language,
        s1_0.notifications_enabled,
        s1_0.sound_effects,
        s1_0.student_id,
        s1_0.two_factor_enabled,
        s1_0.updated_at,
        s1_0.user_id 
    from
        settings s1_0 
    where
        s1_0.student_id=?
Hibernate: 
    select
        u1_0.id,
        case 
            when u1_1.user_id is not null 
                then 1 
            when u1_2.id is not null 
                then 2 
            when u1_0.id is not null 
                then 0 
        end,
        u1_0.active,
        u1_0.age_group,
        u1_0.auth_provider,
        u1_0.avatar,
        u1_0.created_at,
        u1_0.daily_goal_minutes,
        u1_0.division,
        u1_0.email,
        u1_0.email_verification_token,
        u1_0.email_verified,
        u1_0.english_level,
        u1_0.expo_push_token,
        u1_0.first_name,
        u1_0.interests,
        u1_0.last_name,
        u1_0.learning_goal,
        u1_0.native_language,
        u1_0.onboarding_completed,
        u1_0.parent_name,
        u1_0.parent_phone,
        u1_0.password,
        u1_0.phone,
        u1_0.preferred_accent,
        u1_0.preferred_voice,
        u1_0.reset_otp,
        u1_0.reset_otp_expiry,
        u1_0.reset_password_token,
        u1_0.reset_password_token_expiry,
        u1_0.role,
        u1_0.roll_number,
        u1_0.school_id,
        u1_0.school_name,
        u1_0.standard,
        u1_0.status,
        u1_0.updated_at,
        u1_0.user_type,
        u1_0.welcome_completed,
        u1_2.department,
        u1_2.designation,
        u1_2.employee_id,
        u1_2.experience,
        u1_2.joined_at,
        u1_2.qualification 
    from
        users u1_0 
    left join
        school_admins u1_1 
            on u1_0.id=u1_1.user_id 
    left join
        teachers u1_2 
            on u1_0.id=u1_2.id 
    where
        u1_0.email=?
Hibernate: 
    select
        u1_0.id,
        case 
            when u1_1.user_id is not null 
                then 1 
            when u1_2.id is not null 
                then 2 
            when u1_0.id is not null 
                then 0 
        end,
        u1_0.active,
        u1_0.age_group,
        u1_0.auth_provider,
        u1_0.avatar,
        u1_0.created_at,
        u1_0.daily_goal_minutes,
        u1_0.division,
        u1_0.email,
        u1_0.email_verification_token,
        u1_0.email_verified,
        u1_0.english_level,
        u1_0.expo_push_token,
        u1_0.first_name,
        u1_0.interests,
        u1_0.last_name,
        u1_0.learning_goal,
        u1_0.native_language,
        u1_0.onboarding_completed,
        u1_0.parent_name,
        u1_0.parent_phone,
        u1_0.password,
        u1_0.phone,
        u1_0.preferred_accent,
        u1_0.preferred_voice,
        u1_0.reset_otp,
        u1_0.reset_otp_expiry,
        u1_0.reset_password_token,
        u1_0.reset_password_token_expiry,
        u1_0.role,
        u1_0.roll_number,
        u1_0.school_id,
        u1_0.school_name,
        u1_0.standard,
        u1_0.status,
        u1_0.updated_at,
        u1_0.user_type,
        u1_0.welcome_completed,
        u1_2.department,
        u1_2.designation,
        u1_2.employee_id,
        u1_2.experience,
        u1_2.joined_at,
        u1_2.qualification 
    from
        users u1_0 
    left join
        school_admins u1_1 
            on u1_0.id=u1_1.user_id 
    left join
        teachers u1_2 
            on u1_0.id=u1_2.id 
    where
        u1_0.school_id=? 
        and u1_0.role=?
Hibernate: 
    select
        s1_0.id,
        s1_0.active,
        s1_0.age_group,
        s1_0.auth_provider,
        s1_0.avatar,
        s1_0.created_at,
        s1_0.daily_goal_minutes,
        s1_0.division,
        s1_0.email,
        s1_0.email_verification_token,
        s1_0.email_verified,
        s1_0.english_level,
        s1_0.expo_push_token,
        s1_0.first_name,
        s1_0.interests,
        s1_0.last_name,
        s1_0.learning_goal,
        s1_0.native_language,
        s1_0.onboarding_completed,
        s1_0.parent_name,
        s1_0.parent_phone,
        s1_0.password,
        s1_0.phone,
        s1_0.preferred_accent,
        s1_0.preferred_voice,
        s1_0.reset_otp,
        s1_0.reset_otp_expiry,
        s1_0.reset_password_token,
        s1_0.reset_password_token_expiry,
        s1_0.roll_number,
        s1_0.school_id,
        s1_0.school_name,
        s1_0.standard,
        s1_0.status,
        s1_0.updated_at,
        s1_0.welcome_completed 
    from
        students s1_0 
    where
        s1_0.school_id=?
Hibernate: 
    select
        cr1_0.id,
        cr1_0.academic_year,
        cr1_0.created_at,
        cr1_0.grade,
        cr1_0.name,
        cr1_0.school_id,
        cr1_0.status,
        cr1_0.teacher_id,
        cr1_0.updated_at 
    from
        class_rooms cr1_0 
    where
        cr1_0.school_id=?
Hibernate: 
    select
        s1_0.id,
        s1_0.ai_voice,
        s1_0.auto_play_audio,
        s1_0.created_at,
        s1_0.daily_reminder,
        s1_0.dark_mode,
        s1_0.language,
        s1_0.notifications_enabled,
        s1_0.sound_effects,
        s1_0.student_id,
        s1_0.two_factor_enabled,
        s1_0.updated_at,
        s1_0.user_id 
    from
        settings s1_0 
    where
        s1_0.student_id=?
Hibernate: 
    select
        r1_0.id,
        r1_0.active,
        r1_0.created_at,
        r1_0.marks_obtained,
        r1_0.status,
        r1_0.student_id,
        r1_0.submitted_at,
        r1_0.test_title,
        r1_0.total_marks,
        r1_0.updated_at 
    from
        results r1_0 
    join
        users s1_0 
            on s1_0.id=r1_0.student_id 
    where
        s1_0.school_id=? 
        and r1_0.active
Hibernate: 
    select
        s1_0.id,
        s1_0.ai_voice,
        s1_0.auto_play_audio,
        s1_0.created_at,
        s1_0.daily_reminder,
        s1_0.dark_mode,
        s1_0.language,
        s1_0.notifications_enabled,
        s1_0.sound_effects,
        s1_0.student_id,
        s1_0.two_factor_enabled,
        s1_0.updated_at,
        s1_0.user_id 
    from
        settings s1_0 
    where
        s1_0.student_id=?
Hibernate: 
    select
        count(lp1_0.id) 
    from
        lesson_progress lp1_0 
    join
        students s1_0 
            on s1_0.id=lp1_0.user_id 
    where
        s1_0.school_id=? 
        and lp1_0.completed=true
Hibernate: 
    select
        s1_0.id,
        s1_0.ai_voice,
        s1_0.auto_play_audio,
        s1_0.created_at,
        s1_0.daily_reminder,
        s1_0.dark_mode,
        s1_0.language,
        s1_0.notifications_enabled,
        s1_0.sound_effects,
        s1_0.student_id,
        s1_0.two_factor_enabled,
        s1_0.updated_at,
        s1_0.user_id 
    from
        settings s1_0 
    where
        s1_0.student_id=?
Hibernate: 
    select
        s1_0.id,
        s1_0.active,
        s1_0.address,
        s1_0.contact_phone,
        s1_0.created_at,
        s1_0.name,
        s1_0.school_code,
        s1_0.school_name,
        s1_0.updated_at 
    from
        schools s1_0 
    where
        s1_0.id=?
Hibernate: 
    select
        s1_0.id,
        s1_0.ai_voice,
        s1_0.auto_play_audio,
        s1_0.created_at,
        s1_0.daily_reminder,
        s1_0.dark_mode,
        s1_0.language,
        s1_0.notifications_enabled,
        s1_0.sound_effects,
        s1_0.student_id,
        s1_0.two_factor_enabled,
        s1_0.updated_at,
        s1_0.user_id 
    from
        settings s1_0 
    where
        s1_0.student_id=?
Hibernate: 
    select
        s1_0.id,
        s1_0.ai_voice,
        s1_0.auto_play_audio,
        s1_0.created_at,
        s1_0.daily_reminder,
        s1_0.dark_mode,
        s1_0.language,
        s1_0.notifications_enabled,
        s1_0.sound_effects,
        s1_0.student_id,
        s1_0.two_factor_enabled,
        s1_0.updated_at,
        s1_0.user_id 
    from
        settings s1_0 
    where
        s1_0.student_id=?
2026-08-24T17:36:51.505+05:30  INFO 14684 --- [SpeakMateAI] [0.0-9091-exec-5] c.r.s.security.RequestLoggingFilter      : [REQUEST LOG] Incoming request: GET /api/school/students
Hibernate: 
    select
        u1_0.id,
        case 
            when u1_1.user_id is not null 
                then 1 
            when u1_2.id is not null 
                then 2 
            when u1_0.id is not null 
                then 0 
        end,
        u1_0.active,
        u1_0.age_group,
        u1_0.auth_provider,
        u1_0.avatar,
        u1_0.created_at,
        u1_0.daily_goal_minutes,
        u1_0.division,
        u1_0.email,
        u1_0.email_verification_token,
        u1_0.email_verified,
        u1_0.english_level,
        u1_0.expo_push_token,
        u1_0.first_name,
        u1_0.interests,
        u1_0.last_name,
        u1_0.learning_goal,
        u1_0.native_language,
        u1_0.onboarding_completed,
        u1_0.parent_name,
        u1_0.parent_phone,
        u1_0.password,
        u1_0.phone,
        u1_0.preferred_accent,
        u1_0.preferred_voice,
        u1_0.reset_otp,
        u1_0.reset_otp_expiry,
        u1_0.reset_password_token,
        u1_0.reset_password_token_expiry,
        u1_0.role,
        u1_0.roll_number,
        u1_0.school_id,
        u1_0.school_name,
        u1_0.standard,
        u1_0.status,
        u1_0.updated_at,
        u1_0.user_type,
        u1_0.welcome_completed,
        u1_2.department,
        u1_2.designation,
        u1_2.employee_id,
        u1_2.experience,
        u1_2.joined_at,
        u1_2.qualification 
    from
        users u1_0 
    left join
        school_admins u1_1 
            on u1_0.id=u1_1.user_id 
    left join
        teachers u1_2 
            on u1_0.id=u1_2.id 
    where
        u1_0.email=?
Hibernate: 
    select
        u1_0.id,
        case 
            when u1_1.user_id is not null 
                then 1 
            when u1_2.id is not null 
                then 2 
            when u1_0.id is not null 
                then 0 
        end,
        u1_0.active,
        u1_0.age_group,
        u1_0.auth_provider,
        u1_0.avatar,
        u1_0.created_at,
        u1_0.daily_goal_minutes,
        u1_0.division,
        u1_0.email,
        u1_0.email_verification_token,
        u1_0.email_verified,
        u1_0.english_level,
        u1_0.expo_push_token,
        u1_0.first_name,
        u1_0.interests,
        u1_0.last_name,
        u1_0.learning_goal,
        u1_0.native_language,
        u1_0.onboarding_completed,
        u1_0.parent_name,
        u1_0.parent_phone,
        u1_0.password,
        u1_0.phone,
        u1_0.preferred_accent,
        u1_0.preferred_voice,
        u1_0.reset_otp,
        u1_0.reset_otp_expiry,
        u1_0.reset_password_token,
        u1_0.reset_password_token_expiry,
        u1_0.role,
        u1_0.roll_number,
        u1_0.school_id,
        u1_0.school_name,
        u1_0.standard,
        u1_0.status,
        u1_0.updated_at,
        u1_0.user_type,
        u1_0.welcome_completed,
        u1_2.department,
        u1_2.designation,
        u1_2.employee_id,
        u1_2.experience,
        u1_2.joined_at,
        u1_2.qualification 
    from
        users u1_0 
    left join
        school_admins u1_1 
            on u1_0.id=u1_1.user_id 
    left join
        teachers u1_2 
            on u1_0.id=u1_2.id 
    where
        u1_0.email=?
Hibernate: 
    select
        s1_0.id,
        s1_0.active,
        s1_0.age_group,
        s1_0.auth_provider,
        s1_0.avatar,
        s1_0.created_at,
        s1_0.daily_goal_minutes,
        s1_0.division,
        s1_0.email,
        s1_0.email_verification_token,
        s1_0.email_verified,
        s1_0.english_level,
        s1_0.expo_push_token,
        s1_0.first_name,
        s1_0.interests,
        s1_0.last_name,
        s1_0.learning_goal,
        s1_0.native_language,
        s1_0.onboarding_completed,
        s1_0.parent_name,
        s1_0.parent_phone,
        s1_0.password,
        s1_0.phone,
        s1_0.preferred_accent,
        s1_0.preferred_voice,
        s1_0.reset_otp,
        s1_0.reset_otp_expiry,
        s1_0.reset_password_token,
        s1_0.reset_password_token_expiry,
        s1_0.roll_number,
        s1_0.school_id,
        s1_0.school_name,
        s1_0.standard,
        s1_0.status,
        s1_0.updated_at,
        s1_0.welcome_completed 
    from
        students s1_0 
    where
        s1_0.school_id=?
Hibernate: 
    select
        s1_0.id,
        s1_0.ai_voice,
        s1_0.auto_play_audio,
        s1_0.created_at,
        s1_0.daily_reminder,
        s1_0.dark_mode,
        s1_0.language,
        s1_0.notifications_enabled,
        s1_0.sound_effects,
        s1_0.student_id,
        s1_0.two_factor_enabled,
        s1_0.updated_at,
        s1_0.user_id 
    from
        settings s1_0 
    where
        s1_0.student_id=?
Hibernate: 
    select
        s1_0.id,
        s1_0.ai_voice,
        s1_0.auto_play_audio,
        s1_0.created_at,
        s1_0.daily_reminder,
        s1_0.dark_mode,
        s1_0.language,
        s1_0.notifications_enabled,
        s1_0.sound_effects,
        s1_0.student_id,
        s1_0.two_factor_enabled,
        s1_0.updated_at,
        s1_0.user_id 
    from
        settings s1_0 
    where
        s1_0.student_id=?
Hibernate: 
    select
        s1_0.id,
        s1_0.ai_voice,
        s1_0.auto_play_audio,
        s1_0.created_at,
        s1_0.daily_reminder,
        s1_0.dark_mode,
        s1_0.language,
        s1_0.notifications_enabled,
        s1_0.sound_effects,
        s1_0.student_id,
        s1_0.two_factor_enabled,
        s1_0.updated_at,
        s1_0.user_id 
    from
        settings s1_0 
    where
        s1_0.student_id=?
Hibernate: 
    select
        s1_0.id,
        s1_0.ai_voice,
        s1_0.auto_play_audio,
        s1_0.created_at,
        s1_0.daily_reminder,
        s1_0.dark_mode,
        s1_0.language,
        s1_0.notifications_enabled,
        s1_0.sound_effects,
        s1_0.student_id,
        s1_0.two_factor_enabled,
        s1_0.updated_at,
        s1_0.user_id 
    from
        settings s1_0 
    where
        s1_0.student_id=?
Hibernate: 
    select
        s1_0.id,
        s1_0.ai_voice,
        s1_0.auto_play_audio,
        s1_0.created_at,
        s1_0.daily_reminder,
        s1_0.dark_mode,
        s1_0.language,
        s1_0.notifications_enabled,
        s1_0.sound_effects,
        s1_0.student_id,
        s1_0.two_factor_enabled,
        s1_0.updated_at,
        s1_0.user_id 
    from
        settings s1_0 
    where
        s1_0.student_id=?
2026-08-24T17:44:44.957+05:30  INFO 14684 --- [SpeakMateAI] [0.0-9091-exec-1] c.r.s.security.RequestLoggingFilter      : [REQUEST LOG] Incoming request: GET /api/v1/school/results
2026-08-24T17:44:44.984+05:30  INFO 14684 --- [SpeakMateAI] [0.0-9091-exec-6] c.r.s.security.RequestLoggingFilter      : [REQUEST LOG] Incoming request: GET /api/v1/school/dashboard
2026-08-24T17:44:44.984+05:30  INFO 14684 --- [SpeakMateAI] [0.0-9091-exec-3] c.r.s.security.RequestLoggingFilter      : [REQUEST LOG] Incoming request: GET /api/school/students
2026-08-24T17:44:45.004+05:30  INFO 14684 --- [SpeakMateAI] [.0-9091-exec-10] c.r.s.security.RequestLoggingFilter      : [REQUEST LOG] Incoming request: GET /api/v1/school/teachers
Hibernate: 
    select
        u1_0.id,
        case 
            when u1_1.user_id is not null 
                then 1 
            when u1_2.id is not null 
                then 2 
            when u1_0.id is not null 
                then 0 
        end,
        u1_0.active,
        u1_0.age_group,
        u1_0.auth_provider,
        u1_0.avatar,
        u1_0.created_at,
        u1_0.daily_goal_minutes,
        u1_0.division,
        u1_0.email,
        u1_0.email_verification_token,
        u1_0.email_verified,
        u1_0.english_level,
        u1_0.expo_push_token,
        u1_0.first_name,
        u1_0.interests,
        u1_0.last_name,
        u1_0.learning_goal,
        u1_0.native_language,
        u1_0.onboarding_completed,
        u1_0.parent_name,
        u1_0.parent_phone,
        u1_0.password,
        u1_0.phone,
        u1_0.preferred_accent,
        u1_0.preferred_voice,
        u1_0.reset_otp,
        u1_0.reset_otp_expiry,
        u1_0.reset_password_token,
        u1_0.reset_password_token_expiry,
        u1_0.role,
        u1_0.roll_number,
        u1_0.school_id,
        u1_0.school_name,
        u1_0.standard,
        u1_0.status,
        u1_0.updated_at,
        u1_0.user_type,
        u1_0.welcome_completed,
        u1_2.department,
        u1_2.designation,
        u1_2.employee_id,
        u1_2.experience,
        u1_2.joined_at,
        u1_2.qualification 
    from
        users u1_0 
    left join
        school_admins u1_1 
            on u1_0.id=u1_1.user_id 
    left join
        teachers u1_2 
            on u1_0.id=u1_2.id 
    where
        u1_0.email=?
Hibernate: 
    select
        u1_0.id,
        case 
            when u1_1.user_id is not null 
                then 1 
            when u1_2.id is not null 
                then 2 
            when u1_0.id is not null 
                then 0 
        end,
        u1_0.active,
        u1_0.age_group,
        u1_0.auth_provider,
        u1_0.avatar,
        u1_0.created_at,
        u1_0.daily_goal_minutes,
        u1_0.division,
        u1_0.email,
        u1_0.email_verification_token,
        u1_0.email_verified,
        u1_0.english_level,
        u1_0.expo_push_token,
        u1_0.first_name,
        u1_0.interests,
        u1_0.last_name,
        u1_0.learning_goal,
        u1_0.native_language,
        u1_0.onboarding_completed,
        u1_0.parent_name,
        u1_0.parent_phone,
        u1_0.password,
        u1_0.phone,
        u1_0.preferred_accent,
        u1_0.preferred_voice,
        u1_0.reset_otp,
        u1_0.reset_otp_expiry,
        u1_0.reset_password_token,
        u1_0.reset_password_token_expiry,
        u1_0.role,
        u1_0.roll_number,
        u1_0.school_id,
        u1_0.school_name,
        u1_0.standard,
        u1_0.status,
        u1_0.updated_at,
        u1_0.user_type,
        u1_0.welcome_completed,
        u1_2.department,
        u1_2.designation,
        u1_2.employee_id,
        u1_2.experience,
        u1_2.joined_at,
        u1_2.qualification 
    from
        users u1_0 
    left join
        school_admins u1_1 
            on u1_0.id=u1_1.user_id 
    left join
        teachers u1_2 
            on u1_0.id=u1_2.id 
    where
        u1_0.email=?
Hibernate: 
    select
        u1_0.id,
        case 
            when u1_1.user_id is not null 
                then 1 
            when u1_2.id is not null 
                then 2 
            when u1_0.id is not null 
                then 0 
        end,
        u1_0.active,
        u1_0.age_group,
        u1_0.auth_provider,
        u1_0.avatar,
        u1_0.created_at,
        u1_0.daily_goal_minutes,
        u1_0.division,
        u1_0.email,
        u1_0.email_verification_token,
        u1_0.email_verified,
        u1_0.english_level,
        u1_0.expo_push_token,
        u1_0.first_name,
        u1_0.interests,
        u1_0.last_name,
        u1_0.learning_goal,
        u1_0.native_language,
        u1_0.onboarding_completed,
        u1_0.parent_name,
        u1_0.parent_phone,
        u1_0.password,
        u1_0.phone,
        u1_0.preferred_accent,
        u1_0.preferred_voice,
        u1_0.reset_otp,
        u1_0.reset_otp_expiry,
        u1_0.reset_password_token,
        u1_0.reset_password_token_expiry,
        u1_0.role,
        u1_0.roll_number,
        u1_0.school_id,
        u1_0.school_name,
        u1_0.standard,
        u1_0.status,
        u1_0.updated_at,
        u1_0.user_type,
        u1_0.welcome_completed,
        u1_2.department,
        u1_2.designation,
        u1_2.employee_id,
        u1_2.experience,
        u1_2.joined_at,
        u1_2.qualification 
    from
        users u1_0 
    left join
        school_admins u1_1 
            on u1_0.id=u1_1.user_id 
    left join
        teachers u1_2 
            on u1_0.id=u1_2.id 
    where
        u1_0.email=?
Hibernate: 
    select
        u1_0.id,
        case 
            when u1_1.user_id is not null 
                then 1 
            when u1_2.id is not null 
                then 2 
            when u1_0.id is not null 
                then 0 
        end,
        u1_0.active,
        u1_0.age_group,
        u1_0.auth_provider,
        u1_0.avatar,
        u1_0.created_at,
        u1_0.daily_goal_minutes,
        u1_0.division,
        u1_0.email,
        u1_0.email_verification_token,
        u1_0.email_verified,
        u1_0.english_level,
        u1_0.expo_push_token,
        u1_0.first_name,
        u1_0.interests,
        u1_0.last_name,
        u1_0.learning_goal,
        u1_0.native_language,
        u1_0.onboarding_completed,
        u1_0.parent_name,
        u1_0.parent_phone,
        u1_0.password,
        u1_0.phone,
        u1_0.preferred_accent,
        u1_0.preferred_voice,
        u1_0.reset_otp,
        u1_0.reset_otp_expiry,
        u1_0.reset_password_token,
        u1_0.reset_password_token_expiry,
        u1_0.role,
        u1_0.roll_number,
        u1_0.school_id,
        u1_0.school_name,
        u1_0.standard,
        u1_0.status,
        u1_0.updated_at,
        u1_0.user_type,
        u1_0.welcome_completed,
        u1_2.department,
        u1_2.designation,
        u1_2.employee_id,
        u1_2.experience,
        u1_2.joined_at,
        u1_2.qualification 
    from
        users u1_0 
    left join
        school_admins u1_1 
            on u1_0.id=u1_1.user_id 
    left join
        teachers u1_2 
            on u1_0.id=u1_2.id 
    where
        u1_0.email=?
Hibernate: 
    select
        u1_0.id,
        case 
            when u1_1.user_id is not null 
                then 1 
            when u1_2.id is not null 
                then 2 
            when u1_0.id is not null 
                then 0 
        end,
        u1_0.active,
        u1_0.age_group,
        u1_0.auth_provider,
        u1_0.avatar,
        u1_0.created_at,
        u1_0.daily_goal_minutes,
        u1_0.division,
        u1_0.email,
        u1_0.email_verification_token,
        u1_0.email_verified,
        u1_0.english_level,
        u1_0.expo_push_token,
        u1_0.first_name,
        u1_0.interests,
        u1_0.last_name,
        u1_0.learning_goal,
        u1_0.native_language,
        u1_0.onboarding_completed,
        u1_0.parent_name,
        u1_0.parent_phone,
        u1_0.password,
        u1_0.phone,
        u1_0.preferred_accent,
        u1_0.preferred_voice,
        u1_0.reset_otp,
        u1_0.reset_otp_expiry,
        u1_0.reset_password_token,
        u1_0.reset_password_token_expiry,
        u1_0.role,
        u1_0.roll_number,
        u1_0.school_id,
        u1_0.school_name,
        u1_0.standard,
        u1_0.status,
        u1_0.updated_at,
        u1_0.user_type,
        u1_0.welcome_completed,
        u1_2.department,
        u1_2.designation,
        u1_2.employee_id,
        u1_2.experience,
        u1_2.joined_at,
        u1_2.qualification 
    from
        users u1_0 
    left join
        school_admins u1_1 
            on u1_0.id=u1_1.user_id 
    left join
        teachers u1_2 
            on u1_0.id=u1_2.id 
    where
        u1_0.email=?
Hibernate: 
    select
        u1_0.id,
        case 
            when u1_1.user_id is not null 
                then 1 
            when u1_2.id is not null 
                then 2 
            when u1_0.id is not null 
                then 0 
        end,
        u1_0.active,
        u1_0.age_group,
        u1_0.auth_provider,
        u1_0.avatar,
        u1_0.created_at,
        u1_0.daily_goal_minutes,
        u1_0.division,
        u1_0.email,
        u1_0.email_verification_token,
        u1_0.email_verified,
        u1_0.english_level,
        u1_0.expo_push_token,
        u1_0.first_name,
        u1_0.interests,
        u1_0.last_name,
        u1_0.learning_goal,
        u1_0.native_language,
        u1_0.onboarding_completed,
        u1_0.parent_name,
        u1_0.parent_phone,
        u1_0.password,
        u1_0.phone,
        u1_0.preferred_accent,
        u1_0.preferred_voice,
        u1_0.reset_otp,
        u1_0.reset_otp_expiry,
        u1_0.reset_password_token,
        u1_0.reset_password_token_expiry,
        u1_0.role,
        u1_0.roll_number,
        u1_0.school_id,
        u1_0.school_name,
        u1_0.standard,
        u1_0.status,
        u1_0.updated_at,
        u1_0.user_type,
        u1_0.welcome_completed,
        u1_2.department,
        u1_2.designation,
        u1_2.employee_id,
        u1_2.experience,
        u1_2.joined_at,
        u1_2.qualification 
    from
        users u1_0 
    left join
        school_admins u1_1 
            on u1_0.id=u1_1.user_id 
    left join
        teachers u1_2 
            on u1_0.id=u1_2.id 
    where
        u1_0.email=?
Hibernate: 
    select
        u1_0.id,
        case 
            when u1_1.user_id is not null 
                then 1 
            when u1_2.id is not null 
                then 2 
            when u1_0.id is not null 
                then 0 
        end,
        u1_0.active,
        u1_0.age_group,
        u1_0.auth_provider,
        u1_0.avatar,
        u1_0.created_at,
        u1_0.daily_goal_minutes,
        u1_0.division,
        u1_0.email,
        u1_0.email_verification_token,
        u1_0.email_verified,
        u1_0.english_level,
        u1_0.expo_push_token,
        u1_0.first_name,
        u1_0.interests,
        u1_0.last_name,
        u1_0.learning_goal,
        u1_0.native_language,
        u1_0.onboarding_completed,
        u1_0.parent_name,
        u1_0.parent_phone,
        u1_0.password,
        u1_0.phone,
        u1_0.preferred_accent,
        u1_0.preferred_voice,
        u1_0.reset_otp,
        u1_0.reset_otp_expiry,
        u1_0.reset_password_token,
        u1_0.reset_password_token_expiry,
        u1_0.role,
        u1_0.roll_number,
        u1_0.school_id,
        u1_0.school_name,
        u1_0.standard,
        u1_0.status,
        u1_0.updated_at,
        u1_0.user_type,
        u1_0.welcome_completed,
        u1_2.department,
        u1_2.designation,
        u1_2.employee_id,
        u1_2.experience,
        u1_2.joined_at,
        u1_2.qualification 
    from
        users u1_0 
    left join
        school_admins u1_1 
            on u1_0.id=u1_1.user_id 
    left join
        teachers u1_2 
            on u1_0.id=u1_2.id 
    where
        u1_0.email=?
Hibernate: 
    select
        u1_0.id,
        case 
            when u1_1.user_id is not null 
                then 1 
            when u1_2.id is not null 
                then 2 
            when u1_0.id is not null 
                then 0 
        end,
        u1_0.active,
        u1_0.age_group,
        u1_0.auth_provider,
        u1_0.avatar,
        u1_0.created_at,
        u1_0.daily_goal_minutes,
        u1_0.division,
        u1_0.email,
        u1_0.email_verification_token,
        u1_0.email_verified,
        u1_0.english_level,
        u1_0.expo_push_token,
        u1_0.first_name,
        u1_0.interests,
        u1_0.last_name,
        u1_0.learning_goal,
        u1_0.native_language,
        u1_0.onboarding_completed,
        u1_0.parent_name,
        u1_0.parent_phone,
        u1_0.password,
        u1_0.phone,
        u1_0.preferred_accent,
        u1_0.preferred_voice,
        u1_0.reset_otp,
        u1_0.reset_otp_expiry,
        u1_0.reset_password_token,
        u1_0.reset_password_token_expiry,
        u1_0.role,
        u1_0.roll_number,
        u1_0.school_id,
        u1_0.school_name,
        u1_0.standard,
        u1_0.status,
        u1_0.updated_at,
        u1_0.user_type,
        u1_0.welcome_completed,
        u1_2.department,
        u1_2.designation,
        u1_2.employee_id,
        u1_2.experience,
        u1_2.joined_at,
        u1_2.qualification 
    from
        users u1_0 
    left join
        school_admins u1_1 
            on u1_0.id=u1_1.user_id 
    left join
        teachers u1_2 
            on u1_0.id=u1_2.id 
    where
        u1_0.email=?
Hibernate: 
    select
        r1_0.id,
        r1_0.active,
        r1_0.created_at,
        r1_0.marks_obtained,
        r1_0.status,
        r1_0.student_id,
        r1_0.submitted_at,
        r1_0.test_title,
        r1_0.total_marks,
        r1_0.updated_at 
    from
        results r1_0 
    join
        users s1_0 
            on s1_0.id=r1_0.student_id 
    where
        s1_0.school_id=? 
        and r1_0.active
Hibernate: 
    select
        s1_0.id,
        s1_0.active,
        s1_0.age_group,
        s1_0.auth_provider,
        s1_0.avatar,
        s1_0.created_at,
        s1_0.daily_goal_minutes,
        s1_0.division,
        s1_0.email,
        s1_0.email_verification_token,
        s1_0.email_verified,
        s1_0.english_level,
        s1_0.expo_push_token,
        s1_0.first_name,
        s1_0.interests,
        s1_0.last_name,
        s1_0.learning_goal,
        s1_0.native_language,
        s1_0.onboarding_completed,
        s1_0.parent_name,
        s1_0.parent_phone,
        s1_0.password,
        s1_0.phone,
        s1_0.preferred_accent,
        s1_0.preferred_voice,
        s1_0.reset_otp,
        s1_0.reset_otp_expiry,
        s1_0.reset_password_token,
        s1_0.reset_password_token_expiry,
        s1_0.roll_number,
        s1_0.school_id,
        s1_0.school_name,
        s1_0.standard,
        s1_0.status,
        s1_0.updated_at,
        s1_0.welcome_completed 
    from
        students s1_0 
    where
        s1_0.school_id=?
Hibernate: 
    select
        s1_0.id,
        s1_0.active,
        s1_0.age_group,
        s1_0.auth_provider,
        s1_0.avatar,
        s1_0.created_at,
        s1_0.daily_goal_minutes,
        s1_0.division,
        s1_0.email,
        s1_0.email_verification_token,
        s1_0.email_verified,
        s1_0.english_level,
        s1_0.expo_push_token,
        s1_0.first_name,
        s1_0.interests,
        s1_0.last_name,
        s1_0.learning_goal,
        s1_0.native_language,
        s1_0.onboarding_completed,
        s1_0.parent_name,
        s1_0.parent_phone,
        s1_0.password,
        s1_0.phone,
        s1_0.preferred_accent,
        s1_0.preferred_voice,
        s1_0.reset_otp,
        s1_0.reset_otp_expiry,
        s1_0.reset_password_token,
        s1_0.reset_password_token_expiry,
        s1_0.roll_number,
        s1_0.school_id,
        s1_0.school_name,
        s1_0.standard,
        s1_0.status,
        s1_0.updated_at,
        s1_0.welcome_completed 
    from
        students s1_0 
    where
        s1_0.school_id=?
Hibernate: 
    select
        u1_0.id,
        case 
            when u1_1.user_id is not null 
                then 1 
            when u1_2.id is not null 
                then 2 
            when u1_0.id is not null 
                then 0 
        end,
        u1_0.active,
        u1_0.age_group,
        u1_0.auth_provider,
        u1_0.avatar,
        u1_0.created_at,
        u1_0.daily_goal_minutes,
        u1_0.division,
        u1_0.email,
        u1_0.email_verification_token,
        u1_0.email_verified,
        u1_0.english_level,
        u1_0.expo_push_token,
        u1_0.first_name,
        u1_0.interests,
        u1_0.last_name,
        u1_0.learning_goal,
        u1_0.native_language,
        u1_0.onboarding_completed,
        u1_0.parent_name,
        u1_0.parent_phone,
        u1_0.password,
        u1_0.phone,
        u1_0.preferred_accent,
        u1_0.preferred_voice,
        u1_0.reset_otp,
        u1_0.reset_otp_expiry,
        u1_0.reset_password_token,
        u1_0.reset_password_token_expiry,
        u1_0.role,
        u1_0.roll_number,
        u1_0.school_id,
        u1_0.school_name,
        u1_0.standard,
        u1_0.status,
        u1_0.updated_at,
        u1_0.user_type,
        u1_0.welcome_completed,
        u1_2.department,
        u1_2.designation,
        u1_2.employee_id,
        u1_2.experience,
        u1_2.joined_at,
        u1_2.qualification 
    from
        users u1_0 
    left join
        school_admins u1_1 
            on u1_0.id=u1_1.user_id 
    left join
        teachers u1_2 
            on u1_0.id=u1_2.id 
    where
        u1_0.school_id=? 
        and u1_0.role=?
Hibernate: 
    select
        s1_0.id,
        s1_0.ai_voice,
        s1_0.auto_play_audio,
        s1_0.created_at,
        s1_0.daily_reminder,
        s1_0.dark_mode,
        s1_0.language,
        s1_0.notifications_enabled,
        s1_0.sound_effects,
        s1_0.student_id,
        s1_0.two_factor_enabled,
        s1_0.updated_at,
        s1_0.user_id 
    from
        settings s1_0 
    where
        s1_0.student_id=?
Hibernate: 
    select
        s1_0.id,
        s1_0.ai_voice,
        s1_0.auto_play_audio,
        s1_0.created_at,
        s1_0.daily_reminder,
        s1_0.dark_mode,
        s1_0.language,
        s1_0.notifications_enabled,
        s1_0.sound_effects,
        s1_0.student_id,
        s1_0.two_factor_enabled,
        s1_0.updated_at,
        s1_0.user_id 
    from
        settings s1_0 
    where
        s1_0.student_id=?
Hibernate: 
    select
        s1_0.id,
        s1_0.active,
        s1_0.address,
        s1_0.contact_phone,
        s1_0.created_at,
        s1_0.name,
        s1_0.school_code,
        s1_0.school_name,
        s1_0.updated_at 
    from
        schools s1_0 
    where
        s1_0.id=?
Hibernate: 
    select
        s1_0.id,
        s1_0.ai_voice,
        s1_0.auto_play_audio,
        s1_0.created_at,
        s1_0.daily_reminder,
        s1_0.dark_mode,
        s1_0.language,
        s1_0.notifications_enabled,
        s1_0.sound_effects,
        s1_0.student_id,
        s1_0.two_factor_enabled,
        s1_0.updated_at,
        s1_0.user_id 
    from
        settings s1_0 
    where
        s1_0.student_id=?
Hibernate: 
    select
        s1_0.id,
        s1_0.ai_voice,
        s1_0.auto_play_audio,
        s1_0.created_at,
        s1_0.daily_reminder,
        s1_0.dark_mode,
        s1_0.language,
        s1_0.notifications_enabled,
        s1_0.sound_effects,
        s1_0.student_id,
        s1_0.two_factor_enabled,
        s1_0.updated_at,
        s1_0.user_id 
    from
        settings s1_0 
    where
        s1_0.student_id=?
Hibernate: 
    select
        s1_0.id,
        s1_0.ai_voice,
        s1_0.auto_play_audio,
        s1_0.created_at,
        s1_0.daily_reminder,
        s1_0.dark_mode,
        s1_0.language,
        s1_0.notifications_enabled,
        s1_0.sound_effects,
        s1_0.student_id,
        s1_0.two_factor_enabled,
        s1_0.updated_at,
        s1_0.user_id 
    from
        settings s1_0 
    where
        s1_0.student_id=?
Hibernate: 
    select
        s1_0.id,
        s1_0.ai_voice,
        s1_0.auto_play_audio,
        s1_0.created_at,
        s1_0.daily_reminder,
        s1_0.dark_mode,
        s1_0.language,
        s1_0.notifications_enabled,
        s1_0.sound_effects,
        s1_0.student_id,
        s1_0.two_factor_enabled,
        s1_0.updated_at,
        s1_0.user_id 
    from
        settings s1_0 
    where
        s1_0.student_id=?
2026-08-24T17:44:47.390+05:30  INFO 14684 --- [SpeakMateAI] [0.0-9091-exec-5] c.r.s.security.RequestLoggingFilter      : [REQUEST LOG] Incoming request: GET /api/v1/school/teachers
Hibernate: 
    select
        u1_0.id,
        case 
            when u1_1.user_id is not null 
                then 1 
            when u1_2.id is not null 
                then 2 
            when u1_0.id is not null 
                then 0 
        end,
        u1_0.active,
        u1_0.age_group,
        u1_0.auth_provider,
        u1_0.avatar,
        u1_0.created_at,
        u1_0.daily_goal_minutes,
        u1_0.division,
        u1_0.email,
        u1_0.email_verification_token,
        u1_0.email_verified,
        u1_0.english_level,
        u1_0.expo_push_token,
        u1_0.first_name,
        u1_0.interests,
        u1_0.last_name,
        u1_0.learning_goal,
        u1_0.native_language,
        u1_0.onboarding_completed,
        u1_0.parent_name,
        u1_0.parent_phone,
        u1_0.password,
        u1_0.phone,
        u1_0.preferred_accent,
        u1_0.preferred_voice,
        u1_0.reset_otp,
        u1_0.reset_otp_expiry,
        u1_0.reset_password_token,
        u1_0.reset_password_token_expiry,
        u1_0.role,
        u1_0.roll_number,
        u1_0.school_id,
        u1_0.school_name,
        u1_0.standard,
        u1_0.status,
        u1_0.updated_at,
        u1_0.user_type,
        u1_0.welcome_completed,
        u1_2.department,
        u1_2.designation,
        u1_2.employee_id,
        u1_2.experience,
        u1_2.joined_at,
        u1_2.qualification 
    from
        users u1_0 
    left join
        school_admins u1_1 
            on u1_0.id=u1_1.user_id 
    left join
        teachers u1_2 
            on u1_0.id=u1_2.id 
    where
        u1_0.email=?
Hibernate: 
    select
        s1_0.id,
        s1_0.ai_voice,
        s1_0.auto_play_audio,
        s1_0.created_at,
        s1_0.daily_reminder,
        s1_0.dark_mode,
        s1_0.language,
        s1_0.notifications_enabled,
        s1_0.sound_effects,
        s1_0.student_id,
        s1_0.two_factor_enabled,
        s1_0.updated_at,
        s1_0.user_id 
    from
        settings s1_0 
    where
        s1_0.student_id=?
Hibernate: 
    select
        s1_0.id,
        s1_0.ai_voice,
        s1_0.auto_play_audio,
        s1_0.created_at,
        s1_0.daily_reminder,
        s1_0.dark_mode,
        s1_0.language,
        s1_0.notifications_enabled,
        s1_0.sound_effects,
        s1_0.student_id,
        s1_0.two_factor_enabled,
        s1_0.updated_at,
        s1_0.user_id 
    from
        settings s1_0 
    where
        s1_0.student_id=?
Hibernate: 
    select
        s1_0.id,
        s1_0.ai_voice,
        s1_0.auto_play_audio,
        s1_0.created_at,
        s1_0.daily_reminder,
        s1_0.dark_mode,
        s1_0.language,
        s1_0.notifications_enabled,
        s1_0.sound_effects,
        s1_0.student_id,
        s1_0.two_factor_enabled,
        s1_0.updated_at,
        s1_0.user_id 
    from
        settings s1_0 
    where
        s1_0.student_id=?
Hibernate: 
    select
        s1_0.id,
        s1_0.ai_voice,
        s1_0.auto_play_audio,
        s1_0.created_at,
        s1_0.daily_reminder,
        s1_0.dark_mode,
        s1_0.language,
        s1_0.notifications_enabled,
        s1_0.sound_effects,
        s1_0.student_id,
        s1_0.two_factor_enabled,
        s1_0.updated_at,
        s1_0.user_id 
    from
        settings s1_0 
    where
        s1_0.student_id=?
Hibernate: 
    select
        u1_0.id,
        case 
            when u1_1.user_id is not null 
                then 1 
            when u1_2.id is not null 
                then 2 
            when u1_0.id is not null 
                then 0 
        end,
        u1_0.active,
        u1_0.age_group,
        u1_0.auth_provider,
        u1_0.avatar,
        u1_0.created_at,
        u1_0.daily_goal_minutes,
        u1_0.division,
        u1_0.email,
        u1_0.email_verification_token,
        u1_0.email_verified,
        u1_0.english_level,
        u1_0.expo_push_token,
        u1_0.first_name,
        u1_0.interests,
        u1_0.last_name,
        u1_0.learning_goal,
        u1_0.native_language,
        u1_0.onboarding_completed,
        u1_0.parent_name,
        u1_0.parent_phone,
        u1_0.password,
        u1_0.phone,
        u1_0.preferred_accent,
        u1_0.preferred_voice,
        u1_0.reset_otp,
        u1_0.reset_otp_expiry,
        u1_0.reset_password_token,
        u1_0.reset_password_token_expiry,
        u1_0.role,
        u1_0.roll_number,
        u1_0.school_id,
        u1_0.school_name,
        u1_0.standard,
        u1_0.status,
        u1_0.updated_at,
        u1_0.user_type,
        u1_0.welcome_completed,
        u1_2.department,
        u1_2.designation,
        u1_2.employee_id,
        u1_2.experience,
        u1_2.joined_at,
        u1_2.qualification 
    from
        users u1_0 
    left join
        school_admins u1_1 
            on u1_0.id=u1_1.user_id 
    left join
        teachers u1_2 
            on u1_0.id=u1_2.id 
    where
        u1_0.email=?
Hibernate: 
    select
        u1_0.id,
        case 
            when u1_1.user_id is not null 
                then 1 
            when u1_2.id is not null 
                then 2 
            when u1_0.id is not null 
                then 0 
        end,
        u1_0.active,
        u1_0.age_group,
        u1_0.auth_provider,
        u1_0.avatar,
        u1_0.created_at,
        u1_0.daily_goal_minutes,
        u1_0.division,
        u1_0.email,
        u1_0.email_verification_token,
        u1_0.email_verified,
        u1_0.english_level,
        u1_0.expo_push_token,
        u1_0.first_name,
        u1_0.interests,
        u1_0.last_name,
        u1_0.learning_goal,
        u1_0.native_language,
        u1_0.onboarding_completed,
        u1_0.parent_name,
        u1_0.parent_phone,
        u1_0.password,
        u1_0.phone,
        u1_0.preferred_accent,
        u1_0.preferred_voice,
        u1_0.reset_otp,
        u1_0.reset_otp_expiry,
        u1_0.reset_password_token,
        u1_0.reset_password_token_expiry,
        u1_0.role,
        u1_0.roll_number,
        u1_0.school_id,
        u1_0.school_name,
        u1_0.standard,
        u1_0.status,
        u1_0.updated_at,
        u1_0.user_type,
        u1_0.welcome_completed,
        u1_2.department,
        u1_2.designation,
        u1_2.employee_id,
        u1_2.experience,
        u1_2.joined_at,
        u1_2.qualification 
    from
        users u1_0 
    left join
        school_admins u1_1 
            on u1_0.id=u1_1.user_id 
    left join
        teachers u1_2 
            on u1_0.id=u1_2.id 
    where
        u1_0.school_id=? 
        and u1_0.role=?
Hibernate: 
    select
        u1_0.id,
        case 
            when u1_1.user_id is not null 
                then 1 
            when u1_2.id is not null 
                then 2 
            when u1_0.id is not null 
                then 0 
        end,
        u1_0.active,
        u1_0.age_group,
        u1_0.auth_provider,
        u1_0.avatar,
        u1_0.created_at,
        u1_0.daily_goal_minutes,
        u1_0.division,
        u1_0.email,
        u1_0.email_verification_token,
        u1_0.email_verified,
        u1_0.english_level,
        u1_0.expo_push_token,
        u1_0.first_name,
        u1_0.interests,
        u1_0.last_name,
        u1_0.learning_goal,
        u1_0.native_language,
        u1_0.onboarding_completed,
        u1_0.parent_name,
        u1_0.parent_phone,
        u1_0.password,
        u1_0.phone,
        u1_0.preferred_accent,
        u1_0.preferred_voice,
        u1_0.reset_otp,
        u1_0.reset_otp_expiry,
        u1_0.reset_password_token,
        u1_0.reset_password_token_expiry,
        u1_0.role,
        u1_0.roll_number,
        u1_0.school_id,
        u1_0.school_name,
        u1_0.standard,
        u1_0.status,
        u1_0.updated_at,
        u1_0.user_type,
        u1_0.welcome_completed,
        u1_2.department,
        u1_2.designation,
        u1_2.employee_id,
        u1_2.experience,
        u1_2.joined_at,
        u1_2.qualification 
    from
        users u1_0 
    left join
        school_admins u1_1 
            on u1_0.id=u1_1.user_id 
    left join
        teachers u1_2 
            on u1_0.id=u1_2.id 
    where
        u1_0.school_id=? 
        and u1_0.role=?
2026-08-24T17:44:47.695+05:30  INFO 14684 --- [SpeakMateAI] [0.0-9091-exec-8] c.r.s.security.RequestLoggingFilter      : [REQUEST LOG] Incoming request: GET /api/school/students
Hibernate: 
    select
        s1_0.id,
        s1_0.active,
        s1_0.address,
        s1_0.contact_phone,
        s1_0.created_at,
        s1_0.name,
        s1_0.school_code,
        s1_0.school_name,
        s1_0.updated_at 
    from
        schools s1_0 
    where
        s1_0.id=?
Hibernate: 
    select
        u1_0.id,
        case 
            when u1_1.user_id is not null 
                then 1 
            when u1_2.id is not null 
                then 2 
            when u1_0.id is not null 
                then 0 
        end,
        u1_0.active,
        u1_0.age_group,
        u1_0.auth_provider,
        u1_0.avatar,
        u1_0.created_at,
        u1_0.daily_goal_minutes,
        u1_0.division,
        u1_0.email,
        u1_0.email_verification_token,
        u1_0.email_verified,
        u1_0.english_level,
        u1_0.expo_push_token,
        u1_0.first_name,
        u1_0.interests,
        u1_0.last_name,
        u1_0.learning_goal,
        u1_0.native_language,
        u1_0.onboarding_completed,
        u1_0.parent_name,
        u1_0.parent_phone,
        u1_0.password,
        u1_0.phone,
        u1_0.preferred_accent,
        u1_0.preferred_voice,
        u1_0.reset_otp,
        u1_0.reset_otp_expiry,
        u1_0.reset_password_token,
        u1_0.reset_password_token_expiry,
        u1_0.role,
        u1_0.roll_number,
        u1_0.school_id,
        u1_0.school_name,
        u1_0.standard,
        u1_0.status,
        u1_0.updated_at,
        u1_0.user_type,
        u1_0.welcome_completed,
        u1_2.department,
        u1_2.designation,
        u1_2.employee_id,
        u1_2.experience,
        u1_2.joined_at,
        u1_2.qualification 
    from
        users u1_0 
    left join
        school_admins u1_1 
            on u1_0.id=u1_1.user_id 
    left join
        teachers u1_2 
            on u1_0.id=u1_2.id 
    where
        u1_0.email=?
Hibernate: 
    select
        cr1_0.id,
        cr1_0.academic_year,
        cr1_0.created_at,
        cr1_0.grade,
        cr1_0.name,
        cr1_0.school_id,
        cr1_0.status,
        cr1_0.teacher_id,
        cr1_0.updated_at 
    from
        class_rooms cr1_0 
    where
        cr1_0.school_id=?
Hibernate: 
    select
        r1_0.id,
        r1_0.active,
        r1_0.created_at,
        r1_0.marks_obtained,
        r1_0.status,
        r1_0.student_id,
        r1_0.submitted_at,
        r1_0.test_title,
        r1_0.total_marks,
        r1_0.updated_at 
    from
        results r1_0 
    join
        users s1_0 
            on s1_0.id=r1_0.student_id 
    where
        s1_0.school_id=? 
        and r1_0.active
Hibernate: 
    select
        u1_0.id,
        case 
            when u1_1.user_id is not null 
                then 1 
            when u1_2.id is not null 
                then 2 
            when u1_0.id is not null 
                then 0 
        end,
        u1_0.active,
        u1_0.age_group,
        u1_0.auth_provider,
        u1_0.avatar,
        u1_0.created_at,
        u1_0.daily_goal_minutes,
        u1_0.division,
        u1_0.email,
        u1_0.email_verification_token,
        u1_0.email_verified,
        u1_0.english_level,
        u1_0.expo_push_token,
        u1_0.first_name,
        u1_0.interests,
        u1_0.last_name,
        u1_0.learning_goal,
        u1_0.native_language,
        u1_0.onboarding_completed,
        u1_0.parent_name,
        u1_0.parent_phone,
        u1_0.password,
        u1_0.phone,
        u1_0.preferred_accent,
        u1_0.preferred_voice,
        u1_0.reset_otp,
        u1_0.reset_otp_expiry,
        u1_0.reset_password_token,
        u1_0.reset_password_token_expiry,
        u1_0.role,
        u1_0.roll_number,
        u1_0.school_id,
        u1_0.school_name,
        u1_0.standard,
        u1_0.status,
        u1_0.updated_at,
        u1_0.user_type,
        u1_0.welcome_completed,
        u1_2.department,
        u1_2.designation,
        u1_2.employee_id,
        u1_2.experience,
        u1_2.joined_at,
        u1_2.qualification 
    from
        users u1_0 
    left join
        school_admins u1_1 
            on u1_0.id=u1_1.user_id 
    left join
        teachers u1_2 
            on u1_0.id=u1_2.id 
    where
        u1_0.email=?
Hibernate: 
    select
        count(lp1_0.id) 
    from
        lesson_progress lp1_0 
    join
        students s1_0 
            on s1_0.id=lp1_0.user_id 
    where
        s1_0.school_id=? 
        and lp1_0.completed=true
Hibernate: 
    select
        s1_0.id,
        s1_0.active,
        s1_0.age_group,
        s1_0.auth_provider,
        s1_0.avatar,
        s1_0.created_at,
        s1_0.daily_goal_minutes,
        s1_0.division,
        s1_0.email,
        s1_0.email_verification_token,
        s1_0.email_verified,
        s1_0.english_level,
        s1_0.expo_push_token,
        s1_0.first_name,
        s1_0.interests,
        s1_0.last_name,
        s1_0.learning_goal,
        s1_0.native_language,
        s1_0.onboarding_completed,
        s1_0.parent_name,
        s1_0.parent_phone,
        s1_0.password,
        s1_0.phone,
        s1_0.preferred_accent,
        s1_0.preferred_voice,
        s1_0.reset_otp,
        s1_0.reset_otp_expiry,
        s1_0.reset_password_token,
        s1_0.reset_password_token_expiry,
        s1_0.roll_number,
        s1_0.school_id,
        s1_0.school_name,
        s1_0.standard,
        s1_0.status,
        s1_0.updated_at,
        s1_0.welcome_completed 
    from
        students s1_0 
    where
        s1_0.school_id=?
Hibernate: 
    select
        s1_0.id,
        s1_0.active,
        s1_0.address,
        s1_0.contact_phone,
        s1_0.created_at,
        s1_0.name,
        s1_0.school_code,
        s1_0.school_name,
        s1_0.updated_at 
    from
        schools s1_0 
    where
        s1_0.id=?
Hibernate: 
    select
        s1_0.id,
        s1_0.ai_voice,
        s1_0.auto_play_audio,
        s1_0.created_at,
        s1_0.daily_reminder,
        s1_0.dark_mode,
        s1_0.language,
        s1_0.notifications_enabled,
        s1_0.sound_effects,
        s1_0.student_id,
        s1_0.two_factor_enabled,
        s1_0.updated_at,
        s1_0.user_id 
    from
        settings s1_0 
    where
        s1_0.student_id=?
Hibernate: 
    select
        s1_0.id,
        s1_0.ai_voice,
        s1_0.auto_play_audio,
        s1_0.created_at,
        s1_0.daily_reminder,
        s1_0.dark_mode,
        s1_0.language,
        s1_0.notifications_enabled,
        s1_0.sound_effects,
        s1_0.student_id,
        s1_0.two_factor_enabled,
        s1_0.updated_at,
        s1_0.user_id 
    from
        settings s1_0 
    where
        s1_0.student_id=?
Hibernate: 
    select
        s1_0.id,
        s1_0.ai_voice,
        s1_0.auto_play_audio,
        s1_0.created_at,
        s1_0.daily_reminder,
        s1_0.dark_mode,
        s1_0.language,
        s1_0.notifications_enabled,
        s1_0.sound_effects,
        s1_0.student_id,
        s1_0.two_factor_enabled,
        s1_0.updated_at,
        s1_0.user_id 
    from
        settings s1_0 
    where
        s1_0.student_id=?
2026-08-24T17:44:48.156+05:30  INFO 14684 --- [SpeakMateAI] [0.0-9091-exec-4] c.r.s.security.RequestLoggingFilter      : [REQUEST LOG] Incoming request: GET /api/v1/school/dashboard
Hibernate: 
    select
        u1_0.id,
        case 
            when u1_1.user_id is not null 
                then 1 
            when u1_2.id is not null 
                then 2 
            when u1_0.id is not null 
                then 0 
        end,
        u1_0.active,
        u1_0.age_group,
        u1_0.auth_provider,
        u1_0.avatar,
        u1_0.created_at,
        u1_0.daily_goal_minutes,
        u1_0.division,
        u1_0.email,
        u1_0.email_verification_token,
        u1_0.email_verified,
        u1_0.english_level,
        u1_0.expo_push_token,
        u1_0.first_name,
        u1_0.interests,
        u1_0.last_name,
        u1_0.learning_goal,
        u1_0.native_language,
        u1_0.onboarding_completed,
        u1_0.parent_name,
        u1_0.parent_phone,
        u1_0.password,
        u1_0.phone,
        u1_0.preferred_accent,
        u1_0.preferred_voice,
        u1_0.reset_otp,
        u1_0.reset_otp_expiry,
        u1_0.reset_password_token,
        u1_0.reset_password_token_expiry,
        u1_0.role,
        u1_0.roll_number,
        u1_0.school_id,
        u1_0.school_name,
        u1_0.standard,
        u1_0.status,
        u1_0.updated_at,
        u1_0.user_type,
        u1_0.welcome_completed,
        u1_2.department,
        u1_2.designation,
        u1_2.employee_id,
        u1_2.experience,
        u1_2.joined_at,
        u1_2.qualification 
    from
        users u1_0 
    left join
        school_admins u1_1 
            on u1_0.id=u1_1.user_id 
    left join
        teachers u1_2 
            on u1_0.id=u1_2.id 
    where
        u1_0.email=?
Hibernate: 
    select
        s1_0.id,
        s1_0.ai_voice,
        s1_0.auto_play_audio,
        s1_0.created_at,
        s1_0.daily_reminder,
        s1_0.dark_mode,
        s1_0.language,
        s1_0.notifications_enabled,
        s1_0.sound_effects,
        s1_0.student_id,
        s1_0.two_factor_enabled,
        s1_0.updated_at,
        s1_0.user_id 
    from
        settings s1_0 
    where
        s1_0.student_id=?
Hibernate: 
    select
        u1_0.id,
        case 
            when u1_1.user_id is not null 
                then 1 
            when u1_2.id is not null 
                then 2 
            when u1_0.id is not null 
                then 0 
        end,
        u1_0.active,
        u1_0.age_group,
        u1_0.auth_provider,
        u1_0.avatar,
        u1_0.created_at,
        u1_0.daily_goal_minutes,
        u1_0.division,
        u1_0.email,
        u1_0.email_verification_token,
        u1_0.email_verified,
        u1_0.english_level,
        u1_0.expo_push_token,
        u1_0.first_name,
        u1_0.interests,
        u1_0.last_name,
        u1_0.learning_goal,
        u1_0.native_language,
        u1_0.onboarding_completed,
        u1_0.parent_name,
        u1_0.parent_phone,
        u1_0.password,
        u1_0.phone,
        u1_0.preferred_accent,
        u1_0.preferred_voice,
        u1_0.reset_otp,
        u1_0.reset_otp_expiry,
        u1_0.reset_password_token,
        u1_0.reset_password_token_expiry,
        u1_0.role,
        u1_0.roll_number,
        u1_0.school_id,
        u1_0.school_name,
        u1_0.standard,
        u1_0.status,
        u1_0.updated_at,
        u1_0.user_type,
        u1_0.welcome_completed,
        u1_2.department,
        u1_2.designation,
        u1_2.employee_id,
        u1_2.experience,
        u1_2.joined_at,
        u1_2.qualification 
    from
        users u1_0 
    left join
        school_admins u1_1 
            on u1_0.id=u1_1.user_id 
    left join
        teachers u1_2 
            on u1_0.id=u1_2.id 
    where
        u1_0.email=?
Hibernate: 
    select
        s1_0.id,
        s1_0.ai_voice,
        s1_0.auto_play_audio,
        s1_0.created_at,
        s1_0.daily_reminder,
        s1_0.dark_mode,
        s1_0.language,
        s1_0.notifications_enabled,
        s1_0.sound_effects,
        s1_0.student_id,
        s1_0.two_factor_enabled,
        s1_0.updated_at,
        s1_0.user_id 
    from
        settings s1_0 
    where
        s1_0.student_id=?
Hibernate: 
    select
        s1_0.id,
        s1_0.active,
        s1_0.age_group,
        s1_0.auth_provider,
        s1_0.avatar,
        s1_0.created_at,
        s1_0.daily_goal_minutes,
        s1_0.division,
        s1_0.email,
        s1_0.email_verification_token,
        s1_0.email_verified,
        s1_0.english_level,
        s1_0.expo_push_token,
        s1_0.first_name,
        s1_0.interests,
        s1_0.last_name,
        s1_0.learning_goal,
        s1_0.native_language,
        s1_0.onboarding_completed,
        s1_0.parent_name,
        s1_0.parent_phone,
        s1_0.password,
        s1_0.phone,
        s1_0.preferred_accent,
        s1_0.preferred_voice,
        s1_0.reset_otp,
        s1_0.reset_otp_expiry,
        s1_0.reset_password_token,
        s1_0.reset_password_token_expiry,
        s1_0.roll_number,
        s1_0.school_id,
        s1_0.school_name,
        s1_0.standard,
        s1_0.status,
        s1_0.updated_at,
        s1_0.welcome_completed 
    from
        students s1_0 
    where
        s1_0.school_id=?
Hibernate: 
    select
        s1_0.id,
        s1_0.ai_voice,
        s1_0.auto_play_audio,
        s1_0.created_at,
        s1_0.daily_reminder,
        s1_0.dark_mode,
        s1_0.language,
        s1_0.notifications_enabled,
        s1_0.sound_effects,
        s1_0.student_id,
        s1_0.two_factor_enabled,
        s1_0.updated_at,
        s1_0.user_id 
    from
        settings s1_0 
    where
        s1_0.student_id=?
2026-08-24T17:44:48.449+05:30  INFO 14684 --- [SpeakMateAI] [0.0-9091-exec-9] c.r.s.security.RequestLoggingFilter      : [REQUEST LOG] Incoming request: GET /api/school/students
Hibernate: 
    select
        u1_0.id,
        case 
            when u1_1.user_id is not null 
                then 1 
            when u1_2.id is not null 
                then 2 
            when u1_0.id is not null 
                then 0 
        end,
        u1_0.active,
        u1_0.age_group,
        u1_0.auth_provider,
        u1_0.avatar,
        u1_0.created_at,
        u1_0.daily_goal_minutes,
        u1_0.division,
        u1_0.email,
        u1_0.email_verification_token,
        u1_0.email_verified,
        u1_0.english_level,
        u1_0.expo_push_token,
        u1_0.first_name,
        u1_0.interests,
        u1_0.last_name,
        u1_0.learning_goal,
        u1_0.native_language,
        u1_0.onboarding_completed,
        u1_0.parent_name,
        u1_0.parent_phone,
        u1_0.password,
        u1_0.phone,
        u1_0.preferred_accent,
        u1_0.preferred_voice,
        u1_0.reset_otp,
        u1_0.reset_otp_expiry,
        u1_0.reset_password_token,
        u1_0.reset_password_token_expiry,
        u1_0.role,
        u1_0.roll_number,
        u1_0.school_id,
        u1_0.school_name,
        u1_0.standard,
        u1_0.status,
        u1_0.updated_at,
        u1_0.user_type,
        u1_0.welcome_completed,
        u1_2.department,
        u1_2.designation,
        u1_2.employee_id,
        u1_2.experience,
        u1_2.joined_at,
        u1_2.qualification 
    from
        users u1_0 
    left join
        school_admins u1_1 
            on u1_0.id=u1_1.user_id 
    left join
        teachers u1_2 
            on u1_0.id=u1_2.id 
    where
        u1_0.email=?
Hibernate: 
    select
        s1_0.id,
        s1_0.ai_voice,
        s1_0.auto_play_audio,
        s1_0.created_at,
        s1_0.daily_reminder,
        s1_0.dark_mode,
        s1_0.language,
        s1_0.notifications_enabled,
        s1_0.sound_effects,
        s1_0.student_id,
        s1_0.two_factor_enabled,
        s1_0.updated_at,
        s1_0.user_id 
    from
        settings s1_0 
    where
        s1_0.student_id=?
Hibernate: 
    select
        u1_0.id,
        case 
            when u1_1.user_id is not null 
                then 1 
            when u1_2.id is not null 
                then 2 
            when u1_0.id is not null 
                then 0 
        end,
        u1_0.active,
        u1_0.age_group,
        u1_0.auth_provider,
        u1_0.avatar,
        u1_0.created_at,
        u1_0.daily_goal_minutes,
        u1_0.division,
        u1_0.email,
        u1_0.email_verification_token,
        u1_0.email_verified,
        u1_0.english_level,
        u1_0.expo_push_token,
        u1_0.first_name,
        u1_0.interests,
        u1_0.last_name,
        u1_0.learning_goal,
        u1_0.native_language,
        u1_0.onboarding_completed,
        u1_0.parent_name,
        u1_0.parent_phone,
        u1_0.password,
        u1_0.phone,
        u1_0.preferred_accent,
        u1_0.preferred_voice,
        u1_0.reset_otp,
        u1_0.reset_otp_expiry,
        u1_0.reset_password_token,
        u1_0.reset_password_token_expiry,
        u1_0.role,
        u1_0.roll_number,
        u1_0.school_id,
        u1_0.school_name,
        u1_0.standard,
        u1_0.status,
        u1_0.updated_at,
        u1_0.user_type,
        u1_0.welcome_completed,
        u1_2.department,
        u1_2.designation,
        u1_2.employee_id,
        u1_2.experience,
        u1_2.joined_at,
        u1_2.qualification 
    from
        users u1_0 
    left join
        school_admins u1_1 
            on u1_0.id=u1_1.user_id 
    left join
        teachers u1_2 
            on u1_0.id=u1_2.id 
    where
        u1_0.email=?
Hibernate: 
    select
        s1_0.id,
        s1_0.ai_voice,
        s1_0.auto_play_audio,
        s1_0.created_at,
        s1_0.daily_reminder,
        s1_0.dark_mode,
        s1_0.language,
        s1_0.notifications_enabled,
        s1_0.sound_effects,
        s1_0.student_id,
        s1_0.two_factor_enabled,
        s1_0.updated_at,
        s1_0.user_id 
    from
        settings s1_0 
    where
        s1_0.student_id=?
Hibernate: 
    select
        s1_0.id,
        s1_0.active,
        s1_0.age_group,
        s1_0.auth_provider,
        s1_0.avatar,
        s1_0.created_at,
        s1_0.daily_goal_minutes,
        s1_0.division,
        s1_0.email,
        s1_0.email_verification_token,
        s1_0.email_verified,
        s1_0.english_level,
        s1_0.expo_push_token,
        s1_0.first_name,
        s1_0.interests,
        s1_0.last_name,
        s1_0.learning_goal,
        s1_0.native_language,
        s1_0.onboarding_completed,
        s1_0.parent_name,
        s1_0.parent_phone,
        s1_0.password,
        s1_0.phone,
        s1_0.preferred_accent,
        s1_0.preferred_voice,
        s1_0.reset_otp,
        s1_0.reset_otp_expiry,
        s1_0.reset_password_token,
        s1_0.reset_password_token_expiry,
        s1_0.roll_number,
        s1_0.school_id,
        s1_0.school_name,
        s1_0.standard,
        s1_0.status,
        s1_0.updated_at,
        s1_0.welcome_completed 
    from
        students s1_0 
    where
        s1_0.school_id=?
Hibernate: 
    select
        s1_0.id,
        s1_0.ai_voice,
        s1_0.auto_play_audio,
        s1_0.created_at,
        s1_0.daily_reminder,
        s1_0.dark_mode,
        s1_0.language,
        s1_0.notifications_enabled,
        s1_0.sound_effects,
        s1_0.student_id,
        s1_0.two_factor_enabled,
        s1_0.updated_at,
        s1_0.user_id 
    from
        settings s1_0 
    where
        s1_0.student_id=?
Hibernate: 
    select
        s1_0.id,
        s1_0.ai_voice,
        s1_0.auto_play_audio,
        s1_0.created_at,
        s1_0.daily_reminder,
        s1_0.dark_mode,
        s1_0.language,
        s1_0.notifications_enabled,
        s1_0.sound_effects,
        s1_0.student_id,
        s1_0.two_factor_enabled,
        s1_0.updated_at,
        s1_0.user_id 
    from
        settings s1_0 
    where
        s1_0.student_id=?
Hibernate: 
    select
        s1_0.id,
        s1_0.ai_voice,
        s1_0.auto_play_audio,
        s1_0.created_at,
        s1_0.daily_reminder,
        s1_0.dark_mode,
        s1_0.language,
        s1_0.notifications_enabled,
        s1_0.sound_effects,
        s1_0.student_id,
        s1_0.two_factor_enabled,
        s1_0.updated_at,
        s1_0.user_id 
    from
        settings s1_0 
    where
        s1_0.student_id=?
Hibernate: 
    select
        s1_0.id,
        s1_0.ai_voice,
        s1_0.auto_play_audio,
        s1_0.created_at,
        s1_0.daily_reminder,
        s1_0.dark_mode,
        s1_0.language,
        s1_0.notifications_enabled,
        s1_0.sound_effects,
        s1_0.student_id,
        s1_0.two_factor_enabled,
        s1_0.updated_at,
        s1_0.user_id 
    from
        settings s1_0 
    where
        s1_0.student_id=?
Hibernate: 
    select
        s1_0.id,
        s1_0.ai_voice,
        s1_0.auto_play_audio,
        s1_0.created_at,
        s1_0.daily_reminder,
        s1_0.dark_mode,
        s1_0.language,
        s1_0.notifications_enabled,
        s1_0.sound_effects,
        s1_0.student_id,
        s1_0.two_factor_enabled,
        s1_0.updated_at,
        s1_0.user_id 
    from
        settings s1_0 
    where
        s1_0.student_id=?
Hibernate: 
    select
        u1_0.id,
        case 
            when u1_1.user_id is not null 
                then 1 
            when u1_2.id is not null 
                then 2 
            when u1_0.id is not null 
                then 0 
        end,
        u1_0.active,
        u1_0.age_group,
        u1_0.auth_provider,
        u1_0.avatar,
        u1_0.created_at,
        u1_0.daily_goal_minutes,
        u1_0.division,
        u1_0.email,
        u1_0.email_verification_token,
        u1_0.email_verified,
        u1_0.english_level,
        u1_0.expo_push_token,
        u1_0.first_name,
        u1_0.interests,
        u1_0.last_name,
        u1_0.learning_goal,
        u1_0.native_language,
        u1_0.onboarding_completed,
        u1_0.parent_name,
        u1_0.parent_phone,
        u1_0.password,
        u1_0.phone,
        u1_0.preferred_accent,
        u1_0.preferred_voice,
        u1_0.reset_otp,
        u1_0.reset_otp_expiry,
        u1_0.reset_password_token,
        u1_0.reset_password_token_expiry,
        u1_0.role,
        u1_0.roll_number,
        u1_0.school_id,
        u1_0.school_name,
        u1_0.standard,
        u1_0.status,
        u1_0.updated_at,
        u1_0.user_type,
        u1_0.welcome_completed,
        u1_2.department,
        u1_2.designation,
        u1_2.employee_id,
        u1_2.experience,
        u1_2.joined_at,
        u1_2.qualification 
    from
        users u1_0 
    left join
        school_admins u1_1 
            on u1_0.id=u1_1.user_id 
    left join
        teachers u1_2 
            on u1_0.id=u1_2.id 
    where
        u1_0.school_id=? 
        and u1_0.role=?
Hibernate: 
    select
        s1_0.id,
        s1_0.ai_voice,
        s1_0.auto_play_audio,
        s1_0.created_at,
        s1_0.daily_reminder,
        s1_0.dark_mode,
        s1_0.language,
        s1_0.notifications_enabled,
        s1_0.sound_effects,
        s1_0.student_id,
        s1_0.two_factor_enabled,
        s1_0.updated_at,
        s1_0.user_id 
    from
        settings s1_0 
    where
        s1_0.student_id=?
Hibernate: 
    select
        cr1_0.id,
        cr1_0.academic_year,
        cr1_0.created_at,
        cr1_0.grade,
        cr1_0.name,
        cr1_0.school_id,
        cr1_0.status,
        cr1_0.teacher_id,
        cr1_0.updated_at 
    from
        class_rooms cr1_0 
    where
        cr1_0.school_id=?
Hibernate: 
    select
        s1_0.id,
        s1_0.ai_voice,
        s1_0.auto_play_audio,
        s1_0.created_at,
        s1_0.daily_reminder,
        s1_0.dark_mode,
        s1_0.language,
        s1_0.notifications_enabled,
        s1_0.sound_effects,
        s1_0.student_id,
        s1_0.two_factor_enabled,
        s1_0.updated_at,
        s1_0.user_id 
    from
        settings s1_0 
    where
        s1_0.student_id=?
Hibernate: 
    select
        r1_0.id,
        r1_0.active,
        r1_0.created_at,
        r1_0.marks_obtained,
        r1_0.status,
        r1_0.student_id,
        r1_0.submitted_at,
        r1_0.test_title,
        r1_0.total_marks,
        r1_0.updated_at 
    from
        results r1_0 
    join
        users s1_0 
            on s1_0.id=r1_0.student_id 
    where
        s1_0.school_id=? 
        and r1_0.active
Hibernate: 
    select
        count(lp1_0.id) 
    from
        lesson_progress lp1_0 
    join
        students s1_0 
            on s1_0.id=lp1_0.user_id 
    where
        s1_0.school_id=? 
        and lp1_0.completed=true
2026-08-24T17:44:49.116+05:30  INFO 14684 --- [SpeakMateAI] [0.0-9091-exec-9] c.r.s.security.RequestLoggingFilter      : [REQUEST LOG] Incoming request: GET /api/school/students
Hibernate: 
    select
        s1_0.id,
        s1_0.active,
        s1_0.address,
        s1_0.contact_phone,
        s1_0.created_at,
        s1_0.name,
        s1_0.school_code,
        s1_0.school_name,
        s1_0.updated_at 
    from
        schools s1_0 
    where
        s1_0.id=?
Hibernate: 
    select
        u1_0.id,
        case 
            when u1_1.user_id is not null 
                then 1 
            when u1_2.id is not null 
                then 2 
            when u1_0.id is not null 
                then 0 
        end,
        u1_0.active,
        u1_0.age_group,
        u1_0.auth_provider,
        u1_0.avatar,
        u1_0.created_at,
        u1_0.daily_goal_minutes,
        u1_0.division,
        u1_0.email,
        u1_0.email_verification_token,
        u1_0.email_verified,
        u1_0.english_level,
        u1_0.expo_push_token,
        u1_0.first_name,
        u1_0.interests,
        u1_0.last_name,
        u1_0.learning_goal,
        u1_0.native_language,
        u1_0.onboarding_completed,
        u1_0.parent_name,
        u1_0.parent_phone,
        u1_0.password,
        u1_0.phone,
        u1_0.preferred_accent,
        u1_0.preferred_voice,
        u1_0.reset_otp,
        u1_0.reset_otp_expiry,
        u1_0.reset_password_token,
        u1_0.reset_password_token_expiry,
        u1_0.role,
        u1_0.roll_number,
        u1_0.school_id,
        u1_0.school_name,
        u1_0.standard,
        u1_0.status,
        u1_0.updated_at,
        u1_0.user_type,
        u1_0.welcome_completed,
        u1_2.department,
        u1_2.designation,
        u1_2.employee_id,
        u1_2.experience,
        u1_2.joined_at,
        u1_2.qualification 
    from
        users u1_0 
    left join
        school_admins u1_1 
            on u1_0.id=u1_1.user_id 
    left join
        teachers u1_2 
            on u1_0.id=u1_2.id 
    where
        u1_0.email=?
Hibernate: 
    select
        u1_0.id,
        case 
            when u1_1.user_id is not null 
                then 1 
            when u1_2.id is not null 
                then 2 
            when u1_0.id is not null 
                then 0 
        end,
        u1_0.active,
        u1_0.age_group,
        u1_0.auth_provider,
        u1_0.avatar,
        u1_0.created_at,
        u1_0.daily_goal_minutes,
        u1_0.division,
        u1_0.email,
        u1_0.email_verification_token,
        u1_0.email_verified,
        u1_0.english_level,
        u1_0.expo_push_token,
        u1_0.first_name,
        u1_0.interests,
        u1_0.last_name,
        u1_0.learning_goal,
        u1_0.native_language,
        u1_0.onboarding_completed,
        u1_0.parent_name,
        u1_0.parent_phone,
        u1_0.password,
        u1_0.phone,
        u1_0.preferred_accent,
        u1_0.preferred_voice,
        u1_0.reset_otp,
        u1_0.reset_otp_expiry,
        u1_0.reset_password_token,
        u1_0.reset_password_token_expiry,
        u1_0.role,
        u1_0.roll_number,
        u1_0.school_id,
        u1_0.school_name,
        u1_0.standard,
        u1_0.status,
        u1_0.updated_at,
        u1_0.user_type,
        u1_0.welcome_completed,
        u1_2.department,
        u1_2.designation,
        u1_2.employee_id,
        u1_2.experience,
        u1_2.joined_at,
        u1_2.qualification 
    from
        users u1_0 
    left join
        school_admins u1_1 
            on u1_0.id=u1_1.user_id 
    left join
        teachers u1_2 
            on u1_0.id=u1_2.id 
    where
        u1_0.email=?
Hibernate: 
    select
        s1_0.id,
        s1_0.active,
        s1_0.age_group,
        s1_0.auth_provider,
        s1_0.avatar,
        s1_0.created_at,
        s1_0.daily_goal_minutes,
        s1_0.division,
        s1_0.email,
        s1_0.email_verification_token,
        s1_0.email_verified,
        s1_0.english_level,
        s1_0.expo_push_token,
        s1_0.first_name,
        s1_0.interests,
        s1_0.last_name,
        s1_0.learning_goal,
        s1_0.native_language,
        s1_0.onboarding_completed,
        s1_0.parent_name,
        s1_0.parent_phone,
        s1_0.password,
        s1_0.phone,
        s1_0.preferred_accent,
        s1_0.preferred_voice,
        s1_0.reset_otp,
        s1_0.reset_otp_expiry,
        s1_0.reset_password_token,
        s1_0.reset_password_token_expiry,
        s1_0.roll_number,
        s1_0.school_id,
        s1_0.school_name,
        s1_0.standard,
        s1_0.status,
        s1_0.updated_at,
        s1_0.welcome_completed 
    from
        students s1_0 
    where
        s1_0.school_id=?
Hibernate: 
    select
        s1_0.id,
        s1_0.ai_voice,
        s1_0.auto_play_audio,
        s1_0.created_at,
        s1_0.daily_reminder,
        s1_0.dark_mode,
        s1_0.language,
        s1_0.notifications_enabled,
        s1_0.sound_effects,
        s1_0.student_id,
        s1_0.two_factor_enabled,
        s1_0.updated_at,
        s1_0.user_id 
    from
        settings s1_0 
    where
        s1_0.student_id=?
Hibernate: 
    select
        s1_0.id,
        s1_0.ai_voice,
        s1_0.auto_play_audio,
        s1_0.created_at,
        s1_0.daily_reminder,
        s1_0.dark_mode,
        s1_0.language,
        s1_0.notifications_enabled,
        s1_0.sound_effects,
        s1_0.student_id,
        s1_0.two_factor_enabled,
        s1_0.updated_at,
        s1_0.user_id 
    from
        settings s1_0 
    where
        s1_0.student_id=?
Hibernate: 
    select
        s1_0.id,
        s1_0.ai_voice,
        s1_0.auto_play_audio,
        s1_0.created_at,
        s1_0.daily_reminder,
        s1_0.dark_mode,
        s1_0.language,
        s1_0.notifications_enabled,
        s1_0.sound_effects,
        s1_0.student_id,
        s1_0.two_factor_enabled,
        s1_0.updated_at,
        s1_0.user_id 
    from
        settings s1_0 
    where
        s1_0.student_id=?
Hibernate: 
    select
        s1_0.id,
        s1_0.ai_voice,
        s1_0.auto_play_audio,
        s1_0.created_at,
        s1_0.daily_reminder,
        s1_0.dark_mode,
        s1_0.language,
        s1_0.notifications_enabled,
        s1_0.sound_effects,
        s1_0.student_id,
        s1_0.two_factor_enabled,
        s1_0.updated_at,
        s1_0.user_id 
    from
        settings s1_0 
    where
        s1_0.student_id=?
Hibernate: 
    select
        s1_0.id,
        s1_0.ai_voice,
        s1_0.auto_play_audio,
        s1_0.created_at,
        s1_0.daily_reminder,
        s1_0.dark_mode,
        s1_0.language,
        s1_0.notifications_enabled,
        s1_0.sound_effects,
        s1_0.student_id,
        s1_0.two_factor_enabled,
        s1_0.updated_at,
        s1_0.user_id 
    from
        settings s1_0 
    where
        s1_0.student_id=?
2026-08-24T17:48:28.417+05:30  INFO 14684 --- [SpeakMateAI] [0.0-9091-exec-9] c.r.s.security.RequestLoggingFilter      : [REQUEST LOG] Incoming request: GET /api/v1/school/teachers
2026-08-24T17:48:28.417+05:30  INFO 14684 --- [SpeakMateAI] [0.0-9091-exec-7] c.r.s.security.RequestLoggingFilter      : [REQUEST LOG] Incoming request: GET /api/school/students
Hibernate: 
    select
        u1_0.id,
        case 
            when u1_1.user_id is not null 
                then 1 
            when u1_2.id is not null 
                then 2 
            when u1_0.id is not null 
                then 0 
        end,
        u1_0.active,
        u1_0.age_group,
        u1_0.auth_provider,
        u1_0.avatar,
        u1_0.created_at,
        u1_0.daily_goal_minutes,
        u1_0.division,
        u1_0.email,
        u1_0.email_verification_token,
        u1_0.email_verified,
        u1_0.english_level,
        u1_0.expo_push_token,
        u1_0.first_name,
        u1_0.interests,
        u1_0.last_name,
        u1_0.learning_goal,
        u1_0.native_language,
        u1_0.onboarding_completed,
        u1_0.parent_name,
        u1_0.parent_phone,
        u1_0.password,
        u1_0.phone,
        u1_0.preferred_accent,
        u1_0.preferred_voice,
        u1_0.reset_otp,
        u1_0.reset_otp_expiry,
        u1_0.reset_password_token,
        u1_0.reset_password_token_expiry,
        u1_0.role,
        u1_0.roll_number,
        u1_0.school_id,
        u1_0.school_name,
        u1_0.standard,
        u1_0.status,
        u1_0.updated_at,
        u1_0.user_type,
        u1_0.welcome_completed,
        u1_2.department,
        u1_2.designation,
        u1_2.employee_id,
        u1_2.experience,
        u1_2.joined_at,
        u1_2.qualification 
    from
        users u1_0 
    left join
        school_admins u1_1 
            on u1_0.id=u1_1.user_id 
    left join
        teachers u1_2 
            on u1_0.id=u1_2.id 
    where
        u1_0.email=?
Hibernate: 
    select
        u1_0.id,
        case 
            when u1_1.user_id is not null 
                then 1 
            when u1_2.id is not null 
                then 2 
            when u1_0.id is not null 
                then 0 
        end,
        u1_0.active,
        u1_0.age_group,
        u1_0.auth_provider,
        u1_0.avatar,
        u1_0.created_at,
        u1_0.daily_goal_minutes,
        u1_0.division,
        u1_0.email,
        u1_0.email_verification_token,
        u1_0.email_verified,
        u1_0.english_level,
        u1_0.expo_push_token,
        u1_0.first_name,
        u1_0.interests,
        u1_0.last_name,
        u1_0.learning_goal,
        u1_0.native_language,
        u1_0.onboarding_completed,
        u1_0.parent_name,
        u1_0.parent_phone,
        u1_0.password,
        u1_0.phone,
        u1_0.preferred_accent,
        u1_0.preferred_voice,
        u1_0.reset_otp,
        u1_0.reset_otp_expiry,
        u1_0.reset_password_token,
        u1_0.reset_password_token_expiry,
        u1_0.role,
        u1_0.roll_number,
        u1_0.school_id,
        u1_0.school_name,
        u1_0.standard,
        u1_0.status,
        u1_0.updated_at,
        u1_0.user_type,
        u1_0.welcome_completed,
        u1_2.department,
        u1_2.designation,
        u1_2.employee_id,
        u1_2.experience,
        u1_2.joined_at,
        u1_2.qualification 
    from
        users u1_0 
    left join
        school_admins u1_1 
            on u1_0.id=u1_1.user_id 
    left join
        teachers u1_2 
            on u1_0.id=u1_2.id 
    where
        u1_0.email=?
Hibernate: 
    select
        u1_0.id,
        case 
            when u1_1.user_id is not null 
                then 1 
            when u1_2.id is not null 
                then 2 
            when u1_0.id is not null 
                then 0 
        end,
        u1_0.active,
        u1_0.age_group,
        u1_0.auth_provider,
        u1_0.avatar,
        u1_0.created_at,
        u1_0.daily_goal_minutes,
        u1_0.division,
        u1_0.email,
        u1_0.email_verification_token,
        u1_0.email_verified,
        u1_0.english_level,
        u1_0.expo_push_token,
        u1_0.first_name,
        u1_0.interests,
        u1_0.last_name,
        u1_0.learning_goal,
        u1_0.native_language,
        u1_0.onboarding_completed,
        u1_0.parent_name,
        u1_0.parent_phone,
        u1_0.password,
        u1_0.phone,
        u1_0.preferred_accent,
        u1_0.preferred_voice,
        u1_0.reset_otp,
        u1_0.reset_otp_expiry,
        u1_0.reset_password_token,
        u1_0.reset_password_token_expiry,
        u1_0.role,
        u1_0.roll_number,
        u1_0.school_id,
        u1_0.school_name,
        u1_0.standard,
        u1_0.status,
        u1_0.updated_at,
        u1_0.user_type,
        u1_0.welcome_completed,
        u1_2.department,
        u1_2.designation,
        u1_2.employee_id,
        u1_2.experience,
        u1_2.joined_at,
        u1_2.qualification 
    from
        users u1_0 
    left join
        school_admins u1_1 
            on u1_0.id=u1_1.user_id 
    left join
        teachers u1_2 
            on u1_0.id=u1_2.id 
    where
        u1_0.email=?
Hibernate: 
    select
        u1_0.id,
        case 
            when u1_1.user_id is not null 
                then 1 
            when u1_2.id is not null 
                then 2 
            when u1_0.id is not null 
                then 0 
        end,
        u1_0.active,
        u1_0.age_group,
        u1_0.auth_provider,
        u1_0.avatar,
        u1_0.created_at,
        u1_0.daily_goal_minutes,
        u1_0.division,
        u1_0.email,
        u1_0.email_verification_token,
        u1_0.email_verified,
        u1_0.english_level,
        u1_0.expo_push_token,
        u1_0.first_name,
        u1_0.interests,
        u1_0.last_name,
        u1_0.learning_goal,
        u1_0.native_language,
        u1_0.onboarding_completed,
        u1_0.parent_name,
        u1_0.parent_phone,
        u1_0.password,
        u1_0.phone,
        u1_0.preferred_accent,
        u1_0.preferred_voice,
        u1_0.reset_otp,
        u1_0.reset_otp_expiry,
        u1_0.reset_password_token,
        u1_0.reset_password_token_expiry,
        u1_0.role,
        u1_0.roll_number,
        u1_0.school_id,
        u1_0.school_name,
        u1_0.standard,
        u1_0.status,
        u1_0.updated_at,
        u1_0.user_type,
        u1_0.welcome_completed,
        u1_2.department,
        u1_2.designation,
        u1_2.employee_id,
        u1_2.experience,
        u1_2.joined_at,
        u1_2.qualification 
    from
        users u1_0 
    left join
        school_admins u1_1 
            on u1_0.id=u1_1.user_id 
    left join
        teachers u1_2 
            on u1_0.id=u1_2.id 
    where
        u1_0.email=?
Hibernate: 
    select
        u1_0.id,
        case 
            when u1_1.user_id is not null 
                then 1 
            when u1_2.id is not null 
                then 2 
            when u1_0.id is not null 
                then 0 
        end,
        u1_0.active,
        u1_0.age_group,
        u1_0.auth_provider,
        u1_0.avatar,
        u1_0.created_at,
        u1_0.daily_goal_minutes,
        u1_0.division,
        u1_0.email,
        u1_0.email_verification_token,
        u1_0.email_verified,
        u1_0.english_level,
        u1_0.expo_push_token,
        u1_0.first_name,
        u1_0.interests,
        u1_0.last_name,
        u1_0.learning_goal,
        u1_0.native_language,
        u1_0.onboarding_completed,
        u1_0.parent_name,
        u1_0.parent_phone,
        u1_0.password,
        u1_0.phone,
        u1_0.preferred_accent,
        u1_0.preferred_voice,
        u1_0.reset_otp,
        u1_0.reset_otp_expiry,
        u1_0.reset_password_token,
        u1_0.reset_password_token_expiry,
        u1_0.role,
        u1_0.roll_number,
        u1_0.school_id,
        u1_0.school_name,
        u1_0.standard,
        u1_0.status,
        u1_0.updated_at,
        u1_0.user_type,
        u1_0.welcome_completed,
        u1_2.department,
        u1_2.designation,
        u1_2.employee_id,
        u1_2.experience,
        u1_2.joined_at,
        u1_2.qualification 
    from
        users u1_0 
    left join
        school_admins u1_1 
            on u1_0.id=u1_1.user_id 
    left join
        teachers u1_2 
            on u1_0.id=u1_2.id 
    where
        u1_0.school_id=? 
        and u1_0.role=?
Hibernate: 
    select
        s1_0.id,
        s1_0.active,
        s1_0.age_group,
        s1_0.auth_provider,
        s1_0.avatar,
        s1_0.created_at,
        s1_0.daily_goal_minutes,
        s1_0.division,
        s1_0.email,
        s1_0.email_verification_token,
        s1_0.email_verified,
        s1_0.english_level,
        s1_0.expo_push_token,
        s1_0.first_name,
        s1_0.interests,
        s1_0.last_name,
        s1_0.learning_goal,
        s1_0.native_language,
        s1_0.onboarding_completed,
        s1_0.parent_name,
        s1_0.parent_phone,
        s1_0.password,
        s1_0.phone,
        s1_0.preferred_accent,
        s1_0.preferred_voice,
        s1_0.reset_otp,
        s1_0.reset_otp_expiry,
        s1_0.reset_password_token,
        s1_0.reset_password_token_expiry,
        s1_0.roll_number,
        s1_0.school_id,
        s1_0.school_name,
        s1_0.standard,
        s1_0.status,
        s1_0.updated_at,
        s1_0.welcome_completed 
    from
        students s1_0 
    where
        s1_0.school_id=?
Hibernate: 
    select
        s1_0.id,
        s1_0.active,
        s1_0.address,
        s1_0.contact_phone,
        s1_0.created_at,
        s1_0.name,
        s1_0.school_code,
        s1_0.school_name,
        s1_0.updated_at 
    from
        schools s1_0 
    where
        s1_0.id=?
Hibernate: 
    select
        s1_0.id,
        s1_0.ai_voice,
        s1_0.auto_play_audio,
        s1_0.created_at,
        s1_0.daily_reminder,
        s1_0.dark_mode,
        s1_0.language,
        s1_0.notifications_enabled,
        s1_0.sound_effects,
        s1_0.student_id,
        s1_0.two_factor_enabled,
        s1_0.updated_at,
        s1_0.user_id 
    from
        settings s1_0 
    where
        s1_0.student_id=?
Hibernate: 
    select
        s1_0.id,
        s1_0.ai_voice,
        s1_0.auto_play_audio,
        s1_0.created_at,
        s1_0.daily_reminder,
        s1_0.dark_mode,
        s1_0.language,
        s1_0.notifications_enabled,
        s1_0.sound_effects,
        s1_0.student_id,
        s1_0.two_factor_enabled,
        s1_0.updated_at,
        s1_0.user_id 
    from
        settings s1_0 
    where
        s1_0.student_id=?
Hibernate: 
    select
        s1_0.id,
        s1_0.ai_voice,
        s1_0.auto_play_audio,
        s1_0.created_at,
        s1_0.daily_reminder,
        s1_0.dark_mode,
        s1_0.language,
        s1_0.notifications_enabled,
        s1_0.sound_effects,
        s1_0.student_id,
        s1_0.two_factor_enabled,
        s1_0.updated_at,
        s1_0.user_id 
    from
        settings s1_0 
    where
        s1_0.student_id=?
2026-08-24T17:48:29.284+05:30  INFO 14684 --- [SpeakMateAI] [0.0-9091-exec-1] c.r.s.security.RequestLoggingFilter      : [REQUEST LOG] Incoming request: GET /api/v1/school/teachers
Hibernate: 
    select
        u1_0.id,
        case 
            when u1_1.user_id is not null 
                then 1 
            when u1_2.id is not null 
                then 2 
            when u1_0.id is not null 
                then 0 
        end,
        u1_0.active,
        u1_0.age_group,
        u1_0.auth_provider,
        u1_0.avatar,
        u1_0.created_at,
        u1_0.daily_goal_minutes,
        u1_0.division,
        u1_0.email,
        u1_0.email_verification_token,
        u1_0.email_verified,
        u1_0.english_level,
        u1_0.expo_push_token,
        u1_0.first_name,
        u1_0.interests,
        u1_0.last_name,
        u1_0.learning_goal,
        u1_0.native_language,
        u1_0.onboarding_completed,
        u1_0.parent_name,
        u1_0.parent_phone,
        u1_0.password,
        u1_0.phone,
        u1_0.preferred_accent,
        u1_0.preferred_voice,
        u1_0.reset_otp,
        u1_0.reset_otp_expiry,
        u1_0.reset_password_token,
        u1_0.reset_password_token_expiry,
        u1_0.role,
        u1_0.roll_number,
        u1_0.school_id,
        u1_0.school_name,
        u1_0.standard,
        u1_0.status,
        u1_0.updated_at,
        u1_0.user_type,
        u1_0.welcome_completed,
        u1_2.department,
        u1_2.designation,
        u1_2.employee_id,
        u1_2.experience,
        u1_2.joined_at,
        u1_2.qualification 
    from
        users u1_0 
    left join
        school_admins u1_1 
            on u1_0.id=u1_1.user_id 
    left join
        teachers u1_2 
            on u1_0.id=u1_2.id 
    where
        u1_0.email=?
Hibernate: 
    select
        s1_0.id,
        s1_0.ai_voice,
        s1_0.auto_play_audio,
        s1_0.created_at,
        s1_0.daily_reminder,
        s1_0.dark_mode,
        s1_0.language,
        s1_0.notifications_enabled,
        s1_0.sound_effects,
        s1_0.student_id,
        s1_0.two_factor_enabled,
        s1_0.updated_at,
        s1_0.user_id 
    from
        settings s1_0 
    where
        s1_0.student_id=?
Hibernate: 
    select
        s1_0.id,
        s1_0.ai_voice,
        s1_0.auto_play_audio,
        s1_0.created_at,
        s1_0.daily_reminder,
        s1_0.dark_mode,
        s1_0.language,
        s1_0.notifications_enabled,
        s1_0.sound_effects,
        s1_0.student_id,
        s1_0.two_factor_enabled,
        s1_0.updated_at,
        s1_0.user_id 
    from
        settings s1_0 
    where
        s1_0.student_id=?
Hibernate: 
    select
        u1_0.id,
        case 
            when u1_1.user_id is not null 
                then 1 
            when u1_2.id is not null 
                then 2 
            when u1_0.id is not null 
                then 0 
        end,
        u1_0.active,
        u1_0.age_group,
        u1_0.auth_provider,
        u1_0.avatar,
        u1_0.created_at,
        u1_0.daily_goal_minutes,
        u1_0.division,
        u1_0.email,
        u1_0.email_verification_token,
        u1_0.email_verified,
        u1_0.english_level,
        u1_0.expo_push_token,
        u1_0.first_name,
        u1_0.interests,
        u1_0.last_name,
        u1_0.learning_goal,
        u1_0.native_language,
        u1_0.onboarding_completed,
        u1_0.parent_name,
        u1_0.parent_phone,
        u1_0.password,
        u1_0.phone,
        u1_0.preferred_accent,
        u1_0.preferred_voice,
        u1_0.reset_otp,
        u1_0.reset_otp_expiry,
        u1_0.reset_password_token,
        u1_0.reset_password_token_expiry,
        u1_0.role,
        u1_0.roll_number,
        u1_0.school_id,
        u1_0.school_name,
        u1_0.standard,
        u1_0.status,
        u1_0.updated_at,
        u1_0.user_type,
        u1_0.welcome_completed,
        u1_2.department,
        u1_2.designation,
        u1_2.employee_id,
        u1_2.experience,
        u1_2.joined_at,
        u1_2.qualification 
    from
        users u1_0 
    left join
        school_admins u1_1 
            on u1_0.id=u1_1.user_id 
    left join
        teachers u1_2 
            on u1_0.id=u1_2.id 
    where
        u1_0.email=?
Hibernate: 
    select
        u1_0.id,
        case 
            when u1_1.user_id is not null 
                then 1 
            when u1_2.id is not null 
                then 2 
            when u1_0.id is not null 
                then 0 
        end,
        u1_0.active,
        u1_0.age_group,
        u1_0.auth_provider,
        u1_0.avatar,
        u1_0.created_at,
        u1_0.daily_goal_minutes,
        u1_0.division,
        u1_0.email,
        u1_0.email_verification_token,
        u1_0.email_verified,
        u1_0.english_level,
        u1_0.expo_push_token,
        u1_0.first_name,
        u1_0.interests,
        u1_0.last_name,
        u1_0.learning_goal,
        u1_0.native_language,
        u1_0.onboarding_completed,
        u1_0.parent_name,
        u1_0.parent_phone,
        u1_0.password,
        u1_0.phone,
        u1_0.preferred_accent,
        u1_0.preferred_voice,
        u1_0.reset_otp,
        u1_0.reset_otp_expiry,
        u1_0.reset_password_token,
        u1_0.reset_password_token_expiry,
        u1_0.role,
        u1_0.roll_number,
        u1_0.school_id,
        u1_0.school_name,
        u1_0.standard,
        u1_0.status,
        u1_0.updated_at,
        u1_0.user_type,
        u1_0.welcome_completed,
        u1_2.department,
        u1_2.designation,
        u1_2.employee_id,
        u1_2.experience,
        u1_2.joined_at,
        u1_2.qualification 
    from
        users u1_0 
    left join
        school_admins u1_1 
            on u1_0.id=u1_1.user_id 
    left join
        teachers u1_2 
            on u1_0.id=u1_2.id 
    where
        u1_0.school_id=? 
        and u1_0.role=?
Hibernate: 
    select
        s1_0.id,
        s1_0.active,
        s1_0.address,
        s1_0.contact_phone,
        s1_0.created_at,
        s1_0.name,
        s1_0.school_code,
        s1_0.school_name,
        s1_0.updated_at 
    from
        schools s1_0 
    where
        s1_0.id=?
2026-08-24T17:48:29.631+05:30  INFO 14684 --- [SpeakMateAI] [.0-9091-exec-10] c.r.s.security.RequestLoggingFilter      : [REQUEST LOG] Incoming request: GET /api/school/students
Hibernate: 
    select
        u1_0.id,
        case 
            when u1_1.user_id is not null 
                then 1 
            when u1_2.id is not null 
                then 2 
            when u1_0.id is not null 
                then 0 
        end,
        u1_0.active,
        u1_0.age_group,
        u1_0.auth_provider,
        u1_0.avatar,
        u1_0.created_at,
        u1_0.daily_goal_minutes,
        u1_0.division,
        u1_0.email,
        u1_0.email_verification_token,
        u1_0.email_verified,
        u1_0.english_level,
        u1_0.expo_push_token,
        u1_0.first_name,
        u1_0.interests,
        u1_0.last_name,
        u1_0.learning_goal,
        u1_0.native_language,
        u1_0.onboarding_completed,
        u1_0.parent_name,
        u1_0.parent_phone,
        u1_0.password,
        u1_0.phone,
        u1_0.preferred_accent,
        u1_0.preferred_voice,
        u1_0.reset_otp,
        u1_0.reset_otp_expiry,
        u1_0.reset_password_token,
        u1_0.reset_password_token_expiry,
        u1_0.role,
        u1_0.roll_number,
        u1_0.school_id,
        u1_0.school_name,
        u1_0.standard,
        u1_0.status,
        u1_0.updated_at,
        u1_0.user_type,
        u1_0.welcome_completed,
        u1_2.department,
        u1_2.designation,
        u1_2.employee_id,
        u1_2.experience,
        u1_2.joined_at,
        u1_2.qualification 
    from
        users u1_0 
    left join
        school_admins u1_1 
            on u1_0.id=u1_1.user_id 
    left join
        teachers u1_2 
            on u1_0.id=u1_2.id 
    where
        u1_0.email=?
Hibernate: 
    select
        u1_0.id,
        case 
            when u1_1.user_id is not null 
                then 1 
            when u1_2.id is not null 
                then 2 
            when u1_0.id is not null 
                then 0 
        end,
        u1_0.active,
        u1_0.age_group,
        u1_0.auth_provider,
        u1_0.avatar,
        u1_0.created_at,
        u1_0.daily_goal_minutes,
        u1_0.division,
        u1_0.email,
        u1_0.email_verification_token,
        u1_0.email_verified,
        u1_0.english_level,
        u1_0.expo_push_token,
        u1_0.first_name,
        u1_0.interests,
        u1_0.last_name,
        u1_0.learning_goal,
        u1_0.native_language,
        u1_0.onboarding_completed,
        u1_0.parent_name,
        u1_0.parent_phone,
        u1_0.password,
        u1_0.phone,
        u1_0.preferred_accent,
        u1_0.preferred_voice,
        u1_0.reset_otp,
        u1_0.reset_otp_expiry,
        u1_0.reset_password_token,
        u1_0.reset_password_token_expiry,
        u1_0.role,
        u1_0.roll_number,
        u1_0.school_id,
        u1_0.school_name,
        u1_0.standard,
        u1_0.status,
        u1_0.updated_at,
        u1_0.user_type,
        u1_0.welcome_completed,
        u1_2.department,
        u1_2.designation,
        u1_2.employee_id,
        u1_2.experience,
        u1_2.joined_at,
        u1_2.qualification 
    from
        users u1_0 
    left join
        school_admins u1_1 
            on u1_0.id=u1_1.user_id 
    left join
        teachers u1_2 
            on u1_0.id=u1_2.id 
    where
        u1_0.email=?
Hibernate: 
    select
        s1_0.id,
        s1_0.active,
        s1_0.age_group,
        s1_0.auth_provider,
        s1_0.avatar,
        s1_0.created_at,
        s1_0.daily_goal_minutes,
        s1_0.division,
        s1_0.email,
        s1_0.email_verification_token,
        s1_0.email_verified,
        s1_0.english_level,
        s1_0.expo_push_token,
        s1_0.first_name,
        s1_0.interests,
        s1_0.last_name,
        s1_0.learning_goal,
        s1_0.native_language,
        s1_0.onboarding_completed,
        s1_0.parent_name,
        s1_0.parent_phone,
        s1_0.password,
        s1_0.phone,
        s1_0.preferred_accent,
        s1_0.preferred_voice,
        s1_0.reset_otp,
        s1_0.reset_otp_expiry,
        s1_0.reset_password_token,
        s1_0.reset_password_token_expiry,
        s1_0.roll_number,
        s1_0.school_id,
        s1_0.school_name,
        s1_0.standard,
        s1_0.status,
        s1_0.updated_at,
        s1_0.welcome_completed 
    from
        students s1_0 
    where
        s1_0.school_id=?
Hibernate: 
    select
        s1_0.id,
        s1_0.ai_voice,
        s1_0.auto_play_audio,
        s1_0.created_at,
        s1_0.daily_reminder,
        s1_0.dark_mode,
        s1_0.language,
        s1_0.notifications_enabled,
        s1_0.sound_effects,
        s1_0.student_id,
        s1_0.two_factor_enabled,
        s1_0.updated_at,
        s1_0.user_id 
    from
        settings s1_0 
    where
        s1_0.student_id=?
Hibernate: 
    select
        s1_0.id,
        s1_0.ai_voice,
        s1_0.auto_play_audio,
        s1_0.created_at,
        s1_0.daily_reminder,
        s1_0.dark_mode,
        s1_0.language,
        s1_0.notifications_enabled,
        s1_0.sound_effects,
        s1_0.student_id,
        s1_0.two_factor_enabled,
        s1_0.updated_at,
        s1_0.user_id 
    from
        settings s1_0 
    where
        s1_0.student_id=?
Hibernate: 
    select
        s1_0.id,
        s1_0.ai_voice,
        s1_0.auto_play_audio,
        s1_0.created_at,
        s1_0.daily_reminder,
        s1_0.dark_mode,
        s1_0.language,
        s1_0.notifications_enabled,
        s1_0.sound_effects,
        s1_0.student_id,
        s1_0.two_factor_enabled,
        s1_0.updated_at,
        s1_0.user_id 
    from
        settings s1_0 
    where
        s1_0.student_id=?
Hibernate: 
    select
        s1_0.id,
        s1_0.ai_voice,
        s1_0.auto_play_audio,
        s1_0.created_at,
        s1_0.daily_reminder,
        s1_0.dark_mode,
        s1_0.language,
        s1_0.notifications_enabled,
        s1_0.sound_effects,
        s1_0.student_id,
        s1_0.two_factor_enabled,
        s1_0.updated_at,
        s1_0.user_id 
    from
        settings s1_0 
    where
        s1_0.student_id=?
Hibernate: 
    select
        s1_0.id,
        s1_0.ai_voice,
        s1_0.auto_play_audio,
        s1_0.created_at,
        s1_0.daily_reminder,
        s1_0.dark_mode,
        s1_0.language,
        s1_0.notifications_enabled,
        s1_0.sound_effects,
        s1_0.student_id,
        s1_0.two_factor_enabled,
        s1_0.updated_at,
        s1_0.user_id 
    from
        settings s1_0 
    where
        s1_0.student_id=?
2026-08-24T17:48:30.700+05:30  INFO 14684 --- [SpeakMateAI] [0.0-9091-exec-3] c.r.s.security.RequestLoggingFilter      : [REQUEST LOG] Incoming request: GET /api/school/students
Hibernate: 
    select
        u1_0.id,
        case 
            when u1_1.user_id is not null 
                then 1 
            when u1_2.id is not null 
                then 2 
            when u1_0.id is not null 
                then 0 
        end,
        u1_0.active,
        u1_0.age_group,
        u1_0.auth_provider,
        u1_0.avatar,
        u1_0.created_at,
        u1_0.daily_goal_minutes,
        u1_0.division,
        u1_0.email,
        u1_0.email_verification_token,
        u1_0.email_verified,
        u1_0.english_level,
        u1_0.expo_push_token,
        u1_0.first_name,
        u1_0.interests,
        u1_0.last_name,
        u1_0.learning_goal,
        u1_0.native_language,
        u1_0.onboarding_completed,
        u1_0.parent_name,
        u1_0.parent_phone,
        u1_0.password,
        u1_0.phone,
        u1_0.preferred_accent,
        u1_0.preferred_voice,
        u1_0.reset_otp,
        u1_0.reset_otp_expiry,
        u1_0.reset_password_token,
        u1_0.reset_password_token_expiry,
        u1_0.role,
        u1_0.roll_number,
        u1_0.school_id,
        u1_0.school_name,
        u1_0.standard,
        u1_0.status,
        u1_0.updated_at,
        u1_0.user_type,
        u1_0.welcome_completed,
        u1_2.department,
        u1_2.designation,
        u1_2.employee_id,
        u1_2.experience,
        u1_2.joined_at,
        u1_2.qualification 
    from
        users u1_0 
    left join
        school_admins u1_1 
            on u1_0.id=u1_1.user_id 
    left join
        teachers u1_2 
            on u1_0.id=u1_2.id 
    where
        u1_0.email=?
Hibernate: 
    select
        u1_0.id,
        case 
            when u1_1.user_id is not null 
                then 1 
            when u1_2.id is not null 
                then 2 
            when u1_0.id is not null 
                then 0 
        end,
        u1_0.active,
        u1_0.age_group,
        u1_0.auth_provider,
        u1_0.avatar,
        u1_0.created_at,
        u1_0.daily_goal_minutes,
        u1_0.division,
        u1_0.email,
        u1_0.email_verification_token,
        u1_0.email_verified,
        u1_0.english_level,
        u1_0.expo_push_token,
        u1_0.first_name,
        u1_0.interests,
        u1_0.last_name,
        u1_0.learning_goal,
        u1_0.native_language,
        u1_0.onboarding_completed,
        u1_0.parent_name,
        u1_0.parent_phone,
        u1_0.password,
        u1_0.phone,
        u1_0.preferred_accent,
        u1_0.preferred_voice,
        u1_0.reset_otp,
        u1_0.reset_otp_expiry,
        u1_0.reset_password_token,
        u1_0.reset_password_token_expiry,
        u1_0.role,
        u1_0.roll_number,
        u1_0.school_id,
        u1_0.school_name,
        u1_0.standard,
        u1_0.status,
        u1_0.updated_at,
        u1_0.user_type,
        u1_0.welcome_completed,
        u1_2.department,
        u1_2.designation,
        u1_2.employee_id,
        u1_2.experience,
        u1_2.joined_at,
        u1_2.qualification 
    from
        users u1_0 
    left join
        school_admins u1_1 
            on u1_0.id=u1_1.user_id 
    left join
        teachers u1_2 
            on u1_0.id=u1_2.id 
    where
        u1_0.email=?
Hibernate: 
    select
        s1_0.id,
        s1_0.active,
        s1_0.age_group,
        s1_0.auth_provider,
        s1_0.avatar,
        s1_0.created_at,
        s1_0.daily_goal_minutes,
        s1_0.division,
        s1_0.email,
        s1_0.email_verification_token,
        s1_0.email_verified,
        s1_0.english_level,
        s1_0.expo_push_token,
        s1_0.first_name,
        s1_0.interests,
        s1_0.last_name,
        s1_0.learning_goal,
        s1_0.native_language,
        s1_0.onboarding_completed,
        s1_0.parent_name,
        s1_0.parent_phone,
        s1_0.password,
        s1_0.phone,
        s1_0.preferred_accent,
        s1_0.preferred_voice,
        s1_0.reset_otp,
        s1_0.reset_otp_expiry,
        s1_0.reset_password_token,
        s1_0.reset_password_token_expiry,
        s1_0.roll_number,
        s1_0.school_id,
        s1_0.school_name,
        s1_0.standard,
        s1_0.status,
        s1_0.updated_at,
        s1_0.welcome_completed 
    from
        students s1_0 
    where
        s1_0.school_id=?
Hibernate: 
    select
        s1_0.id,
        s1_0.ai_voice,
        s1_0.auto_play_audio,
        s1_0.created_at,
        s1_0.daily_reminder,
        s1_0.dark_mode,
        s1_0.language,
        s1_0.notifications_enabled,
        s1_0.sound_effects,
        s1_0.student_id,
        s1_0.two_factor_enabled,
        s1_0.updated_at,
        s1_0.user_id 
    from
        settings s1_0 
    where
        s1_0.student_id=?
Hibernate: 
    select
        s1_0.id,
        s1_0.ai_voice,
        s1_0.auto_play_audio,
        s1_0.created_at,
        s1_0.daily_reminder,
        s1_0.dark_mode,
        s1_0.language,
        s1_0.notifications_enabled,
        s1_0.sound_effects,
        s1_0.student_id,
        s1_0.two_factor_enabled,
        s1_0.updated_at,
        s1_0.user_id 
    from
        settings s1_0 
    where
        s1_0.student_id=?
Hibernate: 
    select
        s1_0.id,
        s1_0.ai_voice,
        s1_0.auto_play_audio,
        s1_0.created_at,
        s1_0.daily_reminder,
        s1_0.dark_mode,
        s1_0.language,
        s1_0.notifications_enabled,
        s1_0.sound_effects,
        s1_0.student_id,
        s1_0.two_factor_enabled,
        s1_0.updated_at,
        s1_0.user_id 
    from
        settings s1_0 
    where
        s1_0.student_id=?
Hibernate: 
    select
        s1_0.id,
        s1_0.ai_voice,
        s1_0.auto_play_audio,
        s1_0.created_at,
        s1_0.daily_reminder,
        s1_0.dark_mode,
        s1_0.language,
        s1_0.notifications_enabled,
        s1_0.sound_effects,
        s1_0.student_id,
        s1_0.two_factor_enabled,
        s1_0.updated_at,
        s1_0.user_id 
    from
        settings s1_0 
    where
        s1_0.student_id=?
Hibernate: 
    select
        s1_0.id,
        s1_0.ai_voice,
        s1_0.auto_play_audio,
        s1_0.created_at,
        s1_0.daily_reminder,
        s1_0.dark_mode,
        s1_0.language,
        s1_0.notifications_enabled,
        s1_0.sound_effects,
        s1_0.student_id,
        s1_0.two_factor_enabled,
        s1_0.updated_at,
        s1_0.user_id 
    from
        settings s1_0 
    where
        s1_0.student_id=?
2026-08-24T18:00:31.589+05:30  INFO 14684 --- [SpeakMateAI] [0.0-9091-exec-9] c.r.s.security.RequestLoggingFilter      : [REQUEST LOG] Incoming request: GET /api/school/students
2026-08-24T18:00:31.590+05:30  INFO 14684 --- [SpeakMateAI] [0.0-9091-exec-7] c.r.s.security.RequestLoggingFilter      : [REQUEST LOG] Incoming request: GET /api/v1/school/teachers
Hibernate: 
    select
        u1_0.id,
        case 
            when u1_1.user_id is not null 
                then 1 
            when u1_2.id is not null 
                then 2 
            when u1_0.id is not null 
                then 0 
        end,
        u1_0.active,
        u1_0.age_group,
        u1_0.auth_provider,
        u1_0.avatar,
        u1_0.created_at,
        u1_0.daily_goal_minutes,
        u1_0.division,
        u1_0.email,
        u1_0.email_verification_token,
        u1_0.email_verified,
        u1_0.english_level,
        u1_0.expo_push_token,
        u1_0.first_name,
        u1_0.interests,
        u1_0.last_name,
        u1_0.learning_goal,
        u1_0.native_language,
        u1_0.onboarding_completed,
        u1_0.parent_name,
        u1_0.parent_phone,
        u1_0.password,
        u1_0.phone,
        u1_0.preferred_accent,
        u1_0.preferred_voice,
        u1_0.reset_otp,
        u1_0.reset_otp_expiry,
        u1_0.reset_password_token,
        u1_0.reset_password_token_expiry,
        u1_0.role,
        u1_0.roll_number,
        u1_0.school_id,
        u1_0.school_name,
        u1_0.standard,
        u1_0.status,
        u1_0.updated_at,
        u1_0.user_type,
        u1_0.welcome_completed,
        u1_2.department,
        u1_2.designation,
        u1_2.employee_id,
        u1_2.experience,
        u1_2.joined_at,
        u1_2.qualification 
    from
        users u1_0 
    left join
        school_admins u1_1 
            on u1_0.id=u1_1.user_id 
    left join
        teachers u1_2 
            on u1_0.id=u1_2.id 
    where
        u1_0.email=?
Hibernate: 
    select
        u1_0.id,
        case 
            when u1_1.user_id is not null 
                then 1 
            when u1_2.id is not null 
                then 2 
            when u1_0.id is not null 
                then 0 
        end,
        u1_0.active,
        u1_0.age_group,
        u1_0.auth_provider,
        u1_0.avatar,
        u1_0.created_at,
        u1_0.daily_goal_minutes,
        u1_0.division,
        u1_0.email,
        u1_0.email_verification_token,
        u1_0.email_verified,
        u1_0.english_level,
        u1_0.expo_push_token,
        u1_0.first_name,
        u1_0.interests,
        u1_0.last_name,
        u1_0.learning_goal,
        u1_0.native_language,
        u1_0.onboarding_completed,
        u1_0.parent_name,
        u1_0.parent_phone,
        u1_0.password,
        u1_0.phone,
        u1_0.preferred_accent,
        u1_0.preferred_voice,
        u1_0.reset_otp,
        u1_0.reset_otp_expiry,
        u1_0.reset_password_token,
        u1_0.reset_password_token_expiry,
        u1_0.role,
        u1_0.roll_number,
        u1_0.school_id,
        u1_0.school_name,
        u1_0.standard,
        u1_0.status,
        u1_0.updated_at,
        u1_0.user_type,
        u1_0.welcome_completed,
        u1_2.department,
        u1_2.designation,
        u1_2.employee_id,
        u1_2.experience,
        u1_2.joined_at,
        u1_2.qualification 
    from
        users u1_0 
    left join
        school_admins u1_1 
            on u1_0.id=u1_1.user_id 
    left join
        teachers u1_2 
            on u1_0.id=u1_2.id 
    where
        u1_0.email=?
Hibernate: 
    select
        u1_0.id,
        case 
            when u1_1.user_id is not null 
                then 1 
            when u1_2.id is not null 
                then 2 
            when u1_0.id is not null 
                then 0 
        end,
        u1_0.active,
        u1_0.age_group,
        u1_0.auth_provider,
        u1_0.avatar,
        u1_0.created_at,
        u1_0.daily_goal_minutes,
        u1_0.division,
        u1_0.email,
        u1_0.email_verification_token,
        u1_0.email_verified,
        u1_0.english_level,
        u1_0.expo_push_token,
        u1_0.first_name,
        u1_0.interests,
        u1_0.last_name,
        u1_0.learning_goal,
        u1_0.native_language,
        u1_0.onboarding_completed,
        u1_0.parent_name,
        u1_0.parent_phone,
        u1_0.password,
        u1_0.phone,
        u1_0.preferred_accent,
        u1_0.preferred_voice,
        u1_0.reset_otp,
        u1_0.reset_otp_expiry,
        u1_0.reset_password_token,
        u1_0.reset_password_token_expiry,
        u1_0.role,
        u1_0.roll_number,
        u1_0.school_id,
        u1_0.school_name,
        u1_0.standard,
        u1_0.status,
        u1_0.updated_at,
        u1_0.user_type,
        u1_0.welcome_completed,
        u1_2.department,
        u1_2.designation,
        u1_2.employee_id,
        u1_2.experience,
        u1_2.joined_at,
        u1_2.qualification 
    from
        users u1_0 
    left join
        school_admins u1_1 
            on u1_0.id=u1_1.user_id 
    left join
        teachers u1_2 
            on u1_0.id=u1_2.id 
    where
        u1_0.email=?
Hibernate: 
    select
        u1_0.id,
        case 
            when u1_1.user_id is not null 
                then 1 
            when u1_2.id is not null 
                then 2 
            when u1_0.id is not null 
                then 0 
        end,
        u1_0.active,
        u1_0.age_group,
        u1_0.auth_provider,
        u1_0.avatar,
        u1_0.created_at,
        u1_0.daily_goal_minutes,
        u1_0.division,
        u1_0.email,
        u1_0.email_verification_token,
        u1_0.email_verified,
        u1_0.english_level,
        u1_0.expo_push_token,
        u1_0.first_name,
        u1_0.interests,
        u1_0.last_name,
        u1_0.learning_goal,
        u1_0.native_language,
        u1_0.onboarding_completed,
        u1_0.parent_name,
        u1_0.parent_phone,
        u1_0.password,
        u1_0.phone,
        u1_0.preferred_accent,
        u1_0.preferred_voice,
        u1_0.reset_otp,
        u1_0.reset_otp_expiry,
        u1_0.reset_password_token,
        u1_0.reset_password_token_expiry,
        u1_0.role,
        u1_0.roll_number,
        u1_0.school_id,
        u1_0.school_name,
        u1_0.standard,
        u1_0.status,
        u1_0.updated_at,
        u1_0.user_type,
        u1_0.welcome_completed,
        u1_2.department,
        u1_2.designation,
        u1_2.employee_id,
        u1_2.experience,
        u1_2.joined_at,
        u1_2.qualification 
    from
        users u1_0 
    left join
        school_admins u1_1 
            on u1_0.id=u1_1.user_id 
    left join
        teachers u1_2 
            on u1_0.id=u1_2.id 
    where
        u1_0.email=?
Hibernate: 
    select
        s1_0.id,
        s1_0.active,
        s1_0.age_group,
        s1_0.auth_provider,
        s1_0.avatar,
        s1_0.created_at,
        s1_0.daily_goal_minutes,
        s1_0.division,
        s1_0.email,
        s1_0.email_verification_token,
        s1_0.email_verified,
        s1_0.english_level,
        s1_0.expo_push_token,
        s1_0.first_name,
        s1_0.interests,
        s1_0.last_name,
        s1_0.learning_goal,
        s1_0.native_language,
        s1_0.onboarding_completed,
        s1_0.parent_name,
        s1_0.parent_phone,
        s1_0.password,
        s1_0.phone,
        s1_0.preferred_accent,
        s1_0.preferred_voice,
        s1_0.reset_otp,
        s1_0.reset_otp_expiry,
        s1_0.reset_password_token,
        s1_0.reset_password_token_expiry,
        s1_0.roll_number,
        s1_0.school_id,
        s1_0.school_name,
        s1_0.standard,
        s1_0.status,
        s1_0.updated_at,
        s1_0.welcome_completed 
    from
        students s1_0 
    where
        s1_0.school_id=?
Hibernate: 
    select
        u1_0.id,
        case 
            when u1_1.user_id is not null 
                then 1 
            when u1_2.id is not null 
                then 2 
            when u1_0.id is not null 
                then 0 
        end,
        u1_0.active,
        u1_0.age_group,
        u1_0.auth_provider,
        u1_0.avatar,
        u1_0.created_at,
        u1_0.daily_goal_minutes,
        u1_0.division,
        u1_0.email,
        u1_0.email_verification_token,
        u1_0.email_verified,
        u1_0.english_level,
        u1_0.expo_push_token,
        u1_0.first_name,
        u1_0.interests,
        u1_0.last_name,
        u1_0.learning_goal,
        u1_0.native_language,
        u1_0.onboarding_completed,
        u1_0.parent_name,
        u1_0.parent_phone,
        u1_0.password,
        u1_0.phone,
        u1_0.preferred_accent,
        u1_0.preferred_voice,
        u1_0.reset_otp,
        u1_0.reset_otp_expiry,
        u1_0.reset_password_token,
        u1_0.reset_password_token_expiry,
        u1_0.role,
        u1_0.roll_number,
        u1_0.school_id,
        u1_0.school_name,
        u1_0.standard,
        u1_0.status,
        u1_0.updated_at,
        u1_0.user_type,
        u1_0.welcome_completed,
        u1_2.department,
        u1_2.designation,
        u1_2.employee_id,
        u1_2.experience,
        u1_2.joined_at,
        u1_2.qualification 
    from
        users u1_0 
    left join
        school_admins u1_1 
            on u1_0.id=u1_1.user_id 
    left join
        teachers u1_2 
            on u1_0.id=u1_2.id 
    where
        u1_0.school_id=? 
        and u1_0.role=?
Hibernate: 
    select
        s1_0.id,
        s1_0.ai_voice,
        s1_0.auto_play_audio,
        s1_0.created_at,
        s1_0.daily_reminder,
        s1_0.dark_mode,
        s1_0.language,
        s1_0.notifications_enabled,
        s1_0.sound_effects,
        s1_0.student_id,
        s1_0.two_factor_enabled,
        s1_0.updated_at,
        s1_0.user_id 
    from
        settings s1_0 
    where
        s1_0.student_id=?
Hibernate: 
    select
        s1_0.id,
        s1_0.active,
        s1_0.address,
        s1_0.contact_phone,
        s1_0.created_at,
        s1_0.name,
        s1_0.school_code,
        s1_0.school_name,
        s1_0.updated_at 
    from
        schools s1_0 
    where
        s1_0.id=?
Hibernate: 
    select
        s1_0.id,
        s1_0.ai_voice,
        s1_0.auto_play_audio,
        s1_0.created_at,
        s1_0.daily_reminder,
        s1_0.dark_mode,
        s1_0.language,
        s1_0.notifications_enabled,
        s1_0.sound_effects,
        s1_0.student_id,
        s1_0.two_factor_enabled,
        s1_0.updated_at,
        s1_0.user_id 
    from
        settings s1_0 
    where
        s1_0.student_id=?
Hibernate: 
    select
        s1_0.id,
        s1_0.ai_voice,
        s1_0.auto_play_audio,
        s1_0.created_at,
        s1_0.daily_reminder,
        s1_0.dark_mode,
        s1_0.language,
        s1_0.notifications_enabled,
        s1_0.sound_effects,
        s1_0.student_id,
        s1_0.two_factor_enabled,
        s1_0.updated_at,
        s1_0.user_id 
    from
        settings s1_0 
    where
        s1_0.student_id=?
Hibernate: 
    select
        s1_0.id,
        s1_0.ai_voice,
        s1_0.auto_play_audio,
        s1_0.created_at,
        s1_0.daily_reminder,
        s1_0.dark_mode,
        s1_0.language,
        s1_0.notifications_enabled,
        s1_0.sound_effects,
        s1_0.student_id,
        s1_0.two_factor_enabled,
        s1_0.updated_at,
        s1_0.user_id 
    from
        settings s1_0 
    where
        s1_0.student_id=?
Hibernate: 
    select
        s1_0.id,
        s1_0.ai_voice,
        s1_0.auto_play_audio,
        s1_0.created_at,
        s1_0.daily_reminder,
        s1_0.dark_mode,
        s1_0.language,
        s1_0.notifications_enabled,
        s1_0.sound_effects,
        s1_0.student_id,
        s1_0.two_factor_enabled,
        s1_0.updated_at,
        s1_0.user_id 
    from
        settings s1_0 
    where
        s1_0.student_id=?
2026-08-24T18:00:34.105+05:30  INFO 14684 --- [SpeakMateAI] [0.0-9091-exec-7] c.r.s.security.RequestLoggingFilter      : [REQUEST LOG] Incoming request: GET /api/v1/school/teachers
2026-08-24T18:00:34.115+05:30  INFO 14684 --- [SpeakMateAI] [0.0-9091-exec-3] c.r.s.security.RequestLoggingFilter      : [REQUEST LOG] Incoming request: GET /api/school/students
Hibernate: 
    select
        u1_0.id,
        case 
            when u1_1.user_id is not null 
                then 1 
            when u1_2.id is not null 
                then 2 
            when u1_0.id is not null 
                then 0 
        end,
        u1_0.active,
        u1_0.age_group,
        u1_0.auth_provider,
        u1_0.avatar,
        u1_0.created_at,
        u1_0.daily_goal_minutes,
        u1_0.division,
        u1_0.email,
        u1_0.email_verification_token,
        u1_0.email_verified,
        u1_0.english_level,
        u1_0.expo_push_token,
        u1_0.first_name,
        u1_0.interests,
        u1_0.last_name,
        u1_0.learning_goal,
        u1_0.native_language,
        u1_0.onboarding_completed,
        u1_0.parent_name,
        u1_0.parent_phone,
        u1_0.password,
        u1_0.phone,
        u1_0.preferred_accent,
        u1_0.preferred_voice,
        u1_0.reset_otp,
        u1_0.reset_otp_expiry,
        u1_0.reset_password_token,
        u1_0.reset_password_token_expiry,
        u1_0.role,
        u1_0.roll_number,
        u1_0.school_id,
        u1_0.school_name,
        u1_0.standard,
        u1_0.status,
        u1_0.updated_at,
        u1_0.user_type,
        u1_0.welcome_completed,
        u1_2.department,
        u1_2.designation,
        u1_2.employee_id,
        u1_2.experience,
        u1_2.joined_at,
        u1_2.qualification 
    from
        users u1_0 
    left join
        school_admins u1_1 
            on u1_0.id=u1_1.user_id 
    left join
        teachers u1_2 
            on u1_0.id=u1_2.id 
    where
        u1_0.email=?
Hibernate: 
    select
        u1_0.id,
        case 
            when u1_1.user_id is not null 
                then 1 
            when u1_2.id is not null 
                then 2 
            when u1_0.id is not null 
                then 0 
        end,
        u1_0.active,
        u1_0.age_group,
        u1_0.auth_provider,
        u1_0.avatar,
        u1_0.created_at,
        u1_0.daily_goal_minutes,
        u1_0.division,
        u1_0.email,
        u1_0.email_verification_token,
        u1_0.email_verified,
        u1_0.english_level,
        u1_0.expo_push_token,
        u1_0.first_name,
        u1_0.interests,
        u1_0.last_name,
        u1_0.learning_goal,
        u1_0.native_language,
        u1_0.onboarding_completed,
        u1_0.parent_name,
        u1_0.parent_phone,
        u1_0.password,
        u1_0.phone,
        u1_0.preferred_accent,
        u1_0.preferred_voice,
        u1_0.reset_otp,
        u1_0.reset_otp_expiry,
        u1_0.reset_password_token,
        u1_0.reset_password_token_expiry,
        u1_0.role,
        u1_0.roll_number,
        u1_0.school_id,
        u1_0.school_name,
        u1_0.standard,
        u1_0.status,
        u1_0.updated_at,
        u1_0.user_type,
        u1_0.welcome_completed,
        u1_2.department,
        u1_2.designation,
        u1_2.employee_id,
        u1_2.experience,
        u1_2.joined_at,
        u1_2.qualification 
    from
        users u1_0 
    left join
        school_admins u1_1 
            on u1_0.id=u1_1.user_id 
    left join
        teachers u1_2 
            on u1_0.id=u1_2.id 
    where
        u1_0.email=?
Hibernate: 
    select
        u1_0.id,
        case 
            when u1_1.user_id is not null 
                then 1 
            when u1_2.id is not null 
                then 2 
            when u1_0.id is not null 
                then 0 
        end,
        u1_0.active,
        u1_0.age_group,
        u1_0.auth_provider,
        u1_0.avatar,
        u1_0.created_at,
        u1_0.daily_goal_minutes,
        u1_0.division,
        u1_0.email,
        u1_0.email_verification_token,
        u1_0.email_verified,
        u1_0.english_level,
        u1_0.expo_push_token,
        u1_0.first_name,
        u1_0.interests,
        u1_0.last_name,
        u1_0.learning_goal,
        u1_0.native_language,
        u1_0.onboarding_completed,
        u1_0.parent_name,
        u1_0.parent_phone,
        u1_0.password,
        u1_0.phone,
        u1_0.preferred_accent,
        u1_0.preferred_voice,
        u1_0.reset_otp,
        u1_0.reset_otp_expiry,
        u1_0.reset_password_token,
        u1_0.reset_password_token_expiry,
        u1_0.role,
        u1_0.roll_number,
        u1_0.school_id,
        u1_0.school_name,
        u1_0.standard,
        u1_0.status,
        u1_0.updated_at,
        u1_0.user_type,
        u1_0.welcome_completed,
        u1_2.department,
        u1_2.designation,
        u1_2.employee_id,
        u1_2.experience,
        u1_2.joined_at,
        u1_2.qualification 
    from
        users u1_0 
    left join
        school_admins u1_1 
            on u1_0.id=u1_1.user_id 
    left join
        teachers u1_2 
            on u1_0.id=u1_2.id 
    where
        u1_0.email=?
Hibernate: 
    select
        u1_0.id,
        case 
            when u1_1.user_id is not null 
                then 1 
            when u1_2.id is not null 
                then 2 
            when u1_0.id is not null 
                then 0 
        end,
        u1_0.active,
        u1_0.age_group,
        u1_0.auth_provider,
        u1_0.avatar,
        u1_0.created_at,
        u1_0.daily_goal_minutes,
        u1_0.division,
        u1_0.email,
        u1_0.email_verification_token,
        u1_0.email_verified,
        u1_0.english_level,
        u1_0.expo_push_token,
        u1_0.first_name,
        u1_0.interests,
        u1_0.last_name,
        u1_0.learning_goal,
        u1_0.native_language,
        u1_0.onboarding_completed,
        u1_0.parent_name,
        u1_0.parent_phone,
        u1_0.password,
        u1_0.phone,
        u1_0.preferred_accent,
        u1_0.preferred_voice,
        u1_0.reset_otp,
        u1_0.reset_otp_expiry,
        u1_0.reset_password_token,
        u1_0.reset_password_token_expiry,
        u1_0.role,
        u1_0.roll_number,
        u1_0.school_id,
        u1_0.school_name,
        u1_0.standard,
        u1_0.status,
        u1_0.updated_at,
        u1_0.user_type,
        u1_0.welcome_completed,
        u1_2.department,
        u1_2.designation,
        u1_2.employee_id,
        u1_2.experience,
        u1_2.joined_at,
        u1_2.qualification 
    from
        users u1_0 
    left join
        school_admins u1_1 
            on u1_0.id=u1_1.user_id 
    left join
        teachers u1_2 
            on u1_0.id=u1_2.id 
    where
        u1_0.email=?
Hibernate: 
    select
        s1_0.id,
        s1_0.active,
        s1_0.age_group,
        s1_0.auth_provider,
        s1_0.avatar,
        s1_0.created_at,
        s1_0.daily_goal_minutes,
        s1_0.division,
        s1_0.email,
        s1_0.email_verification_token,
        s1_0.email_verified,
        s1_0.english_level,
        s1_0.expo_push_token,
        s1_0.first_name,
        s1_0.interests,
        s1_0.last_name,
        s1_0.learning_goal,
        s1_0.native_language,
        s1_0.onboarding_completed,
        s1_0.parent_name,
        s1_0.parent_phone,
        s1_0.password,
        s1_0.phone,
        s1_0.preferred_accent,
        s1_0.preferred_voice,
        s1_0.reset_otp,
        s1_0.reset_otp_expiry,
        s1_0.reset_password_token,
        s1_0.reset_password_token_expiry,
        s1_0.roll_number,
        s1_0.school_id,
        s1_0.school_name,
        s1_0.standard,
        s1_0.status,
        s1_0.updated_at,
        s1_0.welcome_completed 
    from
        students s1_0 
    where
        s1_0.school_id=?
Hibernate: 
    select
        u1_0.id,
        case 
            when u1_1.user_id is not null 
                then 1 
            when u1_2.id is not null 
                then 2 
            when u1_0.id is not null 
                then 0 
        end,
        u1_0.active,
        u1_0.age_group,
        u1_0.auth_provider,
        u1_0.avatar,
        u1_0.created_at,
        u1_0.daily_goal_minutes,
        u1_0.division,
        u1_0.email,
        u1_0.email_verification_token,
        u1_0.email_verified,
        u1_0.english_level,
        u1_0.expo_push_token,
        u1_0.first_name,
        u1_0.interests,
        u1_0.last_name,
        u1_0.learning_goal,
        u1_0.native_language,
        u1_0.onboarding_completed,
        u1_0.parent_name,
        u1_0.parent_phone,
        u1_0.password,
        u1_0.phone,
        u1_0.preferred_accent,
        u1_0.preferred_voice,
        u1_0.reset_otp,
        u1_0.reset_otp_expiry,
        u1_0.reset_password_token,
        u1_0.reset_password_token_expiry,
        u1_0.role,
        u1_0.roll_number,
        u1_0.school_id,
        u1_0.school_name,
        u1_0.standard,
        u1_0.status,
        u1_0.updated_at,
        u1_0.user_type,
        u1_0.welcome_completed,
        u1_2.department,
        u1_2.designation,
        u1_2.employee_id,
        u1_2.experience,
        u1_2.joined_at,
        u1_2.qualification 
    from
        users u1_0 
    left join
        school_admins u1_1 
            on u1_0.id=u1_1.user_id 
    left join
        teachers u1_2 
            on u1_0.id=u1_2.id 
    where
        u1_0.school_id=? 
        and u1_0.role=?
Hibernate: 
    select
        s1_0.id,
        s1_0.ai_voice,
        s1_0.auto_play_audio,
        s1_0.created_at,
        s1_0.daily_reminder,
        s1_0.dark_mode,
        s1_0.language,
        s1_0.notifications_enabled,
        s1_0.sound_effects,
        s1_0.student_id,
        s1_0.two_factor_enabled,
        s1_0.updated_at,
        s1_0.user_id 
    from
        settings s1_0 
    where
        s1_0.student_id=?
Hibernate: 
    select
        s1_0.id,
        s1_0.active,
        s1_0.address,
        s1_0.contact_phone,
        s1_0.created_at,
        s1_0.name,
        s1_0.school_code,
        s1_0.school_name,
        s1_0.updated_at 
    from
        schools s1_0 
    where
        s1_0.id=?
Hibernate: 
    select
        s1_0.id,
        s1_0.ai_voice,
        s1_0.auto_play_audio,
        s1_0.created_at,
        s1_0.daily_reminder,
        s1_0.dark_mode,
        s1_0.language,
        s1_0.notifications_enabled,
        s1_0.sound_effects,
        s1_0.student_id,
        s1_0.two_factor_enabled,
        s1_0.updated_at,
        s1_0.user_id 
    from
        settings s1_0 
    where
        s1_0.student_id=?
Hibernate: 
    select
        s1_0.id,
        s1_0.ai_voice,
        s1_0.auto_play_audio,
        s1_0.created_at,
        s1_0.daily_reminder,
        s1_0.dark_mode,
        s1_0.language,
        s1_0.notifications_enabled,
        s1_0.sound_effects,
        s1_0.student_id,
        s1_0.two_factor_enabled,
        s1_0.updated_at,
        s1_0.user_id 
    from
        settings s1_0 
    where
        s1_0.student_id=?
Hibernate: 
    select
        s1_0.id,
        s1_0.ai_voice,
        s1_0.auto_play_audio,
        s1_0.created_at,
        s1_0.daily_reminder,
        s1_0.dark_mode,
        s1_0.language,
        s1_0.notifications_enabled,
        s1_0.sound_effects,
        s1_0.student_id,
        s1_0.two_factor_enabled,
        s1_0.updated_at,
        s1_0.user_id 
    from
        settings s1_0 
    where
        s1_0.student_id=?
Hibernate: 
    select
        s1_0.id,
        s1_0.ai_voice,
        s1_0.auto_play_audio,
        s1_0.created_at,
        s1_0.daily_reminder,
        s1_0.dark_mode,
        s1_0.language,
        s1_0.notifications_enabled,
        s1_0.sound_effects,
        s1_0.student_id,
        s1_0.two_factor_enabled,
        s1_0.updated_at,
        s1_0.user_id 
    from
        settings s1_0 
    where
        s1_0.student_id=?
2026-08-24T18:00:34.901+05:30  INFO 14684 --- [SpeakMateAI] [0.0-9091-exec-3] c.r.s.security.RequestLoggingFilter      : [REQUEST LOG] Incoming request: GET /api/school/students
Hibernate: 
    select
        u1_0.id,
        case 
            when u1_1.user_id is not null 
                then 1 
            when u1_2.id is not null 
                then 2 
            when u1_0.id is not null 
                then 0 
        end,
        u1_0.active,
        u1_0.age_group,
        u1_0.auth_provider,
        u1_0.avatar,
        u1_0.created_at,
        u1_0.daily_goal_minutes,
        u1_0.division,
        u1_0.email,
        u1_0.email_verification_token,
        u1_0.email_verified,
        u1_0.english_level,
        u1_0.expo_push_token,
        u1_0.first_name,
        u1_0.interests,
        u1_0.last_name,
        u1_0.learning_goal,
        u1_0.native_language,
        u1_0.onboarding_completed,
        u1_0.parent_name,
        u1_0.parent_phone,
        u1_0.password,
        u1_0.phone,
        u1_0.preferred_accent,
        u1_0.preferred_voice,
        u1_0.reset_otp,
        u1_0.reset_otp_expiry,
        u1_0.reset_password_token,
        u1_0.reset_password_token_expiry,
        u1_0.role,
        u1_0.roll_number,
        u1_0.school_id,
        u1_0.school_name,
        u1_0.standard,
        u1_0.status,
        u1_0.updated_at,
        u1_0.user_type,
        u1_0.welcome_completed,
        u1_2.department,
        u1_2.designation,
        u1_2.employee_id,
        u1_2.experience,
        u1_2.joined_at,
        u1_2.qualification 
    from
        users u1_0 
    left join
        school_admins u1_1 
            on u1_0.id=u1_1.user_id 
    left join
        teachers u1_2 
            on u1_0.id=u1_2.id 
    where
        u1_0.email=?
Hibernate: 
    select
        u1_0.id,
        case 
            when u1_1.user_id is not null 
                then 1 
            when u1_2.id is not null 
                then 2 
            when u1_0.id is not null 
                then 0 
        end,
        u1_0.active,
        u1_0.age_group,
        u1_0.auth_provider,
        u1_0.avatar,
        u1_0.created_at,
        u1_0.daily_goal_minutes,
        u1_0.division,
        u1_0.email,
        u1_0.email_verification_token,
        u1_0.email_verified,
        u1_0.english_level,
        u1_0.expo_push_token,
        u1_0.first_name,
        u1_0.interests,
        u1_0.last_name,
        u1_0.learning_goal,
        u1_0.native_language,
        u1_0.onboarding_completed,
        u1_0.parent_name,
        u1_0.parent_phone,
        u1_0.password,
        u1_0.phone,
        u1_0.preferred_accent,
        u1_0.preferred_voice,
        u1_0.reset_otp,
        u1_0.reset_otp_expiry,
        u1_0.reset_password_token,
        u1_0.reset_password_token_expiry,
        u1_0.role,
        u1_0.roll_number,
        u1_0.school_id,
        u1_0.school_name,
        u1_0.standard,
        u1_0.status,
        u1_0.updated_at,
        u1_0.user_type,
        u1_0.welcome_completed,
        u1_2.department,
        u1_2.designation,
        u1_2.employee_id,
        u1_2.experience,
        u1_2.joined_at,
        u1_2.qualification 
    from
        users u1_0 
    left join
        school_admins u1_1 
            on u1_0.id=u1_1.user_id 
    left join
        teachers u1_2 
            on u1_0.id=u1_2.id 
    where
        u1_0.email=?
Hibernate: 
    select
        s1_0.id,
        s1_0.active,
        s1_0.age_group,
        s1_0.auth_provider,
        s1_0.avatar,
        s1_0.created_at,
        s1_0.daily_goal_minutes,
        s1_0.division,
        s1_0.email,
        s1_0.email_verification_token,
        s1_0.email_verified,
        s1_0.english_level,
        s1_0.expo_push_token,
        s1_0.first_name,
        s1_0.interests,
        s1_0.last_name,
        s1_0.learning_goal,
        s1_0.native_language,
        s1_0.onboarding_completed,
        s1_0.parent_name,
        s1_0.parent_phone,
        s1_0.password,
        s1_0.phone,
        s1_0.preferred_accent,
        s1_0.preferred_voice,
        s1_0.reset_otp,
        s1_0.reset_otp_expiry,
        s1_0.reset_password_token,
        s1_0.reset_password_token_expiry,
        s1_0.roll_number,
        s1_0.school_id,
        s1_0.school_name,
        s1_0.standard,
        s1_0.status,
        s1_0.updated_at,
        s1_0.welcome_completed 
    from
        students s1_0 
    where
        s1_0.school_id=?
Hibernate: 
    select
        s1_0.id,
        s1_0.ai_voice,
        s1_0.auto_play_audio,
        s1_0.created_at,
        s1_0.daily_reminder,
        s1_0.dark_mode,
        s1_0.language,
        s1_0.notifications_enabled,
        s1_0.sound_effects,
        s1_0.student_id,
        s1_0.two_factor_enabled,
        s1_0.updated_at,
        s1_0.user_id 
    from
        settings s1_0 
    where
        s1_0.student_id=?
Hibernate: 
    select
        s1_0.id,
        s1_0.ai_voice,
        s1_0.auto_play_audio,
        s1_0.created_at,
        s1_0.daily_reminder,
        s1_0.dark_mode,
        s1_0.language,
        s1_0.notifications_enabled,
        s1_0.sound_effects,
        s1_0.student_id,
        s1_0.two_factor_enabled,
        s1_0.updated_at,
        s1_0.user_id 
    from
        settings s1_0 
    where
        s1_0.student_id=?
Hibernate: 
    select
        s1_0.id,
        s1_0.ai_voice,
        s1_0.auto_play_audio,
        s1_0.created_at,
        s1_0.daily_reminder,
        s1_0.dark_mode,
        s1_0.language,
        s1_0.notifications_enabled,
        s1_0.sound_effects,
        s1_0.student_id,
        s1_0.two_factor_enabled,
        s1_0.updated_at,
        s1_0.user_id 
    from
        settings s1_0 
    where
        s1_0.student_id=?
Hibernate: 
    select
        s1_0.id,
        s1_0.ai_voice,
        s1_0.auto_play_audio,
        s1_0.created_at,
        s1_0.daily_reminder,
        s1_0.dark_mode,
        s1_0.language,
        s1_0.notifications_enabled,
        s1_0.sound_effects,
        s1_0.student_id,
        s1_0.two_factor_enabled,
        s1_0.updated_at,
        s1_0.user_id 
    from
        settings s1_0 
    where
        s1_0.student_id=?
Hibernate: 
    select
        s1_0.id,
        s1_0.ai_voice,
        s1_0.auto_play_audio,
        s1_0.created_at,
        s1_0.daily_reminder,
        s1_0.dark_mode,
        s1_0.language,
        s1_0.notifications_enabled,
        s1_0.sound_effects,
        s1_0.student_id,
        s1_0.two_factor_enabled,
        s1_0.updated_at,
        s1_0.user_id 
    from
        settings s1_0 
    where
        s1_0.student_id=?
2026-08-24T18:01:15.668+05:30  INFO 14684 --- [SpeakMateAI] [0.0-9091-exec-4] c.r.s.security.RequestLoggingFilter      : [REQUEST LOG] Incoming request: GET /api/v1/school/teachers
2026-08-24T18:01:15.668+05:30  INFO 14684 --- [SpeakMateAI] [0.0-9091-exec-2] c.r.s.security.RequestLoggingFilter      : [REQUEST LOG] Incoming request: GET /api/v1/school/dashboard
Hibernate: 
    select
        u1_0.id,
        case 
            when u1_1.user_id is not null 
                then 1 
            when u1_2.id is not null 
                then 2 
            when u1_0.id is not null 
                then 0 
        end,
        u1_0.active,
        u1_0.age_group,
        u1_0.auth_provider,
        u1_0.avatar,
        u1_0.created_at,
        u1_0.daily_goal_minutes,
        u1_0.division,
        u1_0.email,
        u1_0.email_verification_token,
        u1_0.email_verified,
        u1_0.english_level,
        u1_0.expo_push_token,
        u1_0.first_name,
        u1_0.interests,
        u1_0.last_name,
        u1_0.learning_goal,
        u1_0.native_language,
        u1_0.onboarding_completed,
        u1_0.parent_name,
        u1_0.parent_phone,
        u1_0.password,
        u1_0.phone,
        u1_0.preferred_accent,
        u1_0.preferred_voice,
        u1_0.reset_otp,
        u1_0.reset_otp_expiry,
        u1_0.reset_password_token,
        u1_0.reset_password_token_expiry,
        u1_0.role,
        u1_0.roll_number,
        u1_0.school_id,
        u1_0.school_name,
        u1_0.standard,
        u1_0.status,
        u1_0.updated_at,
        u1_0.user_type,
        u1_0.welcome_completed,
        u1_2.department,
        u1_2.designation,
        u1_2.employee_id,
        u1_2.experience,
        u1_2.joined_at,
        u1_2.qualification 
    from
        users u1_0 
    left join
        school_admins u1_1 
            on u1_0.id=u1_1.user_id 
    left join
        teachers u1_2 
            on u1_0.id=u1_2.id 
    where
        u1_0.email=?
Hibernate: 
    select
        u1_0.id,
        case 
            when u1_1.user_id is not null 
                then 1 
            when u1_2.id is not null 
                then 2 
            when u1_0.id is not null 
                then 0 
        end,
        u1_0.active,
        u1_0.age_group,
        u1_0.auth_provider,
        u1_0.avatar,
        u1_0.created_at,
        u1_0.daily_goal_minutes,
        u1_0.division,
        u1_0.email,
        u1_0.email_verification_token,
        u1_0.email_verified,
        u1_0.english_level,
        u1_0.expo_push_token,
        u1_0.first_name,
        u1_0.interests,
        u1_0.last_name,
        u1_0.learning_goal,
        u1_0.native_language,
        u1_0.onboarding_completed,
        u1_0.parent_name,
        u1_0.parent_phone,
        u1_0.password,
        u1_0.phone,
        u1_0.preferred_accent,
        u1_0.preferred_voice,
        u1_0.reset_otp,
        u1_0.reset_otp_expiry,
        u1_0.reset_password_token,
        u1_0.reset_password_token_expiry,
        u1_0.role,
        u1_0.roll_number,
        u1_0.school_id,
        u1_0.school_name,
        u1_0.standard,
        u1_0.status,
        u1_0.updated_at,
        u1_0.user_type,
        u1_0.welcome_completed,
        u1_2.department,
        u1_2.designation,
        u1_2.employee_id,
        u1_2.experience,
        u1_2.joined_at,
        u1_2.qualification 
    from
        users u1_0 
    left join
        school_admins u1_1 
            on u1_0.id=u1_1.user_id 
    left join
        teachers u1_2 
            on u1_0.id=u1_2.id 
    where
        u1_0.email=?
Hibernate: 
    select
        u1_0.id,
        case 
            when u1_1.user_id is not null 
                then 1 
            when u1_2.id is not null 
                then 2 
            when u1_0.id is not null 
                then 0 
        end,
        u1_0.active,
        u1_0.age_group,
        u1_0.auth_provider,
        u1_0.avatar,
        u1_0.created_at,
        u1_0.daily_goal_minutes,
        u1_0.division,
        u1_0.email,
        u1_0.email_verification_token,
        u1_0.email_verified,
        u1_0.english_level,
        u1_0.expo_push_token,
        u1_0.first_name,
        u1_0.interests,
        u1_0.last_name,
        u1_0.learning_goal,
        u1_0.native_language,
        u1_0.onboarding_completed,
        u1_0.parent_name,
        u1_0.parent_phone,
        u1_0.password,
        u1_0.phone,
        u1_0.preferred_accent,
        u1_0.preferred_voice,
        u1_0.reset_otp,
        u1_0.reset_otp_expiry,
        u1_0.reset_password_token,
        u1_0.reset_password_token_expiry,
        u1_0.role,
        u1_0.roll_number,
        u1_0.school_id,
        u1_0.school_name,
        u1_0.standard,
        u1_0.status,
        u1_0.updated_at,
        u1_0.user_type,
        u1_0.welcome_completed,
        u1_2.department,
        u1_2.designation,
        u1_2.employee_id,
        u1_2.experience,
        u1_2.joined_at,
        u1_2.qualification 
    from
        users u1_0 
    left join
        school_admins u1_1 
            on u1_0.id=u1_1.user_id 
    left join
        teachers u1_2 
            on u1_0.id=u1_2.id 
    where
        u1_0.email=?
Hibernate: 
    select
        u1_0.id,
        case 
            when u1_1.user_id is not null 
                then 1 
            when u1_2.id is not null 
                then 2 
            when u1_0.id is not null 
                then 0 
        end,
        u1_0.active,
        u1_0.age_group,
        u1_0.auth_provider,
        u1_0.avatar,
        u1_0.created_at,
        u1_0.daily_goal_minutes,
        u1_0.division,
        u1_0.email,
        u1_0.email_verification_token,
        u1_0.email_verified,
        u1_0.english_level,
        u1_0.expo_push_token,
        u1_0.first_name,
        u1_0.interests,
        u1_0.last_name,
        u1_0.learning_goal,
        u1_0.native_language,
        u1_0.onboarding_completed,
        u1_0.parent_name,
        u1_0.parent_phone,
        u1_0.password,
        u1_0.phone,
        u1_0.preferred_accent,
        u1_0.preferred_voice,
        u1_0.reset_otp,
        u1_0.reset_otp_expiry,
        u1_0.reset_password_token,
        u1_0.reset_password_token_expiry,
        u1_0.role,
        u1_0.roll_number,
        u1_0.school_id,
        u1_0.school_name,
        u1_0.standard,
        u1_0.status,
        u1_0.updated_at,
        u1_0.user_type,
        u1_0.welcome_completed,
        u1_2.department,
        u1_2.designation,
        u1_2.employee_id,
        u1_2.experience,
        u1_2.joined_at,
        u1_2.qualification 
    from
        users u1_0 
    left join
        school_admins u1_1 
            on u1_0.id=u1_1.user_id 
    left join
        teachers u1_2 
            on u1_0.id=u1_2.id 
    where
        u1_0.email=?
Hibernate: 
    select
        u1_0.id,
        case 
            when u1_1.user_id is not null 
                then 1 
            when u1_2.id is not null 
                then 2 
            when u1_0.id is not null 
                then 0 
        end,
        u1_0.active,
        u1_0.age_group,
        u1_0.auth_provider,
        u1_0.avatar,
        u1_0.created_at,
        u1_0.daily_goal_minutes,
        u1_0.division,
        u1_0.email,
        u1_0.email_verification_token,
        u1_0.email_verified,
        u1_0.english_level,
        u1_0.expo_push_token,
        u1_0.first_name,
        u1_0.interests,
        u1_0.last_name,
        u1_0.learning_goal,
        u1_0.native_language,
        u1_0.onboarding_completed,
        u1_0.parent_name,
        u1_0.parent_phone,
        u1_0.password,
        u1_0.phone,
        u1_0.preferred_accent,
        u1_0.preferred_voice,
        u1_0.reset_otp,
        u1_0.reset_otp_expiry,
        u1_0.reset_password_token,
        u1_0.reset_password_token_expiry,
        u1_0.role,
        u1_0.roll_number,
        u1_0.school_id,
        u1_0.school_name,
        u1_0.standard,
        u1_0.status,
        u1_0.updated_at,
        u1_0.user_type,
        u1_0.welcome_completed,
        u1_2.department,
        u1_2.designation,
        u1_2.employee_id,
        u1_2.experience,
        u1_2.joined_at,
        u1_2.qualification 
    from
        users u1_0 
    left join
        school_admins u1_1 
            on u1_0.id=u1_1.user_id 
    left join
        teachers u1_2 
            on u1_0.id=u1_2.id 
    where
        u1_0.school_id=? 
        and u1_0.role=?
Hibernate: 
    select
        s1_0.id,
        s1_0.active,
        s1_0.age_group,
        s1_0.auth_provider,
        s1_0.avatar,
        s1_0.created_at,
        s1_0.daily_goal_minutes,
        s1_0.division,
        s1_0.email,
        s1_0.email_verification_token,
        s1_0.email_verified,
        s1_0.english_level,
        s1_0.expo_push_token,
        s1_0.first_name,
        s1_0.interests,
        s1_0.last_name,
        s1_0.learning_goal,
        s1_0.native_language,
        s1_0.onboarding_completed,
        s1_0.parent_name,
        s1_0.parent_phone,
        s1_0.password,
        s1_0.phone,
        s1_0.preferred_accent,
        s1_0.preferred_voice,
        s1_0.reset_otp,
        s1_0.reset_otp_expiry,
        s1_0.reset_password_token,
        s1_0.reset_password_token_expiry,
        s1_0.roll_number,
        s1_0.school_id,
        s1_0.school_name,
        s1_0.standard,
        s1_0.status,
        s1_0.updated_at,
        s1_0.welcome_completed 
    from
        students s1_0 
    where
        s1_0.school_id=?
Hibernate: 
    select
        s1_0.id,
        s1_0.ai_voice,
        s1_0.auto_play_audio,
        s1_0.created_at,
        s1_0.daily_reminder,
        s1_0.dark_mode,
        s1_0.language,
        s1_0.notifications_enabled,
        s1_0.sound_effects,
        s1_0.student_id,
        s1_0.two_factor_enabled,
        s1_0.updated_at,
        s1_0.user_id 
    from
        settings s1_0 
    where
        s1_0.student_id=?
Hibernate: 
    select
        s1_0.id,
        s1_0.active,
        s1_0.address,
        s1_0.contact_phone,
        s1_0.created_at,
        s1_0.name,
        s1_0.school_code,
        s1_0.school_name,
        s1_0.updated_at 
    from
        schools s1_0 
    where
        s1_0.id=?
Hibernate: 
    select
        s1_0.id,
        s1_0.ai_voice,
        s1_0.auto_play_audio,
        s1_0.created_at,
        s1_0.daily_reminder,
        s1_0.dark_mode,
        s1_0.language,
        s1_0.notifications_enabled,
        s1_0.sound_effects,
        s1_0.student_id,
        s1_0.two_factor_enabled,
        s1_0.updated_at,
        s1_0.user_id 
    from
        settings s1_0 
    where
        s1_0.student_id=?
Hibernate: 
    select
        s1_0.id,
        s1_0.ai_voice,
        s1_0.auto_play_audio,
        s1_0.created_at,
        s1_0.daily_reminder,
        s1_0.dark_mode,
        s1_0.language,
        s1_0.notifications_enabled,
        s1_0.sound_effects,
        s1_0.student_id,
        s1_0.two_factor_enabled,
        s1_0.updated_at,
        s1_0.user_id 
    from
        settings s1_0 
    where
        s1_0.student_id=?
Hibernate: 
    select
        s1_0.id,
        s1_0.ai_voice,
        s1_0.auto_play_audio,
        s1_0.created_at,
        s1_0.daily_reminder,
        s1_0.dark_mode,
        s1_0.language,
        s1_0.notifications_enabled,
        s1_0.sound_effects,
        s1_0.student_id,
        s1_0.two_factor_enabled,
        s1_0.updated_at,
        s1_0.user_id 
    from
        settings s1_0 
    where
        s1_0.student_id=?
Hibernate: 
    select
        s1_0.id,
        s1_0.ai_voice,
        s1_0.auto_play_audio,
        s1_0.created_at,
        s1_0.daily_reminder,
        s1_0.dark_mode,
        s1_0.language,
        s1_0.notifications_enabled,
        s1_0.sound_effects,
        s1_0.student_id,
        s1_0.two_factor_enabled,
        s1_0.updated_at,
        s1_0.user_id 
    from
        settings s1_0 
    where
        s1_0.student_id=?
Hibernate: 
    select
        u1_0.id,
        case 
            when u1_1.user_id is not null 
                then 1 
            when u1_2.id is not null 
                then 2 
            when u1_0.id is not null 
                then 0 
        end,
        u1_0.active,
        u1_0.age_group,
        u1_0.auth_provider,
        u1_0.avatar,
        u1_0.created_at,
        u1_0.daily_goal_minutes,
        u1_0.division,
        u1_0.email,
        u1_0.email_verification_token,
        u1_0.email_verified,
        u1_0.english_level,
        u1_0.expo_push_token,
        u1_0.first_name,
        u1_0.interests,
        u1_0.last_name,
        u1_0.learning_goal,
        u1_0.native_language,
        u1_0.onboarding_completed,
        u1_0.parent_name,
        u1_0.parent_phone,
        u1_0.password,
        u1_0.phone,
        u1_0.preferred_accent,
        u1_0.preferred_voice,
        u1_0.reset_otp,
        u1_0.reset_otp_expiry,
        u1_0.reset_password_token,
        u1_0.reset_password_token_expiry,
        u1_0.role,
        u1_0.roll_number,
        u1_0.school_id,
        u1_0.school_name,
        u1_0.standard,
        u1_0.status,
        u1_0.updated_at,
        u1_0.user_type,
        u1_0.welcome_completed,
        u1_2.department,
        u1_2.designation,
        u1_2.employee_id,
        u1_2.experience,
        u1_2.joined_at,
        u1_2.qualification 
    from
        users u1_0 
    left join
        school_admins u1_1 
            on u1_0.id=u1_1.user_id 
    left join
        teachers u1_2 
            on u1_0.id=u1_2.id 
    where
        u1_0.school_id=? 
        and u1_0.role=?
Hibernate: 
    select
        cr1_0.id,
        cr1_0.academic_year,
        cr1_0.created_at,
        cr1_0.grade,
        cr1_0.name,
        cr1_0.school_id,
        cr1_0.status,
        cr1_0.teacher_id,
        cr1_0.updated_at 
    from
        class_rooms cr1_0 
    where
        cr1_0.school_id=?
Hibernate: 
    select
        r1_0.id,
        r1_0.active,
        r1_0.created_at,
        r1_0.marks_obtained,
        r1_0.status,
        r1_0.student_id,
        r1_0.submitted_at,
        r1_0.test_title,
        r1_0.total_marks,
        r1_0.updated_at 
    from
        results r1_0 
    join
        users s1_0 
            on s1_0.id=r1_0.student_id 
    where
        s1_0.school_id=? 
        and r1_0.active
Hibernate: 
    select
        count(lp1_0.id) 
    from
        lesson_progress lp1_0 
    join
        students s1_0 
            on s1_0.id=lp1_0.user_id 
    where
        s1_0.school_id=? 
        and lp1_0.completed=true
Hibernate: 
    select
        s1_0.id,
        s1_0.active,
        s1_0.address,
        s1_0.contact_phone,
        s1_0.created_at,
        s1_0.name,
        s1_0.school_code,
        s1_0.school_name,
        s1_0.updated_at 
    from
        schools s1_0 
    where
        s1_0.id=?
2026-08-24T18:01:17.924+05:30  INFO 14684 --- [SpeakMateAI] [.0-9091-exec-10] c.r.s.security.RequestLoggingFilter      : [REQUEST LOG] Incoming request: GET /api/school/students
Hibernate: 
    select
        u1_0.id,
        case 
            when u1_1.user_id is not null 
                then 1 
            when u1_2.id is not null 
                then 2 
            when u1_0.id is not null 
                then 0 
        end,
        u1_0.active,
        u1_0.age_group,
        u1_0.auth_provider,
        u1_0.avatar,
        u1_0.created_at,
        u1_0.daily_goal_minutes,
        u1_0.division,
        u1_0.email,
        u1_0.email_verification_token,
        u1_0.email_verified,
        u1_0.english_level,
        u1_0.expo_push_token,
        u1_0.first_name,
        u1_0.interests,
        u1_0.last_name,
        u1_0.learning_goal,
        u1_0.native_language,
        u1_0.onboarding_completed,
        u1_0.parent_name,
        u1_0.parent_phone,
        u1_0.password,
        u1_0.phone,
        u1_0.preferred_accent,
        u1_0.preferred_voice,
        u1_0.reset_otp,
        u1_0.reset_otp_expiry,
        u1_0.reset_password_token,
        u1_0.reset_password_token_expiry,
        u1_0.role,
        u1_0.roll_number,
        u1_0.school_id,
        u1_0.school_name,
        u1_0.standard,
        u1_0.status,
        u1_0.updated_at,
        u1_0.user_type,
        u1_0.welcome_completed,
        u1_2.department,
        u1_2.designation,
        u1_2.employee_id,
        u1_2.experience,
        u1_2.joined_at,
        u1_2.qualification 
    from
        users u1_0 
    left join
        school_admins u1_1 
            on u1_0.id=u1_1.user_id 
    left join
        teachers u1_2 
            on u1_0.id=u1_2.id 
    where
        u1_0.email=?
Hibernate: 
    select
        u1_0.id,
        case 
            when u1_1.user_id is not null 
                then 1 
            when u1_2.id is not null 
                then 2 
            when u1_0.id is not null 
                then 0 
        end,
        u1_0.active,
        u1_0.age_group,
        u1_0.auth_provider,
        u1_0.avatar,
        u1_0.created_at,
        u1_0.daily_goal_minutes,
        u1_0.division,
        u1_0.email,
        u1_0.email_verification_token,
        u1_0.email_verified,
        u1_0.english_level,
        u1_0.expo_push_token,
        u1_0.first_name,
        u1_0.interests,
        u1_0.last_name,
        u1_0.learning_goal,
        u1_0.native_language,
        u1_0.onboarding_completed,
        u1_0.parent_name,
        u1_0.parent_phone,
        u1_0.password,
        u1_0.phone,
        u1_0.preferred_accent,
        u1_0.preferred_voice,
        u1_0.reset_otp,
        u1_0.reset_otp_expiry,
        u1_0.reset_password_token,
        u1_0.reset_password_token_expiry,
        u1_0.role,
        u1_0.roll_number,
        u1_0.school_id,
        u1_0.school_name,
        u1_0.standard,
        u1_0.status,
        u1_0.updated_at,
        u1_0.user_type,
        u1_0.welcome_completed,
        u1_2.department,
        u1_2.designation,
        u1_2.employee_id,
        u1_2.experience,
        u1_2.joined_at,
        u1_2.qualification 
    from
        users u1_0 
    left join
        school_admins u1_1 
            on u1_0.id=u1_1.user_id 
    left join
        teachers u1_2 
            on u1_0.id=u1_2.id 
    where
        u1_0.email=?
Hibernate: 
    select
        s1_0.id,
        s1_0.active,
        s1_0.age_group,
        s1_0.auth_provider,
        s1_0.avatar,
        s1_0.created_at,
        s1_0.daily_goal_minutes,
        s1_0.division,
        s1_0.email,
        s1_0.email_verification_token,
        s1_0.email_verified,
        s1_0.english_level,
        s1_0.expo_push_token,
        s1_0.first_name,
        s1_0.interests,
        s1_0.last_name,
        s1_0.learning_goal,
        s1_0.native_language,
        s1_0.onboarding_completed,
        s1_0.parent_name,
        s1_0.parent_phone,
        s1_0.password,
        s1_0.phone,
        s1_0.preferred_accent,
        s1_0.preferred_voice,
        s1_0.reset_otp,
        s1_0.reset_otp_expiry,
        s1_0.reset_password_token,
        s1_0.reset_password_token_expiry,
        s1_0.roll_number,
        s1_0.school_id,
        s1_0.school_name,
        s1_0.standard,
        s1_0.status,
        s1_0.updated_at,
        s1_0.welcome_completed 
    from
        students s1_0 
    where
        s1_0.school_id=?
Hibernate: 
    select
        s1_0.id,
        s1_0.ai_voice,
        s1_0.auto_play_audio,
        s1_0.created_at,
        s1_0.daily_reminder,
        s1_0.dark_mode,
        s1_0.language,
        s1_0.notifications_enabled,
        s1_0.sound_effects,
        s1_0.student_id,
        s1_0.two_factor_enabled,
        s1_0.updated_at,
        s1_0.user_id 
    from
        settings s1_0 
    where
        s1_0.student_id=?
Hibernate: 
    select
        s1_0.id,
        s1_0.ai_voice,
        s1_0.auto_play_audio,
        s1_0.created_at,
        s1_0.daily_reminder,
        s1_0.dark_mode,
        s1_0.language,
        s1_0.notifications_enabled,
        s1_0.sound_effects,
        s1_0.student_id,
        s1_0.two_factor_enabled,
        s1_0.updated_at,
        s1_0.user_id 
    from
        settings s1_0 
    where
        s1_0.student_id=?
Hibernate: 
    select
        s1_0.id,
        s1_0.ai_voice,
        s1_0.auto_play_audio,
        s1_0.created_at,
        s1_0.daily_reminder,
        s1_0.dark_mode,
        s1_0.language,
        s1_0.notifications_enabled,
        s1_0.sound_effects,
        s1_0.student_id,
        s1_0.two_factor_enabled,
        s1_0.updated_at,
        s1_0.user_id 
    from
        settings s1_0 
    where
        s1_0.student_id=?
Hibernate: 
    select
        s1_0.id,
        s1_0.ai_voice,
        s1_0.auto_play_audio,
        s1_0.created_at,
        s1_0.daily_reminder,
        s1_0.dark_mode,
        s1_0.language,
        s1_0.notifications_enabled,
        s1_0.sound_effects,
        s1_0.student_id,
        s1_0.two_factor_enabled,
        s1_0.updated_at,
        s1_0.user_id 
    from
        settings s1_0 
    where
        s1_0.student_id=?
Hibernate: 
    select
        s1_0.id,
        s1_0.ai_voice,
        s1_0.auto_play_audio,
        s1_0.created_at,
        s1_0.daily_reminder,
        s1_0.dark_mode,
        s1_0.language,
        s1_0.notifications_enabled,
        s1_0.sound_effects,
        s1_0.student_id,
        s1_0.two_factor_enabled,
        s1_0.updated_at,
        s1_0.user_id 
    from
        settings s1_0 
    where
        s1_0.student_id=?
2026-08-24T18:01:18.887+05:30  INFO 14684 --- [SpeakMateAI] [0.0-9091-exec-7] c.r.s.security.RequestLoggingFilter      : [REQUEST LOG] Incoming request: GET /api/school/students
Hibernate: 
    select
        u1_0.id,
        case 
            when u1_1.user_id is not null 
                then 1 
            when u1_2.id is not null 
                then 2 
            when u1_0.id is not null 
                then 0 
        end,
        u1_0.active,
        u1_0.age_group,
        u1_0.auth_provider,
        u1_0.avatar,
        u1_0.created_at,
        u1_0.daily_goal_minutes,
        u1_0.division,
        u1_0.email,
        u1_0.email_verification_token,
        u1_0.email_verified,
        u1_0.english_level,
        u1_0.expo_push_token,
        u1_0.first_name,
        u1_0.interests,
        u1_0.last_name,
        u1_0.learning_goal,
        u1_0.native_language,
        u1_0.onboarding_completed,
        u1_0.parent_name,
        u1_0.parent_phone,
        u1_0.password,
        u1_0.phone,
        u1_0.preferred_accent,
        u1_0.preferred_voice,
        u1_0.reset_otp,
        u1_0.reset_otp_expiry,
        u1_0.reset_password_token,
        u1_0.reset_password_token_expiry,
        u1_0.role,
        u1_0.roll_number,
        u1_0.school_id,
        u1_0.school_name,
        u1_0.standard,
        u1_0.status,
        u1_0.updated_at,
        u1_0.user_type,
        u1_0.welcome_completed,
        u1_2.department,
        u1_2.designation,
        u1_2.employee_id,
        u1_2.experience,
        u1_2.joined_at,
        u1_2.qualification 
    from
        users u1_0 
    left join
        school_admins u1_1 
            on u1_0.id=u1_1.user_id 
    left join
        teachers u1_2 
            on u1_0.id=u1_2.id 
    where
        u1_0.email=?
Hibernate: 
    select
        u1_0.id,
        case 
            when u1_1.user_id is not null 
                then 1 
            when u1_2.id is not null 
                then 2 
            when u1_0.id is not null 
                then 0 
        end,
        u1_0.active,
        u1_0.age_group,
        u1_0.auth_provider,
        u1_0.avatar,
        u1_0.created_at,
        u1_0.daily_goal_minutes,
        u1_0.division,
        u1_0.email,
        u1_0.email_verification_token,
        u1_0.email_verified,
        u1_0.english_level,
        u1_0.expo_push_token,
        u1_0.first_name,
        u1_0.interests,
        u1_0.last_name,
        u1_0.learning_goal,
        u1_0.native_language,
        u1_0.onboarding_completed,
        u1_0.parent_name,
        u1_0.parent_phone,
        u1_0.password,
        u1_0.phone,
        u1_0.preferred_accent,
        u1_0.preferred_voice,
        u1_0.reset_otp,
        u1_0.reset_otp_expiry,
        u1_0.reset_password_token,
        u1_0.reset_password_token_expiry,
        u1_0.role,
        u1_0.roll_number,
        u1_0.school_id,
        u1_0.school_name,
        u1_0.standard,
        u1_0.status,
        u1_0.updated_at,
        u1_0.user_type,
        u1_0.welcome_completed,
        u1_2.department,
        u1_2.designation,
        u1_2.employee_id,
        u1_2.experience,
        u1_2.joined_at,
        u1_2.qualification 
    from
        users u1_0 
    left join
        school_admins u1_1 
            on u1_0.id=u1_1.user_id 
    left join
        teachers u1_2 
            on u1_0.id=u1_2.id 
    where
        u1_0.email=?
Hibernate: 
    select
        s1_0.id,
        s1_0.active,
        s1_0.age_group,
        s1_0.auth_provider,
        s1_0.avatar,
        s1_0.created_at,
        s1_0.daily_goal_minutes,
        s1_0.division,
        s1_0.email,
        s1_0.email_verification_token,
        s1_0.email_verified,
        s1_0.english_level,
        s1_0.expo_push_token,
        s1_0.first_name,
        s1_0.interests,
        s1_0.last_name,
        s1_0.learning_goal,
        s1_0.native_language,
        s1_0.onboarding_completed,
        s1_0.parent_name,
        s1_0.parent_phone,
        s1_0.password,
        s1_0.phone,
        s1_0.preferred_accent,
        s1_0.preferred_voice,
        s1_0.reset_otp,
        s1_0.reset_otp_expiry,
        s1_0.reset_password_token,
        s1_0.reset_password_token_expiry,
        s1_0.roll_number,
        s1_0.school_id,
        s1_0.school_name,
        s1_0.standard,
        s1_0.status,
        s1_0.updated_at,
        s1_0.welcome_completed 
    from
        students s1_0 
    where
        s1_0.school_id=?
Hibernate: 
    select
        s1_0.id,
        s1_0.ai_voice,
        s1_0.auto_play_audio,
        s1_0.created_at,
        s1_0.daily_reminder,
        s1_0.dark_mode,
        s1_0.language,
        s1_0.notifications_enabled,
        s1_0.sound_effects,
        s1_0.student_id,
        s1_0.two_factor_enabled,
        s1_0.updated_at,
        s1_0.user_id 
    from
        settings s1_0 
    where
        s1_0.student_id=?
Hibernate: 
    select
        s1_0.id,
        s1_0.ai_voice,
        s1_0.auto_play_audio,
        s1_0.created_at,
        s1_0.daily_reminder,
        s1_0.dark_mode,
        s1_0.language,
        s1_0.notifications_enabled,
        s1_0.sound_effects,
        s1_0.student_id,
        s1_0.two_factor_enabled,
        s1_0.updated_at,
        s1_0.user_id 
    from
        settings s1_0 
    where
        s1_0.student_id=?
Hibernate: 
    select
        s1_0.id,
        s1_0.ai_voice,
        s1_0.auto_play_audio,
        s1_0.created_at,
        s1_0.daily_reminder,
        s1_0.dark_mode,
        s1_0.language,
        s1_0.notifications_enabled,
        s1_0.sound_effects,
        s1_0.student_id,
        s1_0.two_factor_enabled,
        s1_0.updated_at,
        s1_0.user_id 
    from
        settings s1_0 
    where
        s1_0.student_id=?
Hibernate: 
    select
        s1_0.id,
        s1_0.ai_voice,
        s1_0.auto_play_audio,
        s1_0.created_at,
        s1_0.daily_reminder,
        s1_0.dark_mode,
        s1_0.language,
        s1_0.notifications_enabled,
        s1_0.sound_effects,
        s1_0.student_id,
        s1_0.two_factor_enabled,
        s1_0.updated_at,
        s1_0.user_id 
    from
        settings s1_0 
    where
        s1_0.student_id=?
Hibernate: 
    select
        s1_0.id,
        s1_0.ai_voice,
        s1_0.auto_play_audio,
        s1_0.created_at,
        s1_0.daily_reminder,
        s1_0.dark_mode,
        s1_0.language,
        s1_0.notifications_enabled,
        s1_0.sound_effects,
        s1_0.student_id,
        s1_0.two_factor_enabled,
        s1_0.updated_at,
        s1_0.user_id 
    from
        settings s1_0 
    where
        s1_0.student_id=?
2026-08-24T18:06:09.067+05:30  INFO 14684 --- [SpeakMateAI] [0.0-9091-exec-2] c.r.s.security.RequestLoggingFilter      : [REQUEST LOG] Incoming request: GET /api/v1/school/teachers
Hibernate: 
    select
        u1_0.id,
        case 
            when u1_1.user_id is not null 
                then 1 
            when u1_2.id is not null 
                then 2 
            when u1_0.id is not null 
                then 0 
        end,
        u1_0.active,
        u1_0.age_group,
        u1_0.auth_provider,
        u1_0.avatar,
        u1_0.created_at,
        u1_0.daily_goal_minutes,
        u1_0.division,
        u1_0.email,
        u1_0.email_verification_token,
        u1_0.email_verified,
        u1_0.english_level,
        u1_0.expo_push_token,
        u1_0.first_name,
        u1_0.interests,
        u1_0.last_name,
        u1_0.learning_goal,
        u1_0.native_language,
        u1_0.onboarding_completed,
        u1_0.parent_name,
        u1_0.parent_phone,
        u1_0.password,
        u1_0.phone,
        u1_0.preferred_accent,
        u1_0.preferred_voice,
        u1_0.reset_otp,
        u1_0.reset_otp_expiry,
        u1_0.reset_password_token,
        u1_0.reset_password_token_expiry,
        u1_0.role,
        u1_0.roll_number,
        u1_0.school_id,
        u1_0.school_name,
        u1_0.standard,
        u1_0.status,
        u1_0.updated_at,
        u1_0.user_type,
        u1_0.welcome_completed,
        u1_2.department,
        u1_2.designation,
        u1_2.employee_id,
        u1_2.experience,
        u1_2.joined_at,
        u1_2.qualification 
    from
        users u1_0 
    left join
        school_admins u1_1 
            on u1_0.id=u1_1.user_id 
    left join
        teachers u1_2 
            on u1_0.id=u1_2.id 
    where
        u1_0.email=?
Hibernate: 
    select
        u1_0.id,
        case 
            when u1_1.user_id is not null 
                then 1 
            when u1_2.id is not null 
                then 2 
            when u1_0.id is not null 
                then 0 
        end,
        u1_0.active,
        u1_0.age_group,
        u1_0.auth_provider,
        u1_0.avatar,
        u1_0.created_at,
        u1_0.daily_goal_minutes,
        u1_0.division,
        u1_0.email,
        u1_0.email_verification_token,
        u1_0.email_verified,
        u1_0.english_level,
        u1_0.expo_push_token,
        u1_0.first_name,
        u1_0.interests,
        u1_0.last_name,
        u1_0.learning_goal,
        u1_0.native_language,
        u1_0.onboarding_completed,
        u1_0.parent_name,
        u1_0.parent_phone,
        u1_0.password,
        u1_0.phone,
        u1_0.preferred_accent,
        u1_0.preferred_voice,
        u1_0.reset_otp,
        u1_0.reset_otp_expiry,
        u1_0.reset_password_token,
        u1_0.reset_password_token_expiry,
        u1_0.role,
        u1_0.roll_number,
        u1_0.school_id,
        u1_0.school_name,
        u1_0.standard,
        u1_0.status,
        u1_0.updated_at,
        u1_0.user_type,
        u1_0.welcome_completed,
        u1_2.department,
        u1_2.designation,
        u1_2.employee_id,
        u1_2.experience,
        u1_2.joined_at,
        u1_2.qualification 
    from
        users u1_0 
    left join
        school_admins u1_1 
            on u1_0.id=u1_1.user_id 
    left join
        teachers u1_2 
            on u1_0.id=u1_2.id 
    where
        u1_0.email=?
Hibernate: 
    select
        u1_0.id,
        case 
            when u1_1.user_id is not null 
                then 1 
            when u1_2.id is not null 
                then 2 
            when u1_0.id is not null 
                then 0 
        end,
        u1_0.active,
        u1_0.age_group,
        u1_0.auth_provider,
        u1_0.avatar,
        u1_0.created_at,
        u1_0.daily_goal_minutes,
        u1_0.division,
        u1_0.email,
        u1_0.email_verification_token,
        u1_0.email_verified,
        u1_0.english_level,
        u1_0.expo_push_token,
        u1_0.first_name,
        u1_0.interests,
        u1_0.last_name,
        u1_0.learning_goal,
        u1_0.native_language,
        u1_0.onboarding_completed,
        u1_0.parent_name,
        u1_0.parent_phone,
        u1_0.password,
        u1_0.phone,
        u1_0.preferred_accent,
        u1_0.preferred_voice,
        u1_0.reset_otp,
        u1_0.reset_otp_expiry,
        u1_0.reset_password_token,
        u1_0.reset_password_token_expiry,
        u1_0.role,
        u1_0.roll_number,
        u1_0.school_id,
        u1_0.school_name,
        u1_0.standard,
        u1_0.status,
        u1_0.updated_at,
        u1_0.user_type,
        u1_0.welcome_completed,
        u1_2.department,
        u1_2.designation,
        u1_2.employee_id,
        u1_2.experience,
        u1_2.joined_at,
        u1_2.qualification 
    from
        users u1_0 
    left join
        school_admins u1_1 
            on u1_0.id=u1_1.user_id 
    left join
        teachers u1_2 
            on u1_0.id=u1_2.id 
    where
        u1_0.school_id=? 
        and u1_0.role=?
Hibernate: 
    select
        s1_0.id,
        s1_0.active,
        s1_0.address,
        s1_0.contact_phone,
        s1_0.created_at,
        s1_0.name,
        s1_0.school_code,
        s1_0.school_name,
        s1_0.updated_at 
    from
        schools s1_0 
    where
        s1_0.id=?
2026-08-24T18:06:09.692+05:30  INFO 14684 --- [SpeakMateAI] [0.0-9091-exec-1] c.r.s.security.RequestLoggingFilter      : [REQUEST LOG] Incoming request: GET /api/v1/school/teachers
Hibernate: 
    select
        u1_0.id,
        case 
            when u1_1.user_id is not null 
                then 1 
            when u1_2.id is not null 
                then 2 
            when u1_0.id is not null 
                then 0 
        end,
        u1_0.active,
        u1_0.age_group,
        u1_0.auth_provider,
        u1_0.avatar,
        u1_0.created_at,
        u1_0.daily_goal_minutes,
        u1_0.division,
        u1_0.email,
        u1_0.email_verification_token,
        u1_0.email_verified,
        u1_0.english_level,
        u1_0.expo_push_token,
        u1_0.first_name,
        u1_0.interests,
        u1_0.last_name,
        u1_0.learning_goal,
        u1_0.native_language,
        u1_0.onboarding_completed,
        u1_0.parent_name,
        u1_0.parent_phone,
        u1_0.password,
        u1_0.phone,
        u1_0.preferred_accent,
        u1_0.preferred_voice,
        u1_0.reset_otp,
        u1_0.reset_otp_expiry,
        u1_0.reset_password_token,
        u1_0.reset_password_token_expiry,
        u1_0.role,
        u1_0.roll_number,
        u1_0.school_id,
        u1_0.school_name,
        u1_0.standard,
        u1_0.status,
        u1_0.updated_at,
        u1_0.user_type,
        u1_0.welcome_completed,
        u1_2.department,
        u1_2.designation,
        u1_2.employee_id,
        u1_2.experience,
        u1_2.joined_at,
        u1_2.qualification 
    from
        users u1_0 
    left join
        school_admins u1_1 
            on u1_0.id=u1_1.user_id 
    left join
        teachers u1_2 
            on u1_0.id=u1_2.id 
    where
        u1_0.email=?
2026-08-24T18:06:09.736+05:30  INFO 14684 --- [SpeakMateAI] [.0-9091-exec-10] c.r.s.security.RequestLoggingFilter      : [REQUEST LOG] Incoming request: GET /api/school/students
Hibernate: 
    select
        u1_0.id,
        case 
            when u1_1.user_id is not null 
                then 1 
            when u1_2.id is not null 
                then 2 
            when u1_0.id is not null 
                then 0 
        end,
        u1_0.active,
        u1_0.age_group,
        u1_0.auth_provider,
        u1_0.avatar,
        u1_0.created_at,
        u1_0.daily_goal_minutes,
        u1_0.division,
        u1_0.email,
        u1_0.email_verification_token,
        u1_0.email_verified,
        u1_0.english_level,
        u1_0.expo_push_token,
        u1_0.first_name,
        u1_0.interests,
        u1_0.last_name,
        u1_0.learning_goal,
        u1_0.native_language,
        u1_0.onboarding_completed,
        u1_0.parent_name,
        u1_0.parent_phone,
        u1_0.password,
        u1_0.phone,
        u1_0.preferred_accent,
        u1_0.preferred_voice,
        u1_0.reset_otp,
        u1_0.reset_otp_expiry,
        u1_0.reset_password_token,
        u1_0.reset_password_token_expiry,
        u1_0.role,
        u1_0.roll_number,
        u1_0.school_id,
        u1_0.school_name,
        u1_0.standard,
        u1_0.status,
        u1_0.updated_at,
        u1_0.user_type,
        u1_0.welcome_completed,
        u1_2.department,
        u1_2.designation,
        u1_2.employee_id,
        u1_2.experience,
        u1_2.joined_at,
        u1_2.qualification 
    from
        users u1_0 
    left join
        school_admins u1_1 
            on u1_0.id=u1_1.user_id 
    left join
        teachers u1_2 
            on u1_0.id=u1_2.id 
    where
        u1_0.email=?
Hibernate: 
    select
        u1_0.id,
        case 
            when u1_1.user_id is not null 
                then 1 
            when u1_2.id is not null 
                then 2 
            when u1_0.id is not null 
                then 0 
        end,
        u1_0.active,
        u1_0.age_group,
        u1_0.auth_provider,
        u1_0.avatar,
        u1_0.created_at,
        u1_0.daily_goal_minutes,
        u1_0.division,
        u1_0.email,
        u1_0.email_verification_token,
        u1_0.email_verified,
        u1_0.english_level,
        u1_0.expo_push_token,
        u1_0.first_name,
        u1_0.interests,
        u1_0.last_name,
        u1_0.learning_goal,
        u1_0.native_language,
        u1_0.onboarding_completed,
        u1_0.parent_name,
        u1_0.parent_phone,
        u1_0.password,
        u1_0.phone,
        u1_0.preferred_accent,
        u1_0.preferred_voice,
        u1_0.reset_otp,
        u1_0.reset_otp_expiry,
        u1_0.reset_password_token,
        u1_0.reset_password_token_expiry,
        u1_0.role,
        u1_0.roll_number,
        u1_0.school_id,
        u1_0.school_name,
        u1_0.standard,
        u1_0.status,
        u1_0.updated_at,
        u1_0.user_type,
        u1_0.welcome_completed,
        u1_2.department,
        u1_2.designation,
        u1_2.employee_id,
        u1_2.experience,
        u1_2.joined_at,
        u1_2.qualification 
    from
        users u1_0 
    left join
        school_admins u1_1 
            on u1_0.id=u1_1.user_id 
    left join
        teachers u1_2 
            on u1_0.id=u1_2.id 
    where
        u1_0.email=?
Hibernate: 
    select
        u1_0.id,
        case 
            when u1_1.user_id is not null 
                then 1 
            when u1_2.id is not null 
                then 2 
            when u1_0.id is not null 
                then 0 
        end,
        u1_0.active,
        u1_0.age_group,
        u1_0.auth_provider,
        u1_0.avatar,
        u1_0.created_at,
        u1_0.daily_goal_minutes,
        u1_0.division,
        u1_0.email,
        u1_0.email_verification_token,
        u1_0.email_verified,
        u1_0.english_level,
        u1_0.expo_push_token,
        u1_0.first_name,
        u1_0.interests,
        u1_0.last_name,
        u1_0.learning_goal,
        u1_0.native_language,
        u1_0.onboarding_completed,
        u1_0.parent_name,
        u1_0.parent_phone,
        u1_0.password,
        u1_0.phone,
        u1_0.preferred_accent,
        u1_0.preferred_voice,
        u1_0.reset_otp,
        u1_0.reset_otp_expiry,
        u1_0.reset_password_token,
        u1_0.reset_password_token_expiry,
        u1_0.role,
        u1_0.roll_number,
        u1_0.school_id,
        u1_0.school_name,
        u1_0.standard,
        u1_0.status,
        u1_0.updated_at,
        u1_0.user_type,
        u1_0.welcome_completed,
        u1_2.department,
        u1_2.designation,
        u1_2.employee_id,
        u1_2.experience,
        u1_2.joined_at,
        u1_2.qualification 
    from
        users u1_0 
    left join
        school_admins u1_1 
            on u1_0.id=u1_1.user_id 
    left join
        teachers u1_2 
            on u1_0.id=u1_2.id 
    where
        u1_0.school_id=? 
        and u1_0.role=?
Hibernate: 
    select
        s1_0.id,
        s1_0.active,
        s1_0.address,
        s1_0.contact_phone,
        s1_0.created_at,
        s1_0.name,
        s1_0.school_code,
        s1_0.school_name,
        s1_0.updated_at 
    from
        schools s1_0 
    where
        s1_0.id=?
Hibernate: 
    select
        u1_0.id,
        case 
            when u1_1.user_id is not null 
                then 1 
            when u1_2.id is not null 
                then 2 
            when u1_0.id is not null 
                then 0 
        end,
        u1_0.active,
        u1_0.age_group,
        u1_0.auth_provider,
        u1_0.avatar,
        u1_0.created_at,
        u1_0.daily_goal_minutes,
        u1_0.division,
        u1_0.email,
        u1_0.email_verification_token,
        u1_0.email_verified,
        u1_0.english_level,
        u1_0.expo_push_token,
        u1_0.first_name,
        u1_0.interests,
        u1_0.last_name,
        u1_0.learning_goal,
        u1_0.native_language,
        u1_0.onboarding_completed,
        u1_0.parent_name,
        u1_0.parent_phone,
        u1_0.password,
        u1_0.phone,
        u1_0.preferred_accent,
        u1_0.preferred_voice,
        u1_0.reset_otp,
        u1_0.reset_otp_expiry,
        u1_0.reset_password_token,
        u1_0.reset_password_token_expiry,
        u1_0.role,
        u1_0.roll_number,
        u1_0.school_id,
        u1_0.school_name,
        u1_0.standard,
        u1_0.status,
        u1_0.updated_at,
        u1_0.user_type,
        u1_0.welcome_completed,
        u1_2.department,
        u1_2.designation,
        u1_2.employee_id,
        u1_2.experience,
        u1_2.joined_at,
        u1_2.qualification 
    from
        users u1_0 
    left join
        school_admins u1_1 
            on u1_0.id=u1_1.user_id 
    left join
        teachers u1_2 
            on u1_0.id=u1_2.id 
    where
        u1_0.email=?
Hibernate: 
    select
        s1_0.id,
        s1_0.active,
        s1_0.age_group,
        s1_0.auth_provider,
        s1_0.avatar,
        s1_0.created_at,
        s1_0.daily_goal_minutes,
        s1_0.division,
        s1_0.email,
        s1_0.email_verification_token,
        s1_0.email_verified,
        s1_0.english_level,
        s1_0.expo_push_token,
        s1_0.first_name,
        s1_0.interests,
        s1_0.last_name,
        s1_0.learning_goal,
        s1_0.native_language,
        s1_0.onboarding_completed,
        s1_0.parent_name,
        s1_0.parent_phone,
        s1_0.password,
        s1_0.phone,
        s1_0.preferred_accent,
        s1_0.preferred_voice,
        s1_0.reset_otp,
        s1_0.reset_otp_expiry,
        s1_0.reset_password_token,
        s1_0.reset_password_token_expiry,
        s1_0.roll_number,
        s1_0.school_id,
        s1_0.school_name,
        s1_0.standard,
        s1_0.status,
        s1_0.updated_at,
        s1_0.welcome_completed 
    from
        students s1_0 
    where
        s1_0.school_id=?
Hibernate: 
    select
        s1_0.id,
        s1_0.ai_voice,
        s1_0.auto_play_audio,
        s1_0.created_at,
        s1_0.daily_reminder,
        s1_0.dark_mode,
        s1_0.language,
        s1_0.notifications_enabled,
        s1_0.sound_effects,
        s1_0.student_id,
        s1_0.two_factor_enabled,
        s1_0.updated_at,
        s1_0.user_id 
    from
        settings s1_0 
    where
        s1_0.student_id=?
Hibernate: 
    select
        s1_0.id,
        s1_0.ai_voice,
        s1_0.auto_play_audio,
        s1_0.created_at,
        s1_0.daily_reminder,
        s1_0.dark_mode,
        s1_0.language,
        s1_0.notifications_enabled,
        s1_0.sound_effects,
        s1_0.student_id,
        s1_0.two_factor_enabled,
        s1_0.updated_at,
        s1_0.user_id 
    from
        settings s1_0 
    where
        s1_0.student_id=?
Hibernate: 
    select
        s1_0.id,
        s1_0.ai_voice,
        s1_0.auto_play_audio,
        s1_0.created_at,
        s1_0.daily_reminder,
        s1_0.dark_mode,
        s1_0.language,
        s1_0.notifications_enabled,
        s1_0.sound_effects,
        s1_0.student_id,
        s1_0.two_factor_enabled,
        s1_0.updated_at,
        s1_0.user_id 
    from
        settings s1_0 
    where
        s1_0.student_id=?
Hibernate: 
    select
        s1_0.id,
        s1_0.ai_voice,
        s1_0.auto_play_audio,
        s1_0.created_at,
        s1_0.daily_reminder,
        s1_0.dark_mode,
        s1_0.language,
        s1_0.notifications_enabled,
        s1_0.sound_effects,
        s1_0.student_id,
        s1_0.two_factor_enabled,
        s1_0.updated_at,
        s1_0.user_id 
    from
        settings s1_0 
    where
        s1_0.student_id=?
Hibernate: 
    select
        s1_0.id,
        s1_0.ai_voice,
        s1_0.auto_play_audio,
        s1_0.created_at,
        s1_0.daily_reminder,
        s1_0.dark_mode,
        s1_0.language,
        s1_0.notifications_enabled,
        s1_0.sound_effects,
        s1_0.student_id,
        s1_0.two_factor_enabled,
        s1_0.updated_at,
        s1_0.user_id 
    from
        settings s1_0 
    where
        s1_0.student_id=?
2026-08-24T18:06:10.516+05:30  INFO 14684 --- [SpeakMateAI] [0.0-9091-exec-7] c.r.s.security.RequestLoggingFilter      : [REQUEST LOG] Incoming request: GET /api/school/students
Hibernate: 
    select
        u1_0.id,
        case 
            when u1_1.user_id is not null 
                then 1 
            when u1_2.id is not null 
                then 2 
            when u1_0.id is not null 
                then 0 
        end,
        u1_0.active,
        u1_0.age_group,
        u1_0.auth_provider,
        u1_0.avatar,
        u1_0.created_at,
        u1_0.daily_goal_minutes,
        u1_0.division,
        u1_0.email,
        u1_0.email_verification_token,
        u1_0.email_verified,
        u1_0.english_level,
        u1_0.expo_push_token,
        u1_0.first_name,
        u1_0.interests,
        u1_0.last_name,
        u1_0.learning_goal,
        u1_0.native_language,
        u1_0.onboarding_completed,
        u1_0.parent_name,
        u1_0.parent_phone,
        u1_0.password,
        u1_0.phone,
        u1_0.preferred_accent,
        u1_0.preferred_voice,
        u1_0.reset_otp,
        u1_0.reset_otp_expiry,
        u1_0.reset_password_token,
        u1_0.reset_password_token_expiry,
        u1_0.role,
        u1_0.roll_number,
        u1_0.school_id,
        u1_0.school_name,
        u1_0.standard,
        u1_0.status,
        u1_0.updated_at,
        u1_0.user_type,
        u1_0.welcome_completed,
        u1_2.department,
        u1_2.designation,
        u1_2.employee_id,
        u1_2.experience,
        u1_2.joined_at,
        u1_2.qualification 
    from
        users u1_0 
    left join
        school_admins u1_1 
            on u1_0.id=u1_1.user_id 
    left join
        teachers u1_2 
            on u1_0.id=u1_2.id 
    where
        u1_0.email=?
Hibernate: 
    select
        u1_0.id,
        case 
            when u1_1.user_id is not null 
                then 1 
            when u1_2.id is not null 
                then 2 
            when u1_0.id is not null 
                then 0 
        end,
        u1_0.active,
        u1_0.age_group,
        u1_0.auth_provider,
        u1_0.avatar,
        u1_0.created_at,
        u1_0.daily_goal_minutes,
        u1_0.division,
        u1_0.email,
        u1_0.email_verification_token,
        u1_0.email_verified,
        u1_0.english_level,
        u1_0.expo_push_token,
        u1_0.first_name,
        u1_0.interests,
        u1_0.last_name,
        u1_0.learning_goal,
        u1_0.native_language,
        u1_0.onboarding_completed,
        u1_0.parent_name,
        u1_0.parent_phone,
        u1_0.password,
        u1_0.phone,
        u1_0.preferred_accent,
        u1_0.preferred_voice,
        u1_0.reset_otp,
        u1_0.reset_otp_expiry,
        u1_0.reset_password_token,
        u1_0.reset_password_token_expiry,
        u1_0.role,
        u1_0.roll_number,
        u1_0.school_id,
        u1_0.school_name,
        u1_0.standard,
        u1_0.status,
        u1_0.updated_at,
        u1_0.user_type,
        u1_0.welcome_completed,
        u1_2.department,
        u1_2.designation,
        u1_2.employee_id,
        u1_2.experience,
        u1_2.joined_at,
        u1_2.qualification 
    from
        users u1_0 
    left join
        school_admins u1_1 
            on u1_0.id=u1_1.user_id 
    left join
        teachers u1_2 
            on u1_0.id=u1_2.id 
    where
        u1_0.email=?
Hibernate: 
    select
        s1_0.id,
        s1_0.active,
        s1_0.age_group,
        s1_0.auth_provider,
        s1_0.avatar,
        s1_0.created_at,
        s1_0.daily_goal_minutes,
        s1_0.division,
        s1_0.email,
        s1_0.email_verification_token,
        s1_0.email_verified,
        s1_0.english_level,
        s1_0.expo_push_token,
        s1_0.first_name,
        s1_0.interests,
        s1_0.last_name,
        s1_0.learning_goal,
        s1_0.native_language,
        s1_0.onboarding_completed,
        s1_0.parent_name,
        s1_0.parent_phone,
        s1_0.password,
        s1_0.phone,
        s1_0.preferred_accent,
        s1_0.preferred_voice,
        s1_0.reset_otp,
        s1_0.reset_otp_expiry,
        s1_0.reset_password_token,
        s1_0.reset_password_token_expiry,
        s1_0.roll_number,
        s1_0.school_id,
        s1_0.school_name,
        s1_0.standard,
        s1_0.status,
        s1_0.updated_at,
        s1_0.welcome_completed 
    from
        students s1_0 
    where
        s1_0.school_id=?
Hibernate: 
    select
        s1_0.id,
        s1_0.ai_voice,
        s1_0.auto_play_audio,
        s1_0.created_at,
        s1_0.daily_reminder,
        s1_0.dark_mode,
        s1_0.language,
        s1_0.notifications_enabled,
        s1_0.sound_effects,
        s1_0.student_id,
        s1_0.two_factor_enabled,
        s1_0.updated_at,
        s1_0.user_id 
    from
        settings s1_0 
    where
        s1_0.student_id=?
Hibernate: 
    select
        s1_0.id,
        s1_0.ai_voice,
        s1_0.auto_play_audio,
        s1_0.created_at,
        s1_0.daily_reminder,
        s1_0.dark_mode,
        s1_0.language,
        s1_0.notifications_enabled,
        s1_0.sound_effects,
        s1_0.student_id,
        s1_0.two_factor_enabled,
        s1_0.updated_at,
        s1_0.user_id 
    from
        settings s1_0 
    where
        s1_0.student_id=?
Hibernate: 
    select
        s1_0.id,
        s1_0.ai_voice,
        s1_0.auto_play_audio,
        s1_0.created_at,
        s1_0.daily_reminder,
        s1_0.dark_mode,
        s1_0.language,
        s1_0.notifications_enabled,
        s1_0.sound_effects,
        s1_0.student_id,
        s1_0.two_factor_enabled,
        s1_0.updated_at,
        s1_0.user_id 
    from
        settings s1_0 
    where
        s1_0.student_id=?
Hibernate: 
    select
        s1_0.id,
        s1_0.ai_voice,
        s1_0.auto_play_audio,
        s1_0.created_at,
        s1_0.daily_reminder,
        s1_0.dark_mode,
        s1_0.language,
        s1_0.notifications_enabled,
        s1_0.sound_effects,
        s1_0.student_id,
        s1_0.two_factor_enabled,
        s1_0.updated_at,
        s1_0.user_id 
    from
        settings s1_0 
    where
        s1_0.student_id=?
Hibernate: 
    select
        s1_0.id,
        s1_0.ai_voice,
        s1_0.auto_play_audio,
        s1_0.created_at,
        s1_0.daily_reminder,
        s1_0.dark_mode,
        s1_0.language,
        s1_0.notifications_enabled,
        s1_0.sound_effects,
        s1_0.student_id,
        s1_0.two_factor_enabled,
        s1_0.updated_at,
        s1_0.user_id 
    from
        settings s1_0 
    where
        s1_0.student_id=?
2026-08-24T18:06:11.238+05:30  INFO 14684 --- [SpeakMateAI] [0.0-9091-exec-5] c.r.s.security.RequestLoggingFilter      : [REQUEST LOG] Incoming request: GET /api/v1/school/teachers
2026-08-24T18:06:11.254+05:30  INFO 14684 --- [SpeakMateAI] [0.0-9091-exec-6] c.r.s.security.RequestLoggingFilter      : [REQUEST LOG] Incoming request: GET /api/v1/school/dashboard
Hibernate: 
    select
        u1_0.id,
        case 
            when u1_1.user_id is not null 
                then 1 
            when u1_2.id is not null 
                then 2 
            when u1_0.id is not null 
                then 0 
        end,
        u1_0.active,
        u1_0.age_group,
        u1_0.auth_provider,
        u1_0.avatar,
        u1_0.created_at,
        u1_0.daily_goal_minutes,
        u1_0.division,
        u1_0.email,
        u1_0.email_verification_token,
        u1_0.email_verified,
        u1_0.english_level,
        u1_0.expo_push_token,
        u1_0.first_name,
        u1_0.interests,
        u1_0.last_name,
        u1_0.learning_goal,
        u1_0.native_language,
        u1_0.onboarding_completed,
        u1_0.parent_name,
        u1_0.parent_phone,
        u1_0.password,
        u1_0.phone,
        u1_0.preferred_accent,
        u1_0.preferred_voice,
        u1_0.reset_otp,
        u1_0.reset_otp_expiry,
        u1_0.reset_password_token,
        u1_0.reset_password_token_expiry,
        u1_0.role,
        u1_0.roll_number,
        u1_0.school_id,
        u1_0.school_name,
        u1_0.standard,
        u1_0.status,
        u1_0.updated_at,
        u1_0.user_type,
        u1_0.welcome_completed,
        u1_2.department,
        u1_2.designation,
        u1_2.employee_id,
        u1_2.experience,
        u1_2.joined_at,
        u1_2.qualification 
    from
        users u1_0 
    left join
        school_admins u1_1 
            on u1_0.id=u1_1.user_id 
    left join
        teachers u1_2 
            on u1_0.id=u1_2.id 
    where
        u1_0.email=?
Hibernate: 
    select
        u1_0.id,
        case 
            when u1_1.user_id is not null 
                then 1 
            when u1_2.id is not null 
                then 2 
            when u1_0.id is not null 
                then 0 
        end,
        u1_0.active,
        u1_0.age_group,
        u1_0.auth_provider,
        u1_0.avatar,
        u1_0.created_at,
        u1_0.daily_goal_minutes,
        u1_0.division,
        u1_0.email,
        u1_0.email_verification_token,
        u1_0.email_verified,
        u1_0.english_level,
        u1_0.expo_push_token,
        u1_0.first_name,
        u1_0.interests,
        u1_0.last_name,
        u1_0.learning_goal,
        u1_0.native_language,
        u1_0.onboarding_completed,
        u1_0.parent_name,
        u1_0.parent_phone,
        u1_0.password,
        u1_0.phone,
        u1_0.preferred_accent,
        u1_0.preferred_voice,
        u1_0.reset_otp,
        u1_0.reset_otp_expiry,
        u1_0.reset_password_token,
        u1_0.reset_password_token_expiry,
        u1_0.role,
        u1_0.roll_number,
        u1_0.school_id,
        u1_0.school_name,
        u1_0.standard,
        u1_0.status,
        u1_0.updated_at,
        u1_0.user_type,
        u1_0.welcome_completed,
        u1_2.department,
        u1_2.designation,
        u1_2.employee_id,
        u1_2.experience,
        u1_2.joined_at,
        u1_2.qualification 
    from
        users u1_0 
    left join
        school_admins u1_1 
            on u1_0.id=u1_1.user_id 
    left join
        teachers u1_2 
            on u1_0.id=u1_2.id 
    where
        u1_0.email=?
Hibernate: 
    select
        u1_0.id,
        case 
            when u1_1.user_id is not null 
                then 1 
            when u1_2.id is not null 
                then 2 
            when u1_0.id is not null 
                then 0 
        end,
        u1_0.active,
        u1_0.age_group,
        u1_0.auth_provider,
        u1_0.avatar,
        u1_0.created_at,
        u1_0.daily_goal_minutes,
        u1_0.division,
        u1_0.email,
        u1_0.email_verification_token,
        u1_0.email_verified,
        u1_0.english_level,
        u1_0.expo_push_token,
        u1_0.first_name,
        u1_0.interests,
        u1_0.last_name,
        u1_0.learning_goal,
        u1_0.native_language,
        u1_0.onboarding_completed,
        u1_0.parent_name,
        u1_0.parent_phone,
        u1_0.password,
        u1_0.phone,
        u1_0.preferred_accent,
        u1_0.preferred_voice,
        u1_0.reset_otp,
        u1_0.reset_otp_expiry,
        u1_0.reset_password_token,
        u1_0.reset_password_token_expiry,
        u1_0.role,
        u1_0.roll_number,
        u1_0.school_id,
        u1_0.school_name,
        u1_0.standard,
        u1_0.status,
        u1_0.updated_at,
        u1_0.user_type,
        u1_0.welcome_completed,
        u1_2.department,
        u1_2.designation,
        u1_2.employee_id,
        u1_2.experience,
        u1_2.joined_at,
        u1_2.qualification 
    from
        users u1_0 
    left join
        school_admins u1_1 
            on u1_0.id=u1_1.user_id 
    left join
        teachers u1_2 
            on u1_0.id=u1_2.id 
    where
        u1_0.email=?
Hibernate: 
    select
        u1_0.id,
        case 
            when u1_1.user_id is not null 
                then 1 
            when u1_2.id is not null 
                then 2 
            when u1_0.id is not null 
                then 0 
        end,
        u1_0.active,
        u1_0.age_group,
        u1_0.auth_provider,
        u1_0.avatar,
        u1_0.created_at,
        u1_0.daily_goal_minutes,
        u1_0.division,
        u1_0.email,
        u1_0.email_verification_token,
        u1_0.email_verified,
        u1_0.english_level,
        u1_0.expo_push_token,
        u1_0.first_name,
        u1_0.interests,
        u1_0.last_name,
        u1_0.learning_goal,
        u1_0.native_language,
        u1_0.onboarding_completed,
        u1_0.parent_name,
        u1_0.parent_phone,
        u1_0.password,
        u1_0.phone,
        u1_0.preferred_accent,
        u1_0.preferred_voice,
        u1_0.reset_otp,
        u1_0.reset_otp_expiry,
        u1_0.reset_password_token,
        u1_0.reset_password_token_expiry,
        u1_0.role,
        u1_0.roll_number,
        u1_0.school_id,
        u1_0.school_name,
        u1_0.standard,
        u1_0.status,
        u1_0.updated_at,
        u1_0.user_type,
        u1_0.welcome_completed,
        u1_2.department,
        u1_2.designation,
        u1_2.employee_id,
        u1_2.experience,
        u1_2.joined_at,
        u1_2.qualification 
    from
        users u1_0 
    left join
        school_admins u1_1 
            on u1_0.id=u1_1.user_id 
    left join
        teachers u1_2 
            on u1_0.id=u1_2.id 
    where
        u1_0.email=?
Hibernate: 
    select
        u1_0.id,
        case 
            when u1_1.user_id is not null 
                then 1 
            when u1_2.id is not null 
                then 2 
            when u1_0.id is not null 
                then 0 
        end,
        u1_0.active,
        u1_0.age_group,
        u1_0.auth_provider,
        u1_0.avatar,
        u1_0.created_at,
        u1_0.daily_goal_minutes,
        u1_0.division,
        u1_0.email,
        u1_0.email_verification_token,
        u1_0.email_verified,
        u1_0.english_level,
        u1_0.expo_push_token,
        u1_0.first_name,
        u1_0.interests,
        u1_0.last_name,
        u1_0.learning_goal,
        u1_0.native_language,
        u1_0.onboarding_completed,
        u1_0.parent_name,
        u1_0.parent_phone,
        u1_0.password,
        u1_0.phone,
        u1_0.preferred_accent,
        u1_0.preferred_voice,
        u1_0.reset_otp,
        u1_0.reset_otp_expiry,
        u1_0.reset_password_token,
        u1_0.reset_password_token_expiry,
        u1_0.role,
        u1_0.roll_number,
        u1_0.school_id,
        u1_0.school_name,
        u1_0.standard,
        u1_0.status,
        u1_0.updated_at,
        u1_0.user_type,
        u1_0.welcome_completed,
        u1_2.department,
        u1_2.designation,
        u1_2.employee_id,
        u1_2.experience,
        u1_2.joined_at,
        u1_2.qualification 
    from
        users u1_0 
    left join
        school_admins u1_1 
            on u1_0.id=u1_1.user_id 
    left join
        teachers u1_2 
            on u1_0.id=u1_2.id 
    where
        u1_0.school_id=? 
        and u1_0.role=?
Hibernate: 
    select
        s1_0.id,
        s1_0.active,
        s1_0.age_group,
        s1_0.auth_provider,
        s1_0.avatar,
        s1_0.created_at,
        s1_0.daily_goal_minutes,
        s1_0.division,
        s1_0.email,
        s1_0.email_verification_token,
        s1_0.email_verified,
        s1_0.english_level,
        s1_0.expo_push_token,
        s1_0.first_name,
        s1_0.interests,
        s1_0.last_name,
        s1_0.learning_goal,
        s1_0.native_language,
        s1_0.onboarding_completed,
        s1_0.parent_name,
        s1_0.parent_phone,
        s1_0.password,
        s1_0.phone,
        s1_0.preferred_accent,
        s1_0.preferred_voice,
        s1_0.reset_otp,
        s1_0.reset_otp_expiry,
        s1_0.reset_password_token,
        s1_0.reset_password_token_expiry,
        s1_0.roll_number,
        s1_0.school_id,
        s1_0.school_name,
        s1_0.standard,
        s1_0.status,
        s1_0.updated_at,
        s1_0.welcome_completed 
    from
        students s1_0 
    where
        s1_0.school_id=?
Hibernate: 
    select
        s1_0.id,
        s1_0.active,
        s1_0.address,
        s1_0.contact_phone,
        s1_0.created_at,
        s1_0.name,
        s1_0.school_code,
        s1_0.school_name,
        s1_0.updated_at 
    from
        schools s1_0 
    where
        s1_0.id=?
2026-08-24T18:06:11.525+05:30  INFO 14684 --- [SpeakMateAI] [0.0-9091-exec-4] c.r.s.security.RequestLoggingFilter      : [REQUEST LOG] Incoming request: GET /api/school/students
Hibernate: 
    select
        u1_0.id,
        case 
            when u1_1.user_id is not null 
                then 1 
            when u1_2.id is not null 
                then 2 
            when u1_0.id is not null 
                then 0 
        end,
        u1_0.active,
        u1_0.age_group,
        u1_0.auth_provider,
        u1_0.avatar,
        u1_0.created_at,
        u1_0.daily_goal_minutes,
        u1_0.division,
        u1_0.email,
        u1_0.email_verification_token,
        u1_0.email_verified,
        u1_0.english_level,
        u1_0.expo_push_token,
        u1_0.first_name,
        u1_0.interests,
        u1_0.last_name,
        u1_0.learning_goal,
        u1_0.native_language,
        u1_0.onboarding_completed,
        u1_0.parent_name,
        u1_0.parent_phone,
        u1_0.password,
        u1_0.phone,
        u1_0.preferred_accent,
        u1_0.preferred_voice,
        u1_0.reset_otp,
        u1_0.reset_otp_expiry,
        u1_0.reset_password_token,
        u1_0.reset_password_token_expiry,
        u1_0.role,
        u1_0.roll_number,
        u1_0.school_id,
        u1_0.school_name,
        u1_0.standard,
        u1_0.status,
        u1_0.updated_at,
        u1_0.user_type,
        u1_0.welcome_completed,
        u1_2.department,
        u1_2.designation,
        u1_2.employee_id,
        u1_2.experience,
        u1_2.joined_at,
        u1_2.qualification 
    from
        users u1_0 
    left join
        school_admins u1_1 
            on u1_0.id=u1_1.user_id 
    left join
        teachers u1_2 
            on u1_0.id=u1_2.id 
    where
        u1_0.email=?
Hibernate: 
    select
        s1_0.id,
        s1_0.ai_voice,
        s1_0.auto_play_audio,
        s1_0.created_at,
        s1_0.daily_reminder,
        s1_0.dark_mode,
        s1_0.language,
        s1_0.notifications_enabled,
        s1_0.sound_effects,
        s1_0.student_id,
        s1_0.two_factor_enabled,
        s1_0.updated_at,
        s1_0.user_id 
    from
        settings s1_0 
    where
        s1_0.student_id=?
Hibernate: 
    select
        s1_0.id,
        s1_0.ai_voice,
        s1_0.auto_play_audio,
        s1_0.created_at,
        s1_0.daily_reminder,
        s1_0.dark_mode,
        s1_0.language,
        s1_0.notifications_enabled,
        s1_0.sound_effects,
        s1_0.student_id,
        s1_0.two_factor_enabled,
        s1_0.updated_at,
        s1_0.user_id 
    from
        settings s1_0 
    where
        s1_0.student_id=?
Hibernate: 
    select
        s1_0.id,
        s1_0.ai_voice,
        s1_0.auto_play_audio,
        s1_0.created_at,
        s1_0.daily_reminder,
        s1_0.dark_mode,
        s1_0.language,
        s1_0.notifications_enabled,
        s1_0.sound_effects,
        s1_0.student_id,
        s1_0.two_factor_enabled,
        s1_0.updated_at,
        s1_0.user_id 
    from
        settings s1_0 
    where
        s1_0.student_id=?
2026-08-24T18:06:11.672+05:30  INFO 14684 --- [SpeakMateAI] [0.0-9091-exec-2] c.r.s.security.RequestLoggingFilter      : [REQUEST LOG] Incoming request: GET /api/v1/school/teachers
Hibernate: 
    select
        u1_0.id,
        case 
            when u1_1.user_id is not null 
                then 1 
            when u1_2.id is not null 
                then 2 
            when u1_0.id is not null 
                then 0 
        end,
        u1_0.active,
        u1_0.age_group,
        u1_0.auth_provider,
        u1_0.avatar,
        u1_0.created_at,
        u1_0.daily_goal_minutes,
        u1_0.division,
        u1_0.email,
        u1_0.email_verification_token,
        u1_0.email_verified,
        u1_0.english_level,
        u1_0.expo_push_token,
        u1_0.first_name,
        u1_0.interests,
        u1_0.last_name,
        u1_0.learning_goal,
        u1_0.native_language,
        u1_0.onboarding_completed,
        u1_0.parent_name,
        u1_0.parent_phone,
        u1_0.password,
        u1_0.phone,
        u1_0.preferred_accent,
        u1_0.preferred_voice,
        u1_0.reset_otp,
        u1_0.reset_otp_expiry,
        u1_0.reset_password_token,
        u1_0.reset_password_token_expiry,
        u1_0.role,
        u1_0.roll_number,
        u1_0.school_id,
        u1_0.school_name,
        u1_0.standard,
        u1_0.status,
        u1_0.updated_at,
        u1_0.user_type,
        u1_0.welcome_completed,
        u1_2.department,
        u1_2.designation,
        u1_2.employee_id,
        u1_2.experience,
        u1_2.joined_at,
        u1_2.qualification 
    from
        users u1_0 
    left join
        school_admins u1_1 
            on u1_0.id=u1_1.user_id 
    left join
        teachers u1_2 
            on u1_0.id=u1_2.id 
    where
        u1_0.email=?
Hibernate: 
    select
        u1_0.id,
        case 
            when u1_1.user_id is not null 
                then 1 
            when u1_2.id is not null 
                then 2 
            when u1_0.id is not null 
                then 0 
        end,
        u1_0.active,
        u1_0.age_group,
        u1_0.auth_provider,
        u1_0.avatar,
        u1_0.created_at,
        u1_0.daily_goal_minutes,
        u1_0.division,
        u1_0.email,
        u1_0.email_verification_token,
        u1_0.email_verified,
        u1_0.english_level,
        u1_0.expo_push_token,
        u1_0.first_name,
        u1_0.interests,
        u1_0.last_name,
        u1_0.learning_goal,
        u1_0.native_language,
        u1_0.onboarding_completed,
        u1_0.parent_name,
        u1_0.parent_phone,
        u1_0.password,
        u1_0.phone,
        u1_0.preferred_accent,
        u1_0.preferred_voice,
        u1_0.reset_otp,
        u1_0.reset_otp_expiry,
        u1_0.reset_password_token,
        u1_0.reset_password_token_expiry,
        u1_0.role,
        u1_0.roll_number,
        u1_0.school_id,
        u1_0.school_name,
        u1_0.standard,
        u1_0.status,
        u1_0.updated_at,
        u1_0.user_type,
        u1_0.welcome_completed,
        u1_2.department,
        u1_2.designation,
        u1_2.employee_id,
        u1_2.experience,
        u1_2.joined_at,
        u1_2.qualification 
    from
        users u1_0 
    left join
        school_admins u1_1 
            on u1_0.id=u1_1.user_id 
    left join
        teachers u1_2 
            on u1_0.id=u1_2.id 
    where
        u1_0.email=?
Hibernate: 
    select
        s1_0.id,
        s1_0.ai_voice,
        s1_0.auto_play_audio,
        s1_0.created_at,
        s1_0.daily_reminder,
        s1_0.dark_mode,
        s1_0.language,
        s1_0.notifications_enabled,
        s1_0.sound_effects,
        s1_0.student_id,
        s1_0.two_factor_enabled,
        s1_0.updated_at,
        s1_0.user_id 
    from
        settings s1_0 
    where
        s1_0.student_id=?
Hibernate: 
    select
        u1_0.id,
        case 
            when u1_1.user_id is not null 
                then 1 
            when u1_2.id is not null 
                then 2 
            when u1_0.id is not null 
                then 0 
        end,
        u1_0.active,
        u1_0.age_group,
        u1_0.auth_provider,
        u1_0.avatar,
        u1_0.created_at,
        u1_0.daily_goal_minutes,
        u1_0.division,
        u1_0.email,
        u1_0.email_verification_token,
        u1_0.email_verified,
        u1_0.english_level,
        u1_0.expo_push_token,
        u1_0.first_name,
        u1_0.interests,
        u1_0.last_name,
        u1_0.learning_goal,
        u1_0.native_language,
        u1_0.onboarding_completed,
        u1_0.parent_name,
        u1_0.parent_phone,
        u1_0.password,
        u1_0.phone,
        u1_0.preferred_accent,
        u1_0.preferred_voice,
        u1_0.reset_otp,
        u1_0.reset_otp_expiry,
        u1_0.reset_password_token,
        u1_0.reset_password_token_expiry,
        u1_0.role,
        u1_0.roll_number,
        u1_0.school_id,
        u1_0.school_name,
        u1_0.standard,
        u1_0.status,
        u1_0.updated_at,
        u1_0.user_type,
        u1_0.welcome_completed,
        u1_2.department,
        u1_2.designation,
        u1_2.employee_id,
        u1_2.experience,
        u1_2.joined_at,
        u1_2.qualification 
    from
        users u1_0 
    left join
        school_admins u1_1 
            on u1_0.id=u1_1.user_id 
    left join
        teachers u1_2 
            on u1_0.id=u1_2.id 
    where
        u1_0.email=?
Hibernate: 
    select
        s1_0.id,
        s1_0.ai_voice,
        s1_0.auto_play_audio,
        s1_0.created_at,
        s1_0.daily_reminder,
        s1_0.dark_mode,
        s1_0.language,
        s1_0.notifications_enabled,
        s1_0.sound_effects,
        s1_0.student_id,
        s1_0.two_factor_enabled,
        s1_0.updated_at,
        s1_0.user_id 
    from
        settings s1_0 
    where
        s1_0.student_id=?
Hibernate: 
    select
        s1_0.id,
        s1_0.active,
        s1_0.age_group,
        s1_0.auth_provider,
        s1_0.avatar,
        s1_0.created_at,
        s1_0.daily_goal_minutes,
        s1_0.division,
        s1_0.email,
        s1_0.email_verification_token,
        s1_0.email_verified,
        s1_0.english_level,
        s1_0.expo_push_token,
        s1_0.first_name,
        s1_0.interests,
        s1_0.last_name,
        s1_0.learning_goal,
        s1_0.native_language,
        s1_0.onboarding_completed,
        s1_0.parent_name,
        s1_0.parent_phone,
        s1_0.password,
        s1_0.phone,
        s1_0.preferred_accent,
        s1_0.preferred_voice,
        s1_0.reset_otp,
        s1_0.reset_otp_expiry,
        s1_0.reset_password_token,
        s1_0.reset_password_token_expiry,
        s1_0.roll_number,
        s1_0.school_id,
        s1_0.school_name,
        s1_0.standard,
        s1_0.status,
        s1_0.updated_at,
        s1_0.welcome_completed 
    from
        students s1_0 
    where
        s1_0.school_id=?
Hibernate: 
    select
        u1_0.id,
        case 
            when u1_1.user_id is not null 
                then 1 
            when u1_2.id is not null 
                then 2 
            when u1_0.id is not null 
                then 0 
        end,
        u1_0.active,
        u1_0.age_group,
        u1_0.auth_provider,
        u1_0.avatar,
        u1_0.created_at,
        u1_0.daily_goal_minutes,
        u1_0.division,
        u1_0.email,
        u1_0.email_verification_token,
        u1_0.email_verified,
        u1_0.english_level,
        u1_0.expo_push_token,
        u1_0.first_name,
        u1_0.interests,
        u1_0.last_name,
        u1_0.learning_goal,
        u1_0.native_language,
        u1_0.onboarding_completed,
        u1_0.parent_name,
        u1_0.parent_phone,
        u1_0.password,
        u1_0.phone,
        u1_0.preferred_accent,
        u1_0.preferred_voice,
        u1_0.reset_otp,
        u1_0.reset_otp_expiry,
        u1_0.reset_password_token,
        u1_0.reset_password_token_expiry,
        u1_0.role,
        u1_0.roll_number,
        u1_0.school_id,
        u1_0.school_name,
        u1_0.standard,
        u1_0.status,
        u1_0.updated_at,
        u1_0.user_type,
        u1_0.welcome_completed,
        u1_2.department,
        u1_2.designation,
        u1_2.employee_id,
        u1_2.experience,
        u1_2.joined_at,
        u1_2.qualification 
    from
        users u1_0 
    left join
        school_admins u1_1 
            on u1_0.id=u1_1.user_id 
    left join
        teachers u1_2 
            on u1_0.id=u1_2.id 
    where
        u1_0.school_id=? 
        and u1_0.role=?
Hibernate: 
    select
        u1_0.id,
        case 
            when u1_1.user_id is not null 
                then 1 
            when u1_2.id is not null 
                then 2 
            when u1_0.id is not null 
                then 0 
        end,
        u1_0.active,
        u1_0.age_group,
        u1_0.auth_provider,
        u1_0.avatar,
        u1_0.created_at,
        u1_0.daily_goal_minutes,
        u1_0.division,
        u1_0.email,
        u1_0.email_verification_token,
        u1_0.email_verified,
        u1_0.english_level,
        u1_0.expo_push_token,
        u1_0.first_name,
        u1_0.interests,
        u1_0.last_name,
        u1_0.learning_goal,
        u1_0.native_language,
        u1_0.onboarding_completed,
        u1_0.parent_name,
        u1_0.parent_phone,
        u1_0.password,
        u1_0.phone,
        u1_0.preferred_accent,
        u1_0.preferred_voice,
        u1_0.reset_otp,
        u1_0.reset_otp_expiry,
        u1_0.reset_password_token,
        u1_0.reset_password_token_expiry,
        u1_0.role,
        u1_0.roll_number,
        u1_0.school_id,
        u1_0.school_name,
        u1_0.standard,
        u1_0.status,
        u1_0.updated_at,
        u1_0.user_type,
        u1_0.welcome_completed,
        u1_2.department,
        u1_2.designation,
        u1_2.employee_id,
        u1_2.experience,
        u1_2.joined_at,
        u1_2.qualification 
    from
        users u1_0 
    left join
        school_admins u1_1 
            on u1_0.id=u1_1.user_id 
    left join
        teachers u1_2 
            on u1_0.id=u1_2.id 
    where
        u1_0.school_id=? 
        and u1_0.role=?
Hibernate: 
    select
        s1_0.id,
        s1_0.ai_voice,
        s1_0.auto_play_audio,
        s1_0.created_at,
        s1_0.daily_reminder,
        s1_0.dark_mode,
        s1_0.language,
        s1_0.notifications_enabled,
        s1_0.sound_effects,
        s1_0.student_id,
        s1_0.two_factor_enabled,
        s1_0.updated_at,
        s1_0.user_id 
    from
        settings s1_0 
    where
        s1_0.student_id=?
Hibernate: 
    select
        cr1_0.id,
        cr1_0.academic_year,
        cr1_0.created_at,
        cr1_0.grade,
        cr1_0.name,
        cr1_0.school_id,
        cr1_0.status,
        cr1_0.teacher_id,
        cr1_0.updated_at 
    from
        class_rooms cr1_0 
    where
        cr1_0.school_id=?
Hibernate: 
    select
        s1_0.id,
        s1_0.active,
        s1_0.address,
        s1_0.contact_phone,
        s1_0.created_at,
        s1_0.name,
        s1_0.school_code,
        s1_0.school_name,
        s1_0.updated_at 
    from
        schools s1_0 
    where
        s1_0.id=?
Hibernate: 
    select
        r1_0.id,
        r1_0.active,
        r1_0.created_at,
        r1_0.marks_obtained,
        r1_0.status,
        r1_0.student_id,
        r1_0.submitted_at,
        r1_0.test_title,
        r1_0.total_marks,
        r1_0.updated_at 
    from
        results r1_0 
    join
        users s1_0 
            on s1_0.id=r1_0.student_id 
    where
        s1_0.school_id=? 
        and r1_0.active
Hibernate: 
    select
        s1_0.id,
        s1_0.ai_voice,
        s1_0.auto_play_audio,
        s1_0.created_at,
        s1_0.daily_reminder,
        s1_0.dark_mode,
        s1_0.language,
        s1_0.notifications_enabled,
        s1_0.sound_effects,
        s1_0.student_id,
        s1_0.two_factor_enabled,
        s1_0.updated_at,
        s1_0.user_id 
    from
        settings s1_0 
    where
        s1_0.student_id=?
Hibernate: 
    select
        count(lp1_0.id) 
    from
        lesson_progress lp1_0 
    join
        students s1_0 
            on s1_0.id=lp1_0.user_id 
    where
        s1_0.school_id=? 
        and lp1_0.completed=true
Hibernate: 
    select
        s1_0.id,
        s1_0.ai_voice,
        s1_0.auto_play_audio,
        s1_0.created_at,
        s1_0.daily_reminder,
        s1_0.dark_mode,
        s1_0.language,
        s1_0.notifications_enabled,
        s1_0.sound_effects,
        s1_0.student_id,
        s1_0.two_factor_enabled,
        s1_0.updated_at,
        s1_0.user_id 
    from
        settings s1_0 
    where
        s1_0.student_id=?
Hibernate: 
    select
        s1_0.id,
        s1_0.active,
        s1_0.address,
        s1_0.contact_phone,
        s1_0.created_at,
        s1_0.name,
        s1_0.school_code,
        s1_0.school_name,
        s1_0.updated_at 
    from
        schools s1_0 
    where
        s1_0.id=?
Hibernate: 
    select
        s1_0.id,
        s1_0.ai_voice,
        s1_0.auto_play_audio,
        s1_0.created_at,
        s1_0.daily_reminder,
        s1_0.dark_mode,
        s1_0.language,
        s1_0.notifications_enabled,
        s1_0.sound_effects,
        s1_0.student_id,
        s1_0.two_factor_enabled,
        s1_0.updated_at,
        s1_0.user_id 
    from
        settings s1_0 
    where
        s1_0.student_id=?
2026-08-24T18:06:12.221+05:30  INFO 14684 --- [SpeakMateAI] [0.0-9091-exec-9] c.r.s.security.RequestLoggingFilter      : [REQUEST LOG] Incoming request: GET /api/v1/school/dashboard
Hibernate: 
    select
        u1_0.id,
        case 
            when u1_1.user_id is not null 
                then 1 
            when u1_2.id is not null 
                then 2 
            when u1_0.id is not null 
                then 0 
        end,
        u1_0.active,
        u1_0.age_group,
        u1_0.auth_provider,
        u1_0.avatar,
        u1_0.created_at,
        u1_0.daily_goal_minutes,
        u1_0.division,
        u1_0.email,
        u1_0.email_verification_token,
        u1_0.email_verified,
        u1_0.english_level,
        u1_0.expo_push_token,
        u1_0.first_name,
        u1_0.interests,
        u1_0.last_name,
        u1_0.learning_goal,
        u1_0.native_language,
        u1_0.onboarding_completed,
        u1_0.parent_name,
        u1_0.parent_phone,
        u1_0.password,
        u1_0.phone,
        u1_0.preferred_accent,
        u1_0.preferred_voice,
        u1_0.reset_otp,
        u1_0.reset_otp_expiry,
        u1_0.reset_password_token,
        u1_0.reset_password_token_expiry,
        u1_0.role,
        u1_0.roll_number,
        u1_0.school_id,
        u1_0.school_name,
        u1_0.standard,
        u1_0.status,
        u1_0.updated_at,
        u1_0.user_type,
        u1_0.welcome_completed,
        u1_2.department,
        u1_2.designation,
        u1_2.employee_id,
        u1_2.experience,
        u1_2.joined_at,
        u1_2.qualification 
    from
        users u1_0 
    left join
        school_admins u1_1 
            on u1_0.id=u1_1.user_id 
    left join
        teachers u1_2 
            on u1_0.id=u1_2.id 
    where
        u1_0.email=?
Hibernate: 
    select
        s1_0.id,
        s1_0.ai_voice,
        s1_0.auto_play_audio,
        s1_0.created_at,
        s1_0.daily_reminder,
        s1_0.dark_mode,
        s1_0.language,
        s1_0.notifications_enabled,
        s1_0.sound_effects,
        s1_0.student_id,
        s1_0.two_factor_enabled,
        s1_0.updated_at,
        s1_0.user_id 
    from
        settings s1_0 
    where
        s1_0.student_id=?
Hibernate: 
    select
        u1_0.id,
        case 
            when u1_1.user_id is not null 
                then 1 
            when u1_2.id is not null 
                then 2 
            when u1_0.id is not null 
                then 0 
        end,
        u1_0.active,
        u1_0.age_group,
        u1_0.auth_provider,
        u1_0.avatar,
        u1_0.created_at,
        u1_0.daily_goal_minutes,
        u1_0.division,
        u1_0.email,
        u1_0.email_verification_token,
        u1_0.email_verified,
        u1_0.english_level,
        u1_0.expo_push_token,
        u1_0.first_name,
        u1_0.interests,
        u1_0.last_name,
        u1_0.learning_goal,
        u1_0.native_language,
        u1_0.onboarding_completed,
        u1_0.parent_name,
        u1_0.parent_phone,
        u1_0.password,
        u1_0.phone,
        u1_0.preferred_accent,
        u1_0.preferred_voice,
        u1_0.reset_otp,
        u1_0.reset_otp_expiry,
        u1_0.reset_password_token,
        u1_0.reset_password_token_expiry,
        u1_0.role,
        u1_0.roll_number,
        u1_0.school_id,
        u1_0.school_name,
        u1_0.standard,
        u1_0.status,
        u1_0.updated_at,
        u1_0.user_type,
        u1_0.welcome_completed,
        u1_2.department,
        u1_2.designation,
        u1_2.employee_id,
        u1_2.experience,
        u1_2.joined_at,
        u1_2.qualification 
    from
        users u1_0 
    left join
        school_admins u1_1 
            on u1_0.id=u1_1.user_id 
    left join
        teachers u1_2 
            on u1_0.id=u1_2.id 
    where
        u1_0.email=?
Hibernate: 
    select
        s1_0.id,
        s1_0.active,
        s1_0.age_group,
        s1_0.auth_provider,
        s1_0.avatar,
        s1_0.created_at,
        s1_0.daily_goal_minutes,
        s1_0.division,
        s1_0.email,
        s1_0.email_verification_token,
        s1_0.email_verified,
        s1_0.english_level,
        s1_0.expo_push_token,
        s1_0.first_name,
        s1_0.interests,
        s1_0.last_name,
        s1_0.learning_goal,
        s1_0.native_language,
        s1_0.onboarding_completed,
        s1_0.parent_name,
        s1_0.parent_phone,
        s1_0.password,
        s1_0.phone,
        s1_0.preferred_accent,
        s1_0.preferred_voice,
        s1_0.reset_otp,
        s1_0.reset_otp_expiry,
        s1_0.reset_password_token,
        s1_0.reset_password_token_expiry,
        s1_0.roll_number,
        s1_0.school_id,
        s1_0.school_name,
        s1_0.standard,
        s1_0.status,
        s1_0.updated_at,
        s1_0.welcome_completed 
    from
        students s1_0 
    where
        s1_0.school_id=?
2026-08-24T18:06:12.429+05:30  INFO 14684 --- [SpeakMateAI] [0.0-9091-exec-1] c.r.s.security.RequestLoggingFilter      : [REQUEST LOG] Incoming request: GET /api/school/students
Hibernate: 
    select
        s1_0.id,
        s1_0.ai_voice,
        s1_0.auto_play_audio,
        s1_0.created_at,
        s1_0.daily_reminder,
        s1_0.dark_mode,
        s1_0.language,
        s1_0.notifications_enabled,
        s1_0.sound_effects,
        s1_0.student_id,
        s1_0.two_factor_enabled,
        s1_0.updated_at,
        s1_0.user_id 
    from
        settings s1_0 
    where
        s1_0.student_id=?
Hibernate: 
    select
        u1_0.id,
        case 
            when u1_1.user_id is not null 
                then 1 
            when u1_2.id is not null 
                then 2 
            when u1_0.id is not null 
                then 0 
        end,
        u1_0.active,
        u1_0.age_group,
        u1_0.auth_provider,
        u1_0.avatar,
        u1_0.created_at,
        u1_0.daily_goal_minutes,
        u1_0.division,
        u1_0.email,
        u1_0.email_verification_token,
        u1_0.email_verified,
        u1_0.english_level,
        u1_0.expo_push_token,
        u1_0.first_name,
        u1_0.interests,
        u1_0.last_name,
        u1_0.learning_goal,
        u1_0.native_language,
        u1_0.onboarding_completed,
        u1_0.parent_name,
        u1_0.parent_phone,
        u1_0.password,
        u1_0.phone,
        u1_0.preferred_accent,
        u1_0.preferred_voice,
        u1_0.reset_otp,
        u1_0.reset_otp_expiry,
        u1_0.reset_password_token,
        u1_0.reset_password_token_expiry,
        u1_0.role,
        u1_0.roll_number,
        u1_0.school_id,
        u1_0.school_name,
        u1_0.standard,
        u1_0.status,
        u1_0.updated_at,
        u1_0.user_type,
        u1_0.welcome_completed,
        u1_2.department,
        u1_2.designation,
        u1_2.employee_id,
        u1_2.experience,
        u1_2.joined_at,
        u1_2.qualification 
    from
        users u1_0 
    left join
        school_admins u1_1 
            on u1_0.id=u1_1.user_id 
    left join
        teachers u1_2 
            on u1_0.id=u1_2.id 
    where
        u1_0.email=?
Hibernate: 
    select
        s1_0.id,
        s1_0.ai_voice,
        s1_0.auto_play_audio,
        s1_0.created_at,
        s1_0.daily_reminder,
        s1_0.dark_mode,
        s1_0.language,
        s1_0.notifications_enabled,
        s1_0.sound_effects,
        s1_0.student_id,
        s1_0.two_factor_enabled,
        s1_0.updated_at,
        s1_0.user_id 
    from
        settings s1_0 
    where
        s1_0.student_id=?
Hibernate: 
    select
        u1_0.id,
        case 
            when u1_1.user_id is not null 
                then 1 
            when u1_2.id is not null 
                then 2 
            when u1_0.id is not null 
                then 0 
        end,
        u1_0.active,
        u1_0.age_group,
        u1_0.auth_provider,
        u1_0.avatar,
        u1_0.created_at,
        u1_0.daily_goal_minutes,
        u1_0.division,
        u1_0.email,
        u1_0.email_verification_token,
        u1_0.email_verified,
        u1_0.english_level,
        u1_0.expo_push_token,
        u1_0.first_name,
        u1_0.interests,
        u1_0.last_name,
        u1_0.learning_goal,
        u1_0.native_language,
        u1_0.onboarding_completed,
        u1_0.parent_name,
        u1_0.parent_phone,
        u1_0.password,
        u1_0.phone,
        u1_0.preferred_accent,
        u1_0.preferred_voice,
        u1_0.reset_otp,
        u1_0.reset_otp_expiry,
        u1_0.reset_password_token,
        u1_0.reset_password_token_expiry,
        u1_0.role,
        u1_0.roll_number,
        u1_0.school_id,
        u1_0.school_name,
        u1_0.standard,
        u1_0.status,
        u1_0.updated_at,
        u1_0.user_type,
        u1_0.welcome_completed,
        u1_2.department,
        u1_2.designation,
        u1_2.employee_id,
        u1_2.experience,
        u1_2.joined_at,
        u1_2.qualification 
    from
        users u1_0 
    left join
        school_admins u1_1 
            on u1_0.id=u1_1.user_id 
    left join
        teachers u1_2 
            on u1_0.id=u1_2.id 
    where
        u1_0.email=?
Hibernate: 
    select
        s1_0.id,
        s1_0.ai_voice,
        s1_0.auto_play_audio,
        s1_0.created_at,
        s1_0.daily_reminder,
        s1_0.dark_mode,
        s1_0.language,
        s1_0.notifications_enabled,
        s1_0.sound_effects,
        s1_0.student_id,
        s1_0.two_factor_enabled,
        s1_0.updated_at,
        s1_0.user_id 
    from
        settings s1_0 
    where
        s1_0.student_id=?
Hibernate: 
    select
        s1_0.id,
        s1_0.ai_voice,
        s1_0.auto_play_audio,
        s1_0.created_at,
        s1_0.daily_reminder,
        s1_0.dark_mode,
        s1_0.language,
        s1_0.notifications_enabled,
        s1_0.sound_effects,
        s1_0.student_id,
        s1_0.two_factor_enabled,
        s1_0.updated_at,
        s1_0.user_id 
    from
        settings s1_0 
    where
        s1_0.student_id=?
Hibernate: 
    select
        s1_0.id,
        s1_0.active,
        s1_0.age_group,
        s1_0.auth_provider,
        s1_0.avatar,
        s1_0.created_at,
        s1_0.daily_goal_minutes,
        s1_0.division,
        s1_0.email,
        s1_0.email_verification_token,
        s1_0.email_verified,
        s1_0.english_level,
        s1_0.expo_push_token,
        s1_0.first_name,
        s1_0.interests,
        s1_0.last_name,
        s1_0.learning_goal,
        s1_0.native_language,
        s1_0.onboarding_completed,
        s1_0.parent_name,
        s1_0.parent_phone,
        s1_0.password,
        s1_0.phone,
        s1_0.preferred_accent,
        s1_0.preferred_voice,
        s1_0.reset_otp,
        s1_0.reset_otp_expiry,
        s1_0.reset_password_token,
        s1_0.reset_password_token_expiry,
        s1_0.roll_number,
        s1_0.school_id,
        s1_0.school_name,
        s1_0.standard,
        s1_0.status,
        s1_0.updated_at,
        s1_0.welcome_completed 
    from
        students s1_0 
    where
        s1_0.school_id=?
Hibernate: 
    select
        s1_0.id,
        s1_0.ai_voice,
        s1_0.auto_play_audio,
        s1_0.created_at,
        s1_0.daily_reminder,
        s1_0.dark_mode,
        s1_0.language,
        s1_0.notifications_enabled,
        s1_0.sound_effects,
        s1_0.student_id,
        s1_0.two_factor_enabled,
        s1_0.updated_at,
        s1_0.user_id 
    from
        settings s1_0 
    where
        s1_0.student_id=?
Hibernate: 
    select
        s1_0.id,
        s1_0.ai_voice,
        s1_0.auto_play_audio,
        s1_0.created_at,
        s1_0.daily_reminder,
        s1_0.dark_mode,
        s1_0.language,
        s1_0.notifications_enabled,
        s1_0.sound_effects,
        s1_0.student_id,
        s1_0.two_factor_enabled,
        s1_0.updated_at,
        s1_0.user_id 
    from
        settings s1_0 
    where
        s1_0.student_id=?
Hibernate: 
    select
        u1_0.id,
        case 
            when u1_1.user_id is not null 
                then 1 
            when u1_2.id is not null 
                then 2 
            when u1_0.id is not null 
                then 0 
        end,
        u1_0.active,
        u1_0.age_group,
        u1_0.auth_provider,
        u1_0.avatar,
        u1_0.created_at,
        u1_0.daily_goal_minutes,
        u1_0.division,
        u1_0.email,
        u1_0.email_verification_token,
        u1_0.email_verified,
        u1_0.english_level,
        u1_0.expo_push_token,
        u1_0.first_name,
        u1_0.interests,
        u1_0.last_name,
        u1_0.learning_goal,
        u1_0.native_language,
        u1_0.onboarding_completed,
        u1_0.parent_name,
        u1_0.parent_phone,
        u1_0.password,
        u1_0.phone,
        u1_0.preferred_accent,
        u1_0.preferred_voice,
        u1_0.reset_otp,
        u1_0.reset_otp_expiry,
        u1_0.reset_password_token,
        u1_0.reset_password_token_expiry,
        u1_0.role,
        u1_0.roll_number,
        u1_0.school_id,
        u1_0.school_name,
        u1_0.standard,
        u1_0.status,
        u1_0.updated_at,
        u1_0.user_type,
        u1_0.welcome_completed,
        u1_2.department,
        u1_2.designation,
        u1_2.employee_id,
        u1_2.experience,
        u1_2.joined_at,
        u1_2.qualification 
    from
        users u1_0 
    left join
        school_admins u1_1 
            on u1_0.id=u1_1.user_id 
    left join
        teachers u1_2 
            on u1_0.id=u1_2.id 
    where
        u1_0.school_id=? 
        and u1_0.role=?
Hibernate: 
    select
        s1_0.id,
        s1_0.ai_voice,
        s1_0.auto_play_audio,
        s1_0.created_at,
        s1_0.daily_reminder,
        s1_0.dark_mode,
        s1_0.language,
        s1_0.notifications_enabled,
        s1_0.sound_effects,
        s1_0.student_id,
        s1_0.two_factor_enabled,
        s1_0.updated_at,
        s1_0.user_id 
    from
        settings s1_0 
    where
        s1_0.student_id=?
Hibernate: 
    select
        cr1_0.id,
        cr1_0.academic_year,
        cr1_0.created_at,
        cr1_0.grade,
        cr1_0.name,
        cr1_0.school_id,
        cr1_0.status,
        cr1_0.teacher_id,
        cr1_0.updated_at 
    from
        class_rooms cr1_0 
    where
        cr1_0.school_id=?
Hibernate: 
    select
        r1_0.id,
        r1_0.active,
        r1_0.created_at,
        r1_0.marks_obtained,
        r1_0.status,
        r1_0.student_id,
        r1_0.submitted_at,
        r1_0.test_title,
        r1_0.total_marks,
        r1_0.updated_at 
    from
        results r1_0 
    join
        users s1_0 
            on s1_0.id=r1_0.student_id 
    where
        s1_0.school_id=? 
        and r1_0.active
Hibernate: 
    select
        s1_0.id,
        s1_0.ai_voice,
        s1_0.auto_play_audio,
        s1_0.created_at,
        s1_0.daily_reminder,
        s1_0.dark_mode,
        s1_0.language,
        s1_0.notifications_enabled,
        s1_0.sound_effects,
        s1_0.student_id,
        s1_0.two_factor_enabled,
        s1_0.updated_at,
        s1_0.user_id 
    from
        settings s1_0 
    where
        s1_0.student_id=?
Hibernate: 
    select
        count(lp1_0.id) 
    from
        lesson_progress lp1_0 
    join
        students s1_0 
            on s1_0.id=lp1_0.user_id 
    where
        s1_0.school_id=? 
        and lp1_0.completed=true
Hibernate: 
    select
        s1_0.id,
        s1_0.ai_voice,
        s1_0.auto_play_audio,
        s1_0.created_at,
        s1_0.daily_reminder,
        s1_0.dark_mode,
        s1_0.language,
        s1_0.notifications_enabled,
        s1_0.sound_effects,
        s1_0.student_id,
        s1_0.two_factor_enabled,
        s1_0.updated_at,
        s1_0.user_id 
    from
        settings s1_0 
    where
        s1_0.student_id=?
Hibernate: 
    select
        s1_0.id,
        s1_0.active,
        s1_0.address,
        s1_0.contact_phone,
        s1_0.created_at,
        s1_0.name,
        s1_0.school_code,
        s1_0.school_name,
        s1_0.updated_at 
    from
        schools s1_0 
    where
        s1_0.id=?
Hibernate: 
    select
        s1_0.id,
        s1_0.ai_voice,
        s1_0.auto_play_audio,
        s1_0.created_at,
        s1_0.daily_reminder,
        s1_0.dark_mode,
        s1_0.language,
        s1_0.notifications_enabled,
        s1_0.sound_effects,
        s1_0.student_id,
        s1_0.two_factor_enabled,
        s1_0.updated_at,
        s1_0.user_id 
    from
        settings s1_0 
    where
        s1_0.student_id=?
2026-08-24T18:06:13.241+05:30  INFO 14684 --- [SpeakMateAI] [.0-9091-exec-10] c.r.s.security.RequestLoggingFilter      : [REQUEST LOG] Incoming request: GET /api/school/students
Hibernate: 
    select
        u1_0.id,
        case 
            when u1_1.user_id is not null 
                then 1 
            when u1_2.id is not null 
                then 2 
            when u1_0.id is not null 
                then 0 
        end,
        u1_0.active,
        u1_0.age_group,
        u1_0.auth_provider,
        u1_0.avatar,
        u1_0.created_at,
        u1_0.daily_goal_minutes,
        u1_0.division,
        u1_0.email,
        u1_0.email_verification_token,
        u1_0.email_verified,
        u1_0.english_level,
        u1_0.expo_push_token,
        u1_0.first_name,
        u1_0.interests,
        u1_0.last_name,
        u1_0.learning_goal,
        u1_0.native_language,
        u1_0.onboarding_completed,
        u1_0.parent_name,
        u1_0.parent_phone,
        u1_0.password,
        u1_0.phone,
        u1_0.preferred_accent,
        u1_0.preferred_voice,
        u1_0.reset_otp,
        u1_0.reset_otp_expiry,
        u1_0.reset_password_token,
        u1_0.reset_password_token_expiry,
        u1_0.role,
        u1_0.roll_number,
        u1_0.school_id,
        u1_0.school_name,
        u1_0.standard,
        u1_0.status,
        u1_0.updated_at,
        u1_0.user_type,
        u1_0.welcome_completed,
        u1_2.department,
        u1_2.designation,
        u1_2.employee_id,
        u1_2.experience,
        u1_2.joined_at,
        u1_2.qualification 
    from
        users u1_0 
    left join
        school_admins u1_1 
            on u1_0.id=u1_1.user_id 
    left join
        teachers u1_2 
            on u1_0.id=u1_2.id 
    where
        u1_0.email=?
Hibernate: 
    select
        u1_0.id,
        case 
            when u1_1.user_id is not null 
                then 1 
            when u1_2.id is not null 
                then 2 
            when u1_0.id is not null 
                then 0 
        end,
        u1_0.active,
        u1_0.age_group,
        u1_0.auth_provider,
        u1_0.avatar,
        u1_0.created_at,
        u1_0.daily_goal_minutes,
        u1_0.division,
        u1_0.email,
        u1_0.email_verification_token,
        u1_0.email_verified,
        u1_0.english_level,
        u1_0.expo_push_token,
        u1_0.first_name,
        u1_0.interests,
        u1_0.last_name,
        u1_0.learning_goal,
        u1_0.native_language,
        u1_0.onboarding_completed,
        u1_0.parent_name,
        u1_0.parent_phone,
        u1_0.password,
        u1_0.phone,
        u1_0.preferred_accent,
        u1_0.preferred_voice,
        u1_0.reset_otp,
        u1_0.reset_otp_expiry,
        u1_0.reset_password_token,
        u1_0.reset_password_token_expiry,
        u1_0.role,
        u1_0.roll_number,
        u1_0.school_id,
        u1_0.school_name,
        u1_0.standard,
        u1_0.status,
        u1_0.updated_at,
        u1_0.user_type,
        u1_0.welcome_completed,
        u1_2.department,
        u1_2.designation,
        u1_2.employee_id,
        u1_2.experience,
        u1_2.joined_at,
        u1_2.qualification 
    from
        users u1_0 
    left join
        school_admins u1_1 
            on u1_0.id=u1_1.user_id 
    left join
        teachers u1_2 
            on u1_0.id=u1_2.id 
    where
        u1_0.email=?
Hibernate: 
    select
        s1_0.id,
        s1_0.active,
        s1_0.age_group,
        s1_0.auth_provider,
        s1_0.avatar,
        s1_0.created_at,
        s1_0.daily_goal_minutes,
        s1_0.division,
        s1_0.email,
        s1_0.email_verification_token,
        s1_0.email_verified,
        s1_0.english_level,
        s1_0.expo_push_token,
        s1_0.first_name,
        s1_0.interests,
        s1_0.last_name,
        s1_0.learning_goal,
        s1_0.native_language,
        s1_0.onboarding_completed,
        s1_0.parent_name,
        s1_0.parent_phone,
        s1_0.password,
        s1_0.phone,
        s1_0.preferred_accent,
        s1_0.preferred_voice,
        s1_0.reset_otp,
        s1_0.reset_otp_expiry,
        s1_0.reset_password_token,
        s1_0.reset_password_token_expiry,
        s1_0.roll_number,
        s1_0.school_id,
        s1_0.school_name,
        s1_0.standard,
        s1_0.status,
        s1_0.updated_at,
        s1_0.welcome_completed 
    from
        students s1_0 
    where
        s1_0.school_id=?
Hibernate: 
    select
        s1_0.id,
        s1_0.ai_voice,
        s1_0.auto_play_audio,
        s1_0.created_at,
        s1_0.daily_reminder,
        s1_0.dark_mode,
        s1_0.language,
        s1_0.notifications_enabled,
        s1_0.sound_effects,
        s1_0.student_id,
        s1_0.two_factor_enabled,
        s1_0.updated_at,
        s1_0.user_id 
    from
        settings s1_0 
    where
        s1_0.student_id=?
Hibernate: 
    select
        s1_0.id,
        s1_0.ai_voice,
        s1_0.auto_play_audio,
        s1_0.created_at,
        s1_0.daily_reminder,
        s1_0.dark_mode,
        s1_0.language,
        s1_0.notifications_enabled,
        s1_0.sound_effects,
        s1_0.student_id,
        s1_0.two_factor_enabled,
        s1_0.updated_at,
        s1_0.user_id 
    from
        settings s1_0 
    where
        s1_0.student_id=?
Hibernate: 
    select
        s1_0.id,
        s1_0.ai_voice,
        s1_0.auto_play_audio,
        s1_0.created_at,
        s1_0.daily_reminder,
        s1_0.dark_mode,
        s1_0.language,
        s1_0.notifications_enabled,
        s1_0.sound_effects,
        s1_0.student_id,
        s1_0.two_factor_enabled,
        s1_0.updated_at,
        s1_0.user_id 
    from
        settings s1_0 
    where
        s1_0.student_id=?
Hibernate: 
    select
        s1_0.id,
        s1_0.ai_voice,
        s1_0.auto_play_audio,
        s1_0.created_at,
        s1_0.daily_reminder,
        s1_0.dark_mode,
        s1_0.language,
        s1_0.notifications_enabled,
        s1_0.sound_effects,
        s1_0.student_id,
        s1_0.two_factor_enabled,
        s1_0.updated_at,
        s1_0.user_id 
    from
        settings s1_0 
    where
        s1_0.student_id=?
Hibernate: 
    select
        s1_0.id,
        s1_0.ai_voice,
        s1_0.auto_play_audio,
        s1_0.created_at,
        s1_0.daily_reminder,
        s1_0.dark_mode,
        s1_0.language,
        s1_0.notifications_enabled,
        s1_0.sound_effects,
        s1_0.student_id,
        s1_0.two_factor_enabled,
        s1_0.updated_at,
        s1_0.user_id 
    from
        settings s1_0 
    where
        s1_0.student_id=?
