
  .   ____          _            __ _ _
 /\\ / ___'_ __ _ _(_)_ __  __ _ \ \ \ \
( ( )\___ | '_ | '_| | '_ \/ _` | \ \ \ \
 \\/  ___)| |_)| | | | | || (_| |  ) ) ) )
  '  |____| .__|_| |_|_| |_\__, | / / / /
 =========|_|==============|___/=/_/_/_/

 :: Spring Boot ::                (v3.3.5)

2026-08-24T18:10:00.207+05:30  INFO 15172 --- [SpeakMateAI] [           main] c.r.speakmateai.SpeakMateAiApplication   : Starting SpeakMateAiApplication v0.0.1-SNAPSHOT using Java 21.0.11 with PID 15172 (C:\Final_Integration\IntegrationOfSpeakMate\Backend-SpeakMate_Team_2026\target\speakmateai-0.0.1-SNAPSHOT.jar started by hp in c:\Final_Integration\IntegrationOfSpeakMate\Backend-SpeakMate_Team_2026)
2026-08-24T18:10:00.217+05:30  INFO 15172 --- [SpeakMateAI] [           main] c.r.speakmateai.SpeakMateAiApplication   : No active profile set, falling back to 1 default profile: "default"
2026-08-24T18:10:04.138+05:30  INFO 15172 --- [SpeakMateAI] [           main] .s.d.r.c.RepositoryConfigurationDelegate : Bootstrapping Spring Data JPA repositories in DEFAULT mode.
2026-08-24T18:10:04.781+05:30  INFO 15172 --- [SpeakMateAI] [           main] .s.d.r.c.RepositoryConfigurationDelegate : Finished Spring Data repository scanning in 610 ms. Found 30 JPA repository interfaces.
2026-08-24T18:10:08.137+05:30  INFO 15172 --- [SpeakMateAI] [           main] o.s.b.w.embedded.tomcat.TomcatWebServer  : Tomcat initialized with port 9091 (http)
2026-08-24T18:10:08.208+05:30  INFO 15172 --- [SpeakMateAI] [           main] o.apache.catalina.core.StandardService   : Starting service [Tomcat]
2026-08-24T18:10:08.209+05:30  INFO 15172 --- [SpeakMateAI] [           main] o.apache.catalina.core.StandardEngine    : Starting Servlet engine: [Apache Tomcat/10.1.31]
2026-08-24T18:10:08.393+05:30  INFO 15172 --- [SpeakMateAI] [           main] o.a.c.c.C.[Tomcat].[localhost].[/]       : Initializing Spring embedded WebApplicationContext
2026-08-24T18:10:08.397+05:30  INFO 15172 --- [SpeakMateAI] [           main] w.s.c.ServletWebServerApplicationContext : Root WebApplicationContext: initialization completed in 7980 ms
2026-08-24T18:10:09.476+05:30  INFO 15172 --- [SpeakMateAI] [           main] o.hibernate.jpa.internal.util.LogHelper  : HHH000204: Processing PersistenceUnitInfo [name: default]
2026-08-24T18:10:09.800+05:30  INFO 15172 --- [SpeakMateAI] [           main] org.hibernate.Version                    : HHH000412: Hibernate ORM core version 6.5.3.Final
2026-08-24T18:10:09.963+05:30  INFO 15172 --- [SpeakMateAI] [           main] o.h.c.internal.RegionFactoryInitiator    : HHH000026: Second-level cache disabled
2026-08-24T18:10:11.045+05:30  INFO 15172 --- [SpeakMateAI] [           main] o.s.o.j.p.SpringPersistenceUnitInfo      : No LoadTimeWeaver setup: ignoring JPA class transformer
2026-08-24T18:10:11.118+05:30  INFO 15172 --- [SpeakMateAI] [           main] com.zaxxer.hikari.HikariDataSource       : HikariPool-1 - Starting...
2026-08-24T18:10:13.244+05:30  INFO 15172 --- [SpeakMateAI] [           main] com.zaxxer.hikari.pool.HikariPool        : HikariPool-1 - Added connection org.postgresql.jdbc.PgConnection@55397d15
2026-08-24T18:10:13.251+05:30  INFO 15172 --- [SpeakMateAI] [           main] com.zaxxer.hikari.HikariDataSource       : HikariPool-1 - Start completed.
2026-08-24T18:10:13.592+05:30  WARN 15172 --- [SpeakMateAI] [           main] org.hibernate.orm.deprecation            : HHH90000025: PostgreSQLDialect does not need to be specified explicitly using 'hibernate.dialect' (remove the property setting and it will be selected by default)
2026-08-24T18:10:18.557+05:30  INFO 15172 --- [SpeakMateAI] [           main] o.h.e.t.j.p.i.JtaPlatformInitiator       : HHH000489: No JTA platform available (set 'hibernate.transaction.jta.platform' to enable JTA platform integration)
Hibernate: 
    alter table if exists achievement 
       alter column description set data type TEXT
Hibernate: 
    alter table if exists admins 
       alter column profile_image set data type TEXT
Hibernate: 
    alter table if exists chat_history 
       alter column ai_response set data type TEXT
Hibernate: 
    alter table if exists chat_history 
       alter column user_message set data type TEXT
Hibernate: 
    alter table if exists chat_messages 
       alter column better_sentence set data type TEXT
Hibernate: 
    alter table if exists chat_messages 
       alter column explanation set data type TEXT
Hibernate: 
    alter table if exists chat_messages 
       alter column follow_up_question set data type TEXT
Hibernate: 
    alter table if exists chat_messages 
       alter column grammar_correction set data type TEXT
Hibernate: 
    alter table if exists chat_messages 
       alter column message set data type TEXT
Hibernate: 
    alter table if exists chat_messages 
       alter column vocabulary_suggestions set data type TEXT
Hibernate: 
    alter table if exists conversation_feedbacks 
       alter column better_sentences set data type TEXT
Hibernate: 
    alter table if exists conversation_feedbacks 
       alter column grammar_corrections set data type TEXT
Hibernate: 
    alter table if exists conversation_feedbacks 
       alter column summary set data type TEXT
Hibernate: 
    alter table if exists conversation_feedbacks 
       alter column vocabulary_suggestions set data type TEXT
Hibernate: 
    alter table if exists conversation_messages 
       alter column message set data type TEXT
Hibernate: 
    alter table if exists grammar_history 
       alter column corrected_text set data type TEXT
Hibernate: 
    alter table if exists grammar_history 
       alter column explanation set data type TEXT
Hibernate: 
    alter table if exists grammar_history 
       alter column original_text set data type TEXT
Hibernate: 
    alter table if exists lessons 
       alter column content set data type TEXT
Hibernate: 
    alter table if exists lessons 
       alter column description set data type TEXT
Hibernate: 
    alter table if exists lessons 
       alter column objectives set data type TEXT
Hibernate: 
    alter table if exists lessons 
       alter column requirements set data type TEXT
Hibernate: 
    alter table if exists lessons 
       alter column skills set data type TEXT
Hibernate: 
    alter table if exists notification 
       alter column message set data type TEXT
Hibernate: 
    alter table if exists payments 
       alter column remarks set data type TEXT
Hibernate: 
    alter table if exists progress 
       add column user_id bigint not null
2026-08-24T18:10:21.761+05:30  WARN 15172 --- [SpeakMateAI] [           main] o.h.t.s.i.ExceptionHandlerLoggedImpl     : GenerationTarget encountered exception accepting command : Error executing DDL "
    alter table if exists progress 
       add column user_id bigint not null" via JDBC [ERROR: column "user_id" of relation "progress" contains null values]

org.hibernate.tool.schema.spi.CommandAcceptanceException: Error executing DDL "
    alter table if exists progress 
       add column user_id bigint not null" via JDBC [ERROR: column "user_id" of relation "progress" contains null values]
	at org.hibernate.tool.schema.internal.exec.GenerationTargetToDatabase.accept(GenerationTargetToDatabase.java:94) ~[hibernate-core-6.5.3.Final.jar!/:6.5.3.Final]
	at org.hibernate.tool.schema.internal.AbstractSchemaMigrator.applySqlString(AbstractSchemaMigrator.java:583) ~[hibernate-core-6.5.3.Final.jar!/:6.5.3.Final]
	at org.hibernate.tool.schema.internal.AbstractSchemaMigrator.applySqlStrings(AbstractSchemaMigrator.java:523) ~[hibernate-core-6.5.3.Final.jar!/:6.5.3.Final]
	at org.hibernate.tool.schema.internal.AbstractSchemaMigrator.migrateTable(AbstractSchemaMigrator.java:341) ~[hibernate-core-6.5.3.Final.jar!/:6.5.3.Final]
	at org.hibernate.tool.schema.internal.GroupedSchemaMigratorImpl.performTablesMigration(GroupedSchemaMigratorImpl.java:84) ~[hibernate-core-6.5.3.Final.jar!/:6.5.3.Final]
	at org.hibernate.tool.schema.internal.AbstractSchemaMigrator.performMigration(AbstractSchemaMigrator.java:240) ~[hibernate-core-6.5.3.Final.jar!/:6.5.3.Final]
	at org.hibernate.tool.schema.internal.AbstractSchemaMigrator.doMigration(AbstractSchemaMigrator.java:119) ~[hibernate-core-6.5.3.Final.jar!/:6.5.3.Final]
	at org.hibernate.tool.schema.spi.SchemaManagementToolCoordinator.performDatabaseAction(SchemaManagementToolCoordinator.java:280) ~[hibernate-core-6.5.3.Final.jar!/:6.5.3.Final]
	at org.hibernate.tool.schema.spi.SchemaManagementToolCoordinator.lambda$process$5(SchemaManagementToolCoordinator.java:144) ~[hibernate-core-6.5.3.Final.jar!/:6.5.3.Final]
	at java.base/java.util.HashMap.forEach(HashMap.java:1429) ~[na:na]
	at org.hibernate.tool.schema.spi.SchemaManagementToolCoordinator.process(SchemaManagementToolCoordinator.java:141) ~[hibernate-core-6.5.3.Final.jar!/:6.5.3.Final]
	at org.hibernate.boot.internal.SessionFactoryObserverForSchemaExport.sessionFactoryCreated(SessionFactoryObserverForSchemaExport.java:37) ~[hibernate-core-6.5.3.Final.jar!/:6.5.3.Final]
	at org.hibernate.internal.SessionFactoryObserverChain.sessionFactoryCreated(SessionFactoryObserverChain.java:35) ~[hibernate-core-6.5.3.Final.jar!/:6.5.3.Final]
	at org.hibernate.internal.SessionFactoryImpl.<init>(SessionFactoryImpl.java:322) ~[hibernate-core-6.5.3.Final.jar!/:6.5.3.Final]
	at org.hibernate.boot.internal.SessionFactoryBuilderImpl.build(SessionFactoryBuilderImpl.java:457) ~[hibernate-core-6.5.3.Final.jar!/:6.5.3.Final]
	at org.hibernate.jpa.boot.internal.EntityManagerFactoryBuilderImpl.build(EntityManagerFactoryBuilderImpl.java:1506) ~[hibernate-core-6.5.3.Final.jar!/:6.5.3.Final]
	at org.springframework.orm.jpa.vendor.SpringHibernateJpaPersistenceProvider.createContainerEntityManagerFactory(SpringHibernateJpaPersistenceProvider.java:75) ~[spring-orm-6.1.14.jar!/:6.1.14]
	at org.springframework.orm.jpa.LocalContainerEntityManagerFactoryBean.createNativeEntityManagerFactory(LocalContainerEntityManagerFactoryBean.java:390) ~[spring-orm-6.1.14.jar!/:6.1.14]
	at org.springframework.orm.jpa.AbstractEntityManagerFactoryBean.buildNativeEntityManagerFactory(AbstractEntityManagerFactoryBean.java:409) ~[spring-orm-6.1.14.jar!/:6.1.14]
	at org.springframework.orm.jpa.AbstractEntityManagerFactoryBean.afterPropertiesSet(AbstractEntityManagerFactoryBean.java:396) ~[spring-orm-6.1.14.jar!/:6.1.14]
	at org.springframework.orm.jpa.LocalContainerEntityManagerFactoryBean.afterPropertiesSet(LocalContainerEntityManagerFactoryBean.java:366) ~[spring-orm-6.1.14.jar!/:6.1.14]
	at org.springframework.beans.factory.support.AbstractAutowireCapableBeanFactory.invokeInitMethods(AbstractAutowireCapableBeanFactory.java:1853) ~[spring-beans-6.1.14.jar!/:6.1.14]
	at org.springframework.beans.factory.support.AbstractAutowireCapableBeanFactory.initializeBean(AbstractAutowireCapableBeanFactory.java:1802) ~[spring-beans-6.1.14.jar!/:6.1.14]
	at org.springframework.beans.factory.support.AbstractAutowireCapableBeanFactory.doCreateBean(AbstractAutowireCapableBeanFactory.java:600) ~[spring-beans-6.1.14.jar!/:6.1.14]
	at org.springframework.beans.factory.support.AbstractAutowireCapableBeanFactory.createBean(AbstractAutowireCapableBeanFactory.java:522) ~[spring-beans-6.1.14.jar!/:6.1.14]
	at org.springframework.beans.factory.support.AbstractBeanFactory.lambda$doGetBean$0(AbstractBeanFactory.java:337) ~[spring-beans-6.1.14.jar!/:6.1.14]
	at org.springframework.beans.factory.support.DefaultSingletonBeanRegistry.getSingleton(DefaultSingletonBeanRegistry.java:234) ~[spring-beans-6.1.14.jar!/:6.1.14]
	at org.springframework.beans.factory.support.AbstractBeanFactory.doGetBean(AbstractBeanFactory.java:335) ~[spring-beans-6.1.14.jar!/:6.1.14]
	at org.springframework.beans.factory.support.AbstractBeanFactory.getBean(AbstractBeanFactory.java:200) ~[spring-beans-6.1.14.jar!/:6.1.14]
	at org.springframework.beans.factory.support.BeanDefinitionValueResolver.resolveReference(BeanDefinitionValueResolver.java:365) ~[spring-beans-6.1.14.jar!/:6.1.14]
	at org.springframework.beans.factory.support.BeanDefinitionValueResolver.resolveValueIfNecessary(BeanDefinitionValueResolver.java:135) ~[spring-beans-6.1.14.jar!/:6.1.14]
	at org.springframework.beans.factory.support.ConstructorResolver.resolveConstructorArguments(ConstructorResolver.java:682) ~[spring-beans-6.1.14.jar!/:6.1.14]
	at org.springframework.beans.factory.support.ConstructorResolver.instantiateUsingFactoryMethod(ConstructorResolver.java:509) ~[spring-beans-6.1.14.jar!/:6.1.14]
	at org.springframework.beans.factory.support.AbstractAutowireCapableBeanFactory.instantiateUsingFactoryMethod(AbstractAutowireCapableBeanFactory.java:1355) ~[spring-beans-6.1.14.jar!/:6.1.14]
	at org.springframework.beans.factory.support.AbstractAutowireCapableBeanFactory.createBeanInstance(AbstractAutowireCapableBeanFactory.java:1185) ~[spring-beans-6.1.14.jar!/:6.1.14]
	at org.springframework.beans.factory.support.AbstractAutowireCapableBeanFactory.doCreateBean(AbstractAutowireCapableBeanFactory.java:562) ~[spring-beans-6.1.14.jar!/:6.1.14]
	at org.springframework.beans.factory.support.AbstractAutowireCapableBeanFactory.createBean(AbstractAutowireCapableBeanFactory.java:522) ~[spring-beans-6.1.14.jar!/:6.1.14]
	at org.springframework.beans.factory.support.AbstractBeanFactory.lambda$doGetBean$0(AbstractBeanFactory.java:337) ~[spring-beans-6.1.14.jar!/:6.1.14]
	at org.springframework.beans.factory.support.DefaultSingletonBeanRegistry.getSingleton(DefaultSingletonBeanRegistry.java:234) ~[spring-beans-6.1.14.jar!/:6.1.14]
	at org.springframework.beans.factory.support.AbstractBeanFactory.doGetBean(AbstractBeanFactory.java:335) ~[spring-beans-6.1.14.jar!/:6.1.14]
	at org.springframework.beans.factory.support.AbstractBeanFactory.getBean(AbstractBeanFactory.java:200) ~[spring-beans-6.1.14.jar!/:6.1.14]
	at org.springframework.beans.factory.support.BeanDefinitionValueResolver.resolveReference(BeanDefinitionValueResolver.java:365) ~[spring-beans-6.1.14.jar!/:6.1.14]
	at org.springframework.beans.factory.support.BeanDefinitionValueResolver.resolveValueIfNecessary(BeanDefinitionValueResolver.java:135) ~[spring-beans-6.1.14.jar!/:6.1.14]
	at org.springframework.beans.factory.support.AbstractAutowireCapableBeanFactory.applyPropertyValues(AbstractAutowireCapableBeanFactory.java:1705) ~[spring-beans-6.1.14.jar!/:6.1.14]
	at org.springframework.beans.factory.support.AbstractAutowireCapableBeanFactory.populateBean(AbstractAutowireCapableBeanFactory.java:1454) ~[spring-beans-6.1.14.jar!/:6.1.14]
	at org.springframework.beans.factory.support.AbstractAutowireCapableBeanFactory.doCreateBean(AbstractAutowireCapableBeanFactory.java:599) ~[spring-beans-6.1.14.jar!/:6.1.14]
	at org.springframework.beans.factory.support.AbstractAutowireCapableBeanFactory.createBean(AbstractAutowireCapableBeanFactory.java:522) ~[spring-beans-6.1.14.jar!/:6.1.14]
	at org.springframework.beans.factory.support.AbstractBeanFactory.lambda$doGetBean$0(AbstractBeanFactory.java:337) ~[spring-beans-6.1.14.jar!/:6.1.14]
	at org.springframework.beans.factory.support.DefaultSingletonBeanRegistry.getSingleton(DefaultSingletonBeanRegistry.java:234) ~[spring-beans-6.1.14.jar!/:6.1.14]
	at org.springframework.beans.factory.support.AbstractBeanFactory.doGetBean(AbstractBeanFactory.java:335) ~[spring-beans-6.1.14.jar!/:6.1.14]
	at org.springframework.beans.factory.support.AbstractBeanFactory.getBean(AbstractBeanFactory.java:200) ~[spring-beans-6.1.14.jar!/:6.1.14]
	at org.springframework.beans.factory.config.DependencyDescriptor.resolveCandidate(DependencyDescriptor.java:254) ~[spring-beans-6.1.14.jar!/:6.1.14]
	at org.springframework.beans.factory.support.DefaultListableBeanFactory.doResolveDependency(DefaultListableBeanFactory.java:1443) ~[spring-beans-6.1.14.jar!/:6.1.14]
	at org.springframework.beans.factory.support.DefaultListableBeanFactory.resolveDependency(DefaultListableBeanFactory.java:1353) ~[spring-beans-6.1.14.jar!/:6.1.14]
	at org.springframework.beans.factory.support.ConstructorResolver.resolveAutowiredArgument(ConstructorResolver.java:904) ~[spring-beans-6.1.14.jar!/:6.1.14]
	at org.springframework.beans.factory.support.ConstructorResolver.createArgumentArray(ConstructorResolver.java:782) ~[spring-beans-6.1.14.jar!/:6.1.14]
	at org.springframework.beans.factory.support.ConstructorResolver.autowireConstructor(ConstructorResolver.java:237) ~[spring-beans-6.1.14.jar!/:6.1.14]
	at org.springframework.beans.factory.support.AbstractAutowireCapableBeanFactory.autowireConstructor(AbstractAutowireCapableBeanFactory.java:1375) ~[spring-beans-6.1.14.jar!/:6.1.14]
	at org.springframework.beans.factory.support.AbstractAutowireCapableBeanFactory.createBeanInstance(AbstractAutowireCapableBeanFactory.java:1212) ~[spring-beans-6.1.14.jar!/:6.1.14]
	at org.springframework.beans.factory.support.AbstractAutowireCapableBeanFactory.doCreateBean(AbstractAutowireCapableBeanFactory.java:562) ~[spring-beans-6.1.14.jar!/:6.1.14]
	at org.springframework.beans.factory.support.AbstractAutowireCapableBeanFactory.createBean(AbstractAutowireCapableBeanFactory.java:522) ~[spring-beans-6.1.14.jar!/:6.1.14]
	at org.springframework.beans.factory.support.AbstractBeanFactory.lambda$doGetBean$0(AbstractBeanFactory.java:337) ~[spring-beans-6.1.14.jar!/:6.1.14]
	at org.springframework.beans.factory.support.DefaultSingletonBeanRegistry.getSingleton(DefaultSingletonBeanRegistry.java:234) ~[spring-beans-6.1.14.jar!/:6.1.14]
	at org.springframework.beans.factory.support.AbstractBeanFactory.doGetBean(AbstractBeanFactory.java:335) ~[spring-beans-6.1.14.jar!/:6.1.14]
	at org.springframework.beans.factory.support.AbstractBeanFactory.getBean(AbstractBeanFactory.java:205) ~[spring-beans-6.1.14.jar!/:6.1.14]
	at org.springframework.boot.web.servlet.ServletContextInitializerBeans.getOrderedBeansOfType(ServletContextInitializerBeans.java:211) ~[spring-boot-3.3.5.jar!/:3.3.5]
	at org.springframework.boot.web.servlet.ServletContextInitializerBeans.addAsRegistrationBean(ServletContextInitializerBeans.java:174) ~[spring-boot-3.3.5.jar!/:3.3.5]
	at org.springframework.boot.web.servlet.ServletContextInitializerBeans.addAsRegistrationBean(ServletContextInitializerBeans.java:169) ~[spring-boot-3.3.5.jar!/:3.3.5]
	at org.springframework.boot.web.servlet.ServletContextInitializerBeans.addAdaptableBeans(ServletContextInitializerBeans.java:154) ~[spring-boot-3.3.5.jar!/:3.3.5]
	at org.springframework.boot.web.servlet.ServletContextInitializerBeans.<init>(ServletContextInitializerBeans.java:87) ~[spring-boot-3.3.5.jar!/:3.3.5]
	at org.springframework.boot.web.servlet.context.ServletWebServerApplicationContext.getServletContextInitializerBeans(ServletWebServerApplicationContext.java:266) ~[spring-boot-3.3.5.jar!/:3.3.5]
	at org.springframework.boot.web.servlet.context.ServletWebServerApplicationContext.selfInitialize(ServletWebServerApplicationContext.java:240) ~[spring-boot-3.3.5.jar!/:3.3.5]
	at org.springframework.boot.web.embedded.tomcat.TomcatStarter.onStartup(TomcatStarter.java:52) ~[spring-boot-3.3.5.jar!/:3.3.5]
	at org.apache.catalina.core.StandardContext.startInternal(StandardContext.java:4412) ~[tomcat-embed-core-10.1.31.jar!/:na]
	at org.apache.catalina.util.LifecycleBase.start(LifecycleBase.java:164) ~[tomcat-embed-core-10.1.31.jar!/:na]
	at org.apache.catalina.core.ContainerBase$StartChild.call(ContainerBase.java:1203) ~[tomcat-embed-core-10.1.31.jar!/:na]
	at org.apache.catalina.core.ContainerBase$StartChild.call(ContainerBase.java:1193) ~[tomcat-embed-core-10.1.31.jar!/:na]
	at java.base/java.util.concurrent.FutureTask.run(FutureTask.java:317) ~[na:na]
	at org.apache.tomcat.util.threads.InlineExecutorService.execute(InlineExecutorService.java:75) ~[tomcat-embed-core-10.1.31.jar!/:na]
	at java.base/java.util.concurrent.AbstractExecutorService.submit(AbstractExecutorService.java:145) ~[na:na]
	at org.apache.catalina.core.ContainerBase.startInternal(ContainerBase.java:749) ~[tomcat-embed-core-10.1.31.jar!/:na]
	at org.apache.catalina.core.StandardHost.startInternal(StandardHost.java:772) ~[tomcat-embed-core-10.1.31.jar!/:na]
	at org.apache.catalina.util.LifecycleBase.start(LifecycleBase.java:164) ~[tomcat-embed-core-10.1.31.jar!/:na]
	at org.apache.catalina.core.ContainerBase$StartChild.call(ContainerBase.java:1203) ~[tomcat-embed-core-10.1.31.jar!/:na]
	at org.apache.catalina.core.ContainerBase$StartChild.call(ContainerBase.java:1193) ~[tomcat-embed-core-10.1.31.jar!/:na]
	at java.base/java.util.concurrent.FutureTask.run(FutureTask.java:317) ~[na:na]
	at org.apache.tomcat.util.threads.InlineExecutorService.execute(InlineExecutorService.java:75) ~[tomcat-embed-core-10.1.31.jar!/:na]
	at java.base/java.util.concurrent.AbstractExecutorService.submit(AbstractExecutorService.java:145) ~[na:na]
	at org.apache.catalina.core.ContainerBase.startInternal(ContainerBase.java:749) ~[tomcat-embed-core-10.1.31.jar!/:na]
	at org.apache.catalina.core.StandardEngine.startInternal(StandardEngine.java:203) ~[tomcat-embed-core-10.1.31.jar!/:na]
	at org.apache.catalina.util.LifecycleBase.start(LifecycleBase.java:164) ~[tomcat-embed-core-10.1.31.jar!/:na]
	at org.apache.catalina.core.StandardService.startInternal(StandardService.java:415) ~[tomcat-embed-core-10.1.31.jar!/:na]
	at org.apache.catalina.util.LifecycleBase.start(LifecycleBase.java:164) ~[tomcat-embed-core-10.1.31.jar!/:na]
	at org.apache.catalina.core.StandardServer.startInternal(StandardServer.java:870) ~[tomcat-embed-core-10.1.31.jar!/:na]
	at org.apache.catalina.util.LifecycleBase.start(LifecycleBase.java:164) ~[tomcat-embed-core-10.1.31.jar!/:na]
	at org.apache.catalina.startup.Tomcat.start(Tomcat.java:437) ~[tomcat-embed-core-10.1.31.jar!/:na]
	at org.springframework.boot.web.embedded.tomcat.TomcatWebServer.initialize(TomcatWebServer.java:128) ~[spring-boot-3.3.5.jar!/:3.3.5]
	at org.springframework.boot.web.embedded.tomcat.TomcatWebServer.<init>(TomcatWebServer.java:107) ~[spring-boot-3.3.5.jar!/:3.3.5]
	at org.springframework.boot.web.embedded.tomcat.TomcatServletWebServerFactory.getTomcatWebServer(TomcatServletWebServerFactory.java:516) ~[spring-boot-3.3.5.jar!/:3.3.5]
	at org.springframework.boot.web.embedded.tomcat.TomcatServletWebServerFactory.getWebServer(TomcatServletWebServerFactory.java:222) ~[spring-boot-3.3.5.jar!/:3.3.5]
	at org.springframework.boot.web.servlet.context.ServletWebServerApplicationContext.createWebServer(ServletWebServerApplicationContext.java:188) ~[spring-boot-3.3.5.jar!/:3.3.5]
	at org.springframework.boot.web.servlet.context.ServletWebServerApplicationContext.onRefresh(ServletWebServerApplicationContext.java:162) ~[spring-boot-3.3.5.jar!/:3.3.5]
	at org.springframework.context.support.AbstractApplicationContext.refresh(AbstractApplicationContext.java:619) ~[spring-context-6.1.14.jar!/:6.1.14]
	at org.springframework.boot.web.servlet.context.ServletWebServerApplicationContext.refresh(ServletWebServerApplicationContext.java:146) ~[spring-boot-3.3.5.jar!/:3.3.5]
	at org.springframework.boot.SpringApplication.refresh(SpringApplication.java:754) ~[spring-boot-3.3.5.jar!/:3.3.5]
	at org.springframework.boot.SpringApplication.refreshContext(SpringApplication.java:456) ~[spring-boot-3.3.5.jar!/:3.3.5]
	at org.springframework.boot.SpringApplication.run(SpringApplication.java:335) ~[spring-boot-3.3.5.jar!/:3.3.5]
	at org.springframework.boot.SpringApplication.run(SpringApplication.java:1363) ~[spring-boot-3.3.5.jar!/:3.3.5]
	at org.springframework.boot.SpringApplication.run(SpringApplication.java:1352) ~[spring-boot-3.3.5.jar!/:3.3.5]
	at com.rslsolution.speakmateai.SpeakMateAiApplication.main(SpeakMateAiApplication.java:12) ~[!/:0.0.1-SNAPSHOT]
	at java.base/jdk.internal.reflect.DirectMethodHandleAccessor.invoke(DirectMethodHandleAccessor.java:103) ~[na:na]
	at java.base/java.lang.reflect.Method.invoke(Method.java:580) ~[na:na]
	at org.springframework.boot.loader.launch.Launcher.launch(Launcher.java:102) ~[speakmateai-0.0.1-SNAPSHOT.jar:0.0.1-SNAPSHOT]
	at org.springframework.boot.loader.launch.Launcher.launch(Launcher.java:64) ~[speakmateai-0.0.1-SNAPSHOT.jar:0.0.1-SNAPSHOT]
	at org.springframework.boot.loader.launch.JarLauncher.main(JarLauncher.java:40) ~[speakmateai-0.0.1-SNAPSHOT.jar:0.0.1-SNAPSHOT]
Caused by: org.postgresql.util.PSQLException: ERROR: column "user_id" of relation "progress" contains null values
	at org.postgresql.core.v3.QueryExecutorImpl.receiveErrorResponse(QueryExecutorImpl.java:2733) ~[postgresql-42.7.4.jar!/:42.7.4]
	at org.postgresql.core.v3.QueryExecutorImpl.processResults(QueryExecutorImpl.java:2420) ~[postgresql-42.7.4.jar!/:42.7.4]
	at org.postgresql.core.v3.QueryExecutorImpl.execute(QueryExecutorImpl.java:372) ~[postgresql-42.7.4.jar!/:42.7.4]
	at org.postgresql.jdbc.PgStatement.executeInternal(PgStatement.java:517) ~[postgresql-42.7.4.jar!/:42.7.4]
	at org.postgresql.jdbc.PgStatement.execute(PgStatement.java:434) ~[postgresql-42.7.4.jar!/:42.7.4]
	at org.postgresql.jdbc.PgStatement.executeWithFlags(PgStatement.java:356) ~[postgresql-42.7.4.jar!/:42.7.4]
	at org.postgresql.jdbc.PgStatement.executeCachedSql(PgStatement.java:341) ~[postgresql-42.7.4.jar!/:42.7.4]
	at org.postgresql.jdbc.PgStatement.executeWithFlags(PgStatement.java:317) ~[postgresql-42.7.4.jar!/:42.7.4]
	at org.postgresql.jdbc.PgStatement.execute(PgStatement.java:312) ~[postgresql-42.7.4.jar!/:42.7.4]
	at com.zaxxer.hikari.pool.ProxyStatement.execute(ProxyStatement.java:94) ~[HikariCP-5.1.0.jar!/:na]
	at com.zaxxer.hikari.pool.HikariProxyStatement.execute(HikariProxyStatement.java) ~[HikariCP-5.1.0.jar!/:na]
	at org.hibernate.tool.schema.internal.exec.GenerationTargetToDatabase.accept(GenerationTargetToDatabase.java:80) ~[hibernate-core-6.5.3.Final.jar!/:6.5.3.Final]
	... 114 common frames omitted

Hibernate: 
    alter table if exists refunds 
       alter column refund_reason set data type TEXT
Hibernate: 
    alter table if exists speaking_sessions 
       alter column feedback set data type TEXT
Hibernate: 
    alter table if exists speaking_sessions 
       alter column transcript set data type TEXT
Hibernate: 
    alter table if exists students 
       alter column avatar set data type TEXT
Hibernate: 
    alter table if exists subscription_plans 
       alter column features set data type TEXT
Hibernate: 
    alter table if exists users 
       alter column avatar set data type TEXT
Hibernate: 
    alter table if exists vocabulary 
       alter column antonym set data type TEXT
Hibernate: 
    alter table if exists vocabulary 
       alter column example_sentence set data type TEXT
Hibernate: 
    alter table if exists vocabulary 
       alter column meaning set data type TEXT
Hibernate: 
    alter table if exists vocabulary 
       alter column synonym set data type TEXT
Hibernate: 
    alter table if exists progress 
       drop constraint if exists UK1ax3w2xm8ocd7apgvuibb3g4s
2026-08-24T18:10:23.119+05:30  WARN 15172 --- [SpeakMateAI] [           main] o.h.engine.jdbc.spi.SqlExceptionHelper   : SQL Warning Code: 0, SQLState: 00000
2026-08-24T18:10:23.119+05:30  WARN 15172 --- [SpeakMateAI] [           main] o.h.engine.jdbc.spi.SqlExceptionHelper   : constraint "uk1ax3w2xm8ocd7apgvuibb3g4s" of relation "progress" does not exist, skipping
Hibernate: 
    alter table if exists progress 
       add constraint UK1ax3w2xm8ocd7apgvuibb3g4s unique (user_id)
Hibernate: 
    alter table if exists progress 
       add constraint FKg57pksd9hda15sacdaat75y28 
       foreign key (user_id) 
       references students
2026-08-24T18:10:31.775+05:30  WARN 15172 --- [SpeakMateAI] [           main] o.h.t.s.i.ExceptionHandlerLoggedImpl     : GenerationTarget encountered exception accepting command : Error executing DDL "
    alter table if exists progress 
       add constraint FKg57pksd9hda15sacdaat75y28 
       foreign key (user_id) 
       references students" via JDBC [ERROR: column "user_id" referenced in foreign key constraint does not exist]

org.hibernate.tool.schema.spi.CommandAcceptanceException: Error executing DDL "
    alter table if exists progress 
       add constraint FKg57pksd9hda15sacdaat75y28 
       foreign key (user_id) 
       references students" via JDBC [ERROR: column "user_id" referenced in foreign key constraint does not exist]
	at org.hibernate.tool.schema.internal.exec.GenerationTargetToDatabase.accept(GenerationTargetToDatabase.java:94) ~[hibernate-core-6.5.3.Final.jar!/:6.5.3.Final]
	at org.hibernate.tool.schema.internal.AbstractSchemaMigrator.applySqlString(AbstractSchemaMigrator.java:583) ~[hibernate-core-6.5.3.Final.jar!/:6.5.3.Final]
	at org.hibernate.tool.schema.internal.AbstractSchemaMigrator.applySqlStrings(AbstractSchemaMigrator.java:523) ~[hibernate-core-6.5.3.Final.jar!/:6.5.3.Final]
	at org.hibernate.tool.schema.internal.AbstractSchemaMigrator.applyForeignKeys(AbstractSchemaMigrator.java:455) ~[hibernate-core-6.5.3.Final.jar!/:6.5.3.Final]
	at org.hibernate.tool.schema.internal.AbstractSchemaMigrator.performMigration(AbstractSchemaMigrator.java:276) ~[hibernate-core-6.5.3.Final.jar!/:6.5.3.Final]
	at org.hibernate.tool.schema.internal.AbstractSchemaMigrator.doMigration(AbstractSchemaMigrator.java:119) ~[hibernate-core-6.5.3.Final.jar!/:6.5.3.Final]
	at org.hibernate.tool.schema.spi.SchemaManagementToolCoordinator.performDatabaseAction(SchemaManagementToolCoordinator.java:280) ~[hibernate-core-6.5.3.Final.jar!/:6.5.3.Final]
	at org.hibernate.tool.schema.spi.SchemaManagementToolCoordinator.lambda$process$5(SchemaManagementToolCoordinator.java:144) ~[hibernate-core-6.5.3.Final.jar!/:6.5.3.Final]
	at java.base/java.util.HashMap.forEach(HashMap.java:1429) ~[na:na]
	at org.hibernate.tool.schema.spi.SchemaManagementToolCoordinator.process(SchemaManagementToolCoordinator.java:141) ~[hibernate-core-6.5.3.Final.jar!/:6.5.3.Final]
	at org.hibernate.boot.internal.SessionFactoryObserverForSchemaExport.sessionFactoryCreated(SessionFactoryObserverForSchemaExport.java:37) ~[hibernate-core-6.5.3.Final.jar!/:6.5.3.Final]
	at org.hibernate.internal.SessionFactoryObserverChain.sessionFactoryCreated(SessionFactoryObserverChain.java:35) ~[hibernate-core-6.5.3.Final.jar!/:6.5.3.Final]
	at org.hibernate.internal.SessionFactoryImpl.<init>(SessionFactoryImpl.java:322) ~[hibernate-core-6.5.3.Final.jar!/:6.5.3.Final]
	at org.hibernate.boot.internal.SessionFactoryBuilderImpl.build(SessionFactoryBuilderImpl.java:457) ~[hibernate-core-6.5.3.Final.jar!/:6.5.3.Final]
	at org.hibernate.jpa.boot.internal.EntityManagerFactoryBuilderImpl.build(EntityManagerFactoryBuilderImpl.java:1506) ~[hibernate-core-6.5.3.Final.jar!/:6.5.3.Final]
	at org.springframework.orm.jpa.vendor.SpringHibernateJpaPersistenceProvider.createContainerEntityManagerFactory(SpringHibernateJpaPersistenceProvider.java:75) ~[spring-orm-6.1.14.jar!/:6.1.14]
	at org.springframework.orm.jpa.LocalContainerEntityManagerFactoryBean.createNativeEntityManagerFactory(LocalContainerEntityManagerFactoryBean.java:390) ~[spring-orm-6.1.14.jar!/:6.1.14]
	at org.springframework.orm.jpa.AbstractEntityManagerFactoryBean.buildNativeEntityManagerFactory(AbstractEntityManagerFactoryBean.java:409) ~[spring-orm-6.1.14.jar!/:6.1.14]
	at org.springframework.orm.jpa.AbstractEntityManagerFactoryBean.afterPropertiesSet(AbstractEntityManagerFactoryBean.java:396) ~[spring-orm-6.1.14.jar!/:6.1.14]
	at org.springframework.orm.jpa.LocalContainerEntityManagerFactoryBean.afterPropertiesSet(LocalContainerEntityManagerFactoryBean.java:366) ~[spring-orm-6.1.14.jar!/:6.1.14]
	at org.springframework.beans.factory.support.AbstractAutowireCapableBeanFactory.invokeInitMethods(AbstractAutowireCapableBeanFactory.java:1853) ~[spring-beans-6.1.14.jar!/:6.1.14]
	at org.springframework.beans.factory.support.AbstractAutowireCapableBeanFactory.initializeBean(AbstractAutowireCapableBeanFactory.java:1802) ~[spring-beans-6.1.14.jar!/:6.1.14]
	at org.springframework.beans.factory.support.AbstractAutowireCapableBeanFactory.doCreateBean(AbstractAutowireCapableBeanFactory.java:600) ~[spring-beans-6.1.14.jar!/:6.1.14]
	at org.springframework.beans.factory.support.AbstractAutowireCapableBeanFactory.createBean(AbstractAutowireCapableBeanFactory.java:522) ~[spring-beans-6.1.14.jar!/:6.1.14]
	at org.springframework.beans.factory.support.AbstractBeanFactory.lambda$doGetBean$0(AbstractBeanFactory.java:337) ~[spring-beans-6.1.14.jar!/:6.1.14]
	at org.springframework.beans.factory.support.DefaultSingletonBeanRegistry.getSingleton(DefaultSingletonBeanRegistry.java:234) ~[spring-beans-6.1.14.jar!/:6.1.14]
	at org.springframework.beans.factory.support.AbstractBeanFactory.doGetBean(AbstractBeanFactory.java:335) ~[spring-beans-6.1.14.jar!/:6.1.14]
	at org.springframework.beans.factory.support.AbstractBeanFactory.getBean(AbstractBeanFactory.java:200) ~[spring-beans-6.1.14.jar!/:6.1.14]
	at org.springframework.beans.factory.support.BeanDefinitionValueResolver.resolveReference(BeanDefinitionValueResolver.java:365) ~[spring-beans-6.1.14.jar!/:6.1.14]
	at org.springframework.beans.factory.support.BeanDefinitionValueResolver.resolveValueIfNecessary(BeanDefinitionValueResolver.java:135) ~[spring-beans-6.1.14.jar!/:6.1.14]
	at org.springframework.beans.factory.support.ConstructorResolver.resolveConstructorArguments(ConstructorResolver.java:682) ~[spring-beans-6.1.14.jar!/:6.1.14]
	at org.springframework.beans.factory.support.ConstructorResolver.instantiateUsingFactoryMethod(ConstructorResolver.java:509) ~[spring-beans-6.1.14.jar!/:6.1.14]
	at org.springframework.beans.factory.support.AbstractAutowireCapableBeanFactory.instantiateUsingFactoryMethod(AbstractAutowireCapableBeanFactory.java:1355) ~[spring-beans-6.1.14.jar!/:6.1.14]
	at org.springframework.beans.factory.support.AbstractAutowireCapableBeanFactory.createBeanInstance(AbstractAutowireCapableBeanFactory.java:1185) ~[spring-beans-6.1.14.jar!/:6.1.14]
	at org.springframework.beans.factory.support.AbstractAutowireCapableBeanFactory.doCreateBean(AbstractAutowireCapableBeanFactory.java:562) ~[spring-beans-6.1.14.jar!/:6.1.14]
	at org.springframework.beans.factory.support.AbstractAutowireCapableBeanFactory.createBean(AbstractAutowireCapableBeanFactory.java:522) ~[spring-beans-6.1.14.jar!/:6.1.14]
	at org.springframework.beans.factory.support.AbstractBeanFactory.lambda$doGetBean$0(AbstractBeanFactory.java:337) ~[spring-beans-6.1.14.jar!/:6.1.14]
	at org.springframework.beans.factory.support.DefaultSingletonBeanRegistry.getSingleton(DefaultSingletonBeanRegistry.java:234) ~[spring-beans-6.1.14.jar!/:6.1.14]
	at org.springframework.beans.factory.support.AbstractBeanFactory.doGetBean(AbstractBeanFactory.java:335) ~[spring-beans-6.1.14.jar!/:6.1.14]
	at org.springframework.beans.factory.support.AbstractBeanFactory.getBean(AbstractBeanFactory.java:200) ~[spring-beans-6.1.14.jar!/:6.1.14]
	at org.springframework.beans.factory.support.BeanDefinitionValueResolver.resolveReference(BeanDefinitionValueResolver.java:365) ~[spring-beans-6.1.14.jar!/:6.1.14]
	at org.springframework.beans.factory.support.BeanDefinitionValueResolver.resolveValueIfNecessary(BeanDefinitionValueResolver.java:135) ~[spring-beans-6.1.14.jar!/:6.1.14]
	at org.springframework.beans.factory.support.AbstractAutowireCapableBeanFactory.applyPropertyValues(AbstractAutowireCapableBeanFactory.java:1705) ~[spring-beans-6.1.14.jar!/:6.1.14]
	at org.springframework.beans.factory.support.AbstractAutowireCapableBeanFactory.populateBean(AbstractAutowireCapableBeanFactory.java:1454) ~[spring-beans-6.1.14.jar!/:6.1.14]
	at org.springframework.beans.factory.support.AbstractAutowireCapableBeanFactory.doCreateBean(AbstractAutowireCapableBeanFactory.java:599) ~[spring-beans-6.1.14.jar!/:6.1.14]
	at org.springframework.beans.factory.support.AbstractAutowireCapableBeanFactory.createBean(AbstractAutowireCapableBeanFactory.java:522) ~[spring-beans-6.1.14.jar!/:6.1.14]
	at org.springframework.beans.factory.support.AbstractBeanFactory.lambda$doGetBean$0(AbstractBeanFactory.java:337) ~[spring-beans-6.1.14.jar!/:6.1.14]
	at org.springframework.beans.factory.support.DefaultSingletonBeanRegistry.getSingleton(DefaultSingletonBeanRegistry.java:234) ~[spring-beans-6.1.14.jar!/:6.1.14]
	at org.springframework.beans.factory.support.AbstractBeanFactory.doGetBean(AbstractBeanFactory.java:335) ~[spring-beans-6.1.14.jar!/:6.1.14]
	at org.springframework.beans.factory.support.AbstractBeanFactory.getBean(AbstractBeanFactory.java:200) ~[spring-beans-6.1.14.jar!/:6.1.14]
	at org.springframework.beans.factory.config.DependencyDescriptor.resolveCandidate(DependencyDescriptor.java:254) ~[spring-beans-6.1.14.jar!/:6.1.14]
	at org.springframework.beans.factory.support.DefaultListableBeanFactory.doResolveDependency(DefaultListableBeanFactory.java:1443) ~[spring-beans-6.1.14.jar!/:6.1.14]
	at org.springframework.beans.factory.support.DefaultListableBeanFactory.resolveDependency(DefaultListableBeanFactory.java:1353) ~[spring-beans-6.1.14.jar!/:6.1.14]
	at org.springframework.beans.factory.support.ConstructorResolver.resolveAutowiredArgument(ConstructorResolver.java:904) ~[spring-beans-6.1.14.jar!/:6.1.14]
	at org.springframework.beans.factory.support.ConstructorResolver.createArgumentArray(ConstructorResolver.java:782) ~[spring-beans-6.1.14.jar!/:6.1.14]
	at org.springframework.beans.factory.support.ConstructorResolver.autowireConstructor(ConstructorResolver.java:237) ~[spring-beans-6.1.14.jar!/:6.1.14]
	at org.springframework.beans.factory.support.AbstractAutowireCapableBeanFactory.autowireConstructor(AbstractAutowireCapableBeanFactory.java:1375) ~[spring-beans-6.1.14.jar!/:6.1.14]
	at org.springframework.beans.factory.support.AbstractAutowireCapableBeanFactory.createBeanInstance(AbstractAutowireCapableBeanFactory.java:1212) ~[spring-beans-6.1.14.jar!/:6.1.14]
	at org.springframework.beans.factory.support.AbstractAutowireCapableBeanFactory.doCreateBean(AbstractAutowireCapableBeanFactory.java:562) ~[spring-beans-6.1.14.jar!/:6.1.14]
	at org.springframework.beans.factory.support.AbstractAutowireCapableBeanFactory.createBean(AbstractAutowireCapableBeanFactory.java:522) ~[spring-beans-6.1.14.jar!/:6.1.14]
	at org.springframework.beans.factory.support.AbstractBeanFactory.lambda$doGetBean$0(AbstractBeanFactory.java:337) ~[spring-beans-6.1.14.jar!/:6.1.14]
	at org.springframework.beans.factory.support.DefaultSingletonBeanRegistry.getSingleton(DefaultSingletonBeanRegistry.java:234) ~[spring-beans-6.1.14.jar!/:6.1.14]
	at org.springframework.beans.factory.support.AbstractBeanFactory.doGetBean(AbstractBeanFactory.java:335) ~[spring-beans-6.1.14.jar!/:6.1.14]
	at org.springframework.beans.factory.support.AbstractBeanFactory.getBean(AbstractBeanFactory.java:205) ~[spring-beans-6.1.14.jar!/:6.1.14]
	at org.springframework.boot.web.servlet.ServletContextInitializerBeans.getOrderedBeansOfType(ServletContextInitializerBeans.java:211) ~[spring-boot-3.3.5.jar!/:3.3.5]
	at org.springframework.boot.web.servlet.ServletContextInitializerBeans.addAsRegistrationBean(ServletContextInitializerBeans.java:174) ~[spring-boot-3.3.5.jar!/:3.3.5]
	at org.springframework.boot.web.servlet.ServletContextInitializerBeans.addAsRegistrationBean(ServletContextInitializerBeans.java:169) ~[spring-boot-3.3.5.jar!/:3.3.5]
	at org.springframework.boot.web.servlet.ServletContextInitializerBeans.addAdaptableBeans(ServletContextInitializerBeans.java:154) ~[spring-boot-3.3.5.jar!/:3.3.5]
	at org.springframework.boot.web.servlet.ServletContextInitializerBeans.<init>(ServletContextInitializerBeans.java:87) ~[spring-boot-3.3.5.jar!/:3.3.5]
	at org.springframework.boot.web.servlet.context.ServletWebServerApplicationContext.getServletContextInitializerBeans(ServletWebServerApplicationContext.java:266) ~[spring-boot-3.3.5.jar!/:3.3.5]
	at org.springframework.boot.web.servlet.context.ServletWebServerApplicationContext.selfInitialize(ServletWebServerApplicationContext.java:240) ~[spring-boot-3.3.5.jar!/:3.3.5]
	at org.springframework.boot.web.embedded.tomcat.TomcatStarter.onStartup(TomcatStarter.java:52) ~[spring-boot-3.3.5.jar!/:3.3.5]
	at org.apache.catalina.core.StandardContext.startInternal(StandardContext.java:4412) ~[tomcat-embed-core-10.1.31.jar!/:na]
	at org.apache.catalina.util.LifecycleBase.start(LifecycleBase.java:164) ~[tomcat-embed-core-10.1.31.jar!/:na]
	at org.apache.catalina.core.ContainerBase$StartChild.call(ContainerBase.java:1203) ~[tomcat-embed-core-10.1.31.jar!/:na]
	at org.apache.catalina.core.ContainerBase$StartChild.call(ContainerBase.java:1193) ~[tomcat-embed-core-10.1.31.jar!/:na]
	at java.base/java.util.concurrent.FutureTask.run(FutureTask.java:317) ~[na:na]
	at org.apache.tomcat.util.threads.InlineExecutorService.execute(InlineExecutorService.java:75) ~[tomcat-embed-core-10.1.31.jar!/:na]
	at java.base/java.util.concurrent.AbstractExecutorService.submit(AbstractExecutorService.java:145) ~[na:na]
	at org.apache.catalina.core.ContainerBase.startInternal(ContainerBase.java:749) ~[tomcat-embed-core-10.1.31.jar!/:na]
	at org.apache.catalina.core.StandardHost.startInternal(StandardHost.java:772) ~[tomcat-embed-core-10.1.31.jar!/:na]
	at org.apache.catalina.util.LifecycleBase.start(LifecycleBase.java:164) ~[tomcat-embed-core-10.1.31.jar!/:na]
	at org.apache.catalina.core.ContainerBase$StartChild.call(ContainerBase.java:1203) ~[tomcat-embed-core-10.1.31.jar!/:na]
	at org.apache.catalina.core.ContainerBase$StartChild.call(ContainerBase.java:1193) ~[tomcat-embed-core-10.1.31.jar!/:na]
	at java.base/java.util.concurrent.FutureTask.run(FutureTask.java:317) ~[na:na]
	at org.apache.tomcat.util.threads.InlineExecutorService.execute(InlineExecutorService.java:75) ~[tomcat-embed-core-10.1.31.jar!/:na]
	at java.base/java.util.concurrent.AbstractExecutorService.submit(AbstractExecutorService.java:145) ~[na:na]
	at org.apache.catalina.core.ContainerBase.startInternal(ContainerBase.java:749) ~[tomcat-embed-core-10.1.31.jar!/:na]
	at org.apache.catalina.core.StandardEngine.startInternal(StandardEngine.java:203) ~[tomcat-embed-core-10.1.31.jar!/:na]
	at org.apache.catalina.util.LifecycleBase.start(LifecycleBase.java:164) ~[tomcat-embed-core-10.1.31.jar!/:na]
	at org.apache.catalina.core.StandardService.startInternal(StandardService.java:415) ~[tomcat-embed-core-10.1.31.jar!/:na]
	at org.apache.catalina.util.LifecycleBase.start(LifecycleBase.java:164) ~[tomcat-embed-core-10.1.31.jar!/:na]
	at org.apache.catalina.core.StandardServer.startInternal(StandardServer.java:870) ~[tomcat-embed-core-10.1.31.jar!/:na]
	at org.apache.catalina.util.LifecycleBase.start(LifecycleBase.java:164) ~[tomcat-embed-core-10.1.31.jar!/:na]
	at org.apache.catalina.startup.Tomcat.start(Tomcat.java:437) ~[tomcat-embed-core-10.1.31.jar!/:na]
	at org.springframework.boot.web.embedded.tomcat.TomcatWebServer.initialize(TomcatWebServer.java:128) ~[spring-boot-3.3.5.jar!/:3.3.5]
	at org.springframework.boot.web.embedded.tomcat.TomcatWebServer.<init>(TomcatWebServer.java:107) ~[spring-boot-3.3.5.jar!/:3.3.5]
	at org.springframework.boot.web.embedded.tomcat.TomcatServletWebServerFactory.getTomcatWebServer(TomcatServletWebServerFactory.java:516) ~[spring-boot-3.3.5.jar!/:3.3.5]
	at org.springframework.boot.web.embedded.tomcat.TomcatServletWebServerFactory.getWebServer(TomcatServletWebServerFactory.java:222) ~[spring-boot-3.3.5.jar!/:3.3.5]
	at org.springframework.boot.web.servlet.context.ServletWebServerApplicationContext.createWebServer(ServletWebServerApplicationContext.java:188) ~[spring-boot-3.3.5.jar!/:3.3.5]
	at org.springframework.boot.web.servlet.context.ServletWebServerApplicationContext.onRefresh(ServletWebServerApplicationContext.java:162) ~[spring-boot-3.3.5.jar!/:3.3.5]
	at org.springframework.context.support.AbstractApplicationContext.refresh(AbstractApplicationContext.java:619) ~[spring-context-6.1.14.jar!/:6.1.14]
	at org.springframework.boot.web.servlet.context.ServletWebServerApplicationContext.refresh(ServletWebServerApplicationContext.java:146) ~[spring-boot-3.3.5.jar!/:3.3.5]
	at org.springframework.boot.SpringApplication.refresh(SpringApplication.java:754) ~[spring-boot-3.3.5.jar!/:3.3.5]
	at org.springframework.boot.SpringApplication.refreshContext(SpringApplication.java:456) ~[spring-boot-3.3.5.jar!/:3.3.5]
	at org.springframework.boot.SpringApplication.run(SpringApplication.java:335) ~[spring-boot-3.3.5.jar!/:3.3.5]
	at org.springframework.boot.SpringApplication.run(SpringApplication.java:1363) ~[spring-boot-3.3.5.jar!/:3.3.5]
	at org.springframework.boot.SpringApplication.run(SpringApplication.java:1352) ~[spring-boot-3.3.5.jar!/:3.3.5]
	at com.rslsolution.speakmateai.SpeakMateAiApplication.main(SpeakMateAiApplication.java:12) ~[!/:0.0.1-SNAPSHOT]
	at java.base/jdk.internal.reflect.DirectMethodHandleAccessor.invoke(DirectMethodHandleAccessor.java:103) ~[na:na]
	at java.base/java.lang.reflect.Method.invoke(Method.java:580) ~[na:na]
	at org.springframework.boot.loader.launch.Launcher.launch(Launcher.java:102) ~[speakmateai-0.0.1-SNAPSHOT.jar:0.0.1-SNAPSHOT]
	at org.springframework.boot.loader.launch.Launcher.launch(Launcher.java:64) ~[speakmateai-0.0.1-SNAPSHOT.jar:0.0.1-SNAPSHOT]
	at org.springframework.boot.loader.launch.JarLauncher.main(JarLauncher.java:40) ~[speakmateai-0.0.1-SNAPSHOT.jar:0.0.1-SNAPSHOT]
Caused by: org.postgresql.util.PSQLException: ERROR: column "user_id" referenced in foreign key constraint does not exist
	at org.postgresql.core.v3.QueryExecutorImpl.receiveErrorResponse(QueryExecutorImpl.java:2733) ~[postgresql-42.7.4.jar!/:42.7.4]
	at org.postgresql.core.v3.QueryExecutorImpl.processResults(QueryExecutorImpl.java:2420) ~[postgresql-42.7.4.jar!/:42.7.4]
	at org.postgresql.core.v3.QueryExecutorImpl.execute(QueryExecutorImpl.java:372) ~[postgresql-42.7.4.jar!/:42.7.4]
	at org.postgresql.jdbc.PgStatement.executeInternal(PgStatement.java:517) ~[postgresql-42.7.4.jar!/:42.7.4]
	at org.postgresql.jdbc.PgStatement.execute(PgStatement.java:434) ~[postgresql-42.7.4.jar!/:42.7.4]
	at org.postgresql.jdbc.PgStatement.executeWithFlags(PgStatement.java:356) ~[postgresql-42.7.4.jar!/:42.7.4]
	at org.postgresql.jdbc.PgStatement.executeCachedSql(PgStatement.java:341) ~[postgresql-42.7.4.jar!/:42.7.4]
	at org.postgresql.jdbc.PgStatement.executeWithFlags(PgStatement.java:317) ~[postgresql-42.7.4.jar!/:42.7.4]
	at org.postgresql.jdbc.PgStatement.execute(PgStatement.java:312) ~[postgresql-42.7.4.jar!/:42.7.4]
	at com.zaxxer.hikari.pool.ProxyStatement.execute(ProxyStatement.java:94) ~[HikariCP-5.1.0.jar!/:na]
	at com.zaxxer.hikari.pool.HikariProxyStatement.execute(HikariProxyStatement.java) ~[HikariCP-5.1.0.jar!/:na]
	at org.hibernate.tool.schema.internal.exec.GenerationTargetToDatabase.accept(GenerationTargetToDatabase.java:80) ~[hibernate-core-6.5.3.Final.jar!/:6.5.3.Final]
	... 113 common frames omitted

Hibernate: 
    alter table if exists teachers 
       add constraint FKpavufmal5lbtc60csriy8sx3 
       foreign key (id) 
       references users
2026-08-24T18:10:34.366+05:30  WARN 15172 --- [SpeakMateAI] [           main] o.h.t.s.i.ExceptionHandlerLoggedImpl     : GenerationTarget encountered exception accepting command : Error executing DDL "
    alter table if exists teachers 
       add constraint FKpavufmal5lbtc60csriy8sx3 
       foreign key (id) 
       references users" via JDBC [ERROR: insert or update on table "teachers" violates foreign key constraint "fkpavufmal5lbtc60csriy8sx3"
  Detail: Key (id)=(1) is not present in table "users".]

org.hibernate.tool.schema.spi.CommandAcceptanceException: Error executing DDL "
    alter table if exists teachers 
       add constraint FKpavufmal5lbtc60csriy8sx3 
       foreign key (id) 
       references users" via JDBC [ERROR: insert or update on table "teachers" violates foreign key constraint "fkpavufmal5lbtc60csriy8sx3"
  Detail: Key (id)=(1) is not present in table "users".]
	at org.hibernate.tool.schema.internal.exec.GenerationTargetToDatabase.accept(GenerationTargetToDatabase.java:94) ~[hibernate-core-6.5.3.Final.jar!/:6.5.3.Final]
	at org.hibernate.tool.schema.internal.AbstractSchemaMigrator.applySqlString(AbstractSchemaMigrator.java:583) ~[hibernate-core-6.5.3.Final.jar!/:6.5.3.Final]
	at org.hibernate.tool.schema.internal.AbstractSchemaMigrator.applySqlStrings(AbstractSchemaMigrator.java:523) ~[hibernate-core-6.5.3.Final.jar!/:6.5.3.Final]
	at org.hibernate.tool.schema.internal.AbstractSchemaMigrator.applyForeignKeys(AbstractSchemaMigrator.java:455) ~[hibernate-core-6.5.3.Final.jar!/:6.5.3.Final]
	at org.hibernate.tool.schema.internal.AbstractSchemaMigrator.performMigration(AbstractSchemaMigrator.java:276) ~[hibernate-core-6.5.3.Final.jar!/:6.5.3.Final]
	at org.hibernate.tool.schema.internal.AbstractSchemaMigrator.doMigration(AbstractSchemaMigrator.java:119) ~[hibernate-core-6.5.3.Final.jar!/:6.5.3.Final]
	at org.hibernate.tool.schema.spi.SchemaManagementToolCoordinator.performDatabaseAction(SchemaManagementToolCoordinator.java:280) ~[hibernate-core-6.5.3.Final.jar!/:6.5.3.Final]
	at org.hibernate.tool.schema.spi.SchemaManagementToolCoordinator.lambda$process$5(SchemaManagementToolCoordinator.java:144) ~[hibernate-core-6.5.3.Final.jar!/:6.5.3.Final]
	at java.base/java.util.HashMap.forEach(HashMap.java:1429) ~[na:na]
	at org.hibernate.tool.schema.spi.SchemaManagementToolCoordinator.process(SchemaManagementToolCoordinator.java:141) ~[hibernate-core-6.5.3.Final.jar!/:6.5.3.Final]
	at org.hibernate.boot.internal.SessionFactoryObserverForSchemaExport.sessionFactoryCreated(SessionFactoryObserverForSchemaExport.java:37) ~[hibernate-core-6.5.3.Final.jar!/:6.5.3.Final]
	at org.hibernate.internal.SessionFactoryObserverChain.sessionFactoryCreated(SessionFactoryObserverChain.java:35) ~[hibernate-core-6.5.3.Final.jar!/:6.5.3.Final]
	at org.hibernate.internal.SessionFactoryImpl.<init>(SessionFactoryImpl.java:322) ~[hibernate-core-6.5.3.Final.jar!/:6.5.3.Final]
	at org.hibernate.boot.internal.SessionFactoryBuilderImpl.build(SessionFactoryBuilderImpl.java:457) ~[hibernate-core-6.5.3.Final.jar!/:6.5.3.Final]
	at org.hibernate.jpa.boot.internal.EntityManagerFactoryBuilderImpl.build(EntityManagerFactoryBuilderImpl.java:1506) ~[hibernate-core-6.5.3.Final.jar!/:6.5.3.Final]
	at org.springframework.orm.jpa.vendor.SpringHibernateJpaPersistenceProvider.createContainerEntityManagerFactory(SpringHibernateJpaPersistenceProvider.java:75) ~[spring-orm-6.1.14.jar!/:6.1.14]
	at org.springframework.orm.jpa.LocalContainerEntityManagerFactoryBean.createNativeEntityManagerFactory(LocalContainerEntityManagerFactoryBean.java:390) ~[spring-orm-6.1.14.jar!/:6.1.14]
	at org.springframework.orm.jpa.AbstractEntityManagerFactoryBean.buildNativeEntityManagerFactory(AbstractEntityManagerFactoryBean.java:409) ~[spring-orm-6.1.14.jar!/:6.1.14]
	at org.springframework.orm.jpa.AbstractEntityManagerFactoryBean.afterPropertiesSet(AbstractEntityManagerFactoryBean.java:396) ~[spring-orm-6.1.14.jar!/:6.1.14]
	at org.springframework.orm.jpa.LocalContainerEntityManagerFactoryBean.afterPropertiesSet(LocalContainerEntityManagerFactoryBean.java:366) ~[spring-orm-6.1.14.jar!/:6.1.14]
	at org.springframework.beans.factory.support.AbstractAutowireCapableBeanFactory.invokeInitMethods(AbstractAutowireCapableBeanFactory.java:1853) ~[spring-beans-6.1.14.jar!/:6.1.14]
	at org.springframework.beans.factory.support.AbstractAutowireCapableBeanFactory.initializeBean(AbstractAutowireCapableBeanFactory.java:1802) ~[spring-beans-6.1.14.jar!/:6.1.14]
	at org.springframework.beans.factory.support.AbstractAutowireCapableBeanFactory.doCreateBean(AbstractAutowireCapableBeanFactory.java:600) ~[spring-beans-6.1.14.jar!/:6.1.14]
	at org.springframework.beans.factory.support.AbstractAutowireCapableBeanFactory.createBean(AbstractAutowireCapableBeanFactory.java:522) ~[spring-beans-6.1.14.jar!/:6.1.14]
	at org.springframework.beans.factory.support.AbstractBeanFactory.lambda$doGetBean$0(AbstractBeanFactory.java:337) ~[spring-beans-6.1.14.jar!/:6.1.14]
	at org.springframework.beans.factory.support.DefaultSingletonBeanRegistry.getSingleton(DefaultSingletonBeanRegistry.java:234) ~[spring-beans-6.1.14.jar!/:6.1.14]
	at org.springframework.beans.factory.support.AbstractBeanFactory.doGetBean(AbstractBeanFactory.java:335) ~[spring-beans-6.1.14.jar!/:6.1.14]
	at org.springframework.beans.factory.support.AbstractBeanFactory.getBean(AbstractBeanFactory.java:200) ~[spring-beans-6.1.14.jar!/:6.1.14]
	at org.springframework.beans.factory.support.BeanDefinitionValueResolver.resolveReference(BeanDefinitionValueResolver.java:365) ~[spring-beans-6.1.14.jar!/:6.1.14]
	at org.springframework.beans.factory.support.BeanDefinitionValueResolver.resolveValueIfNecessary(BeanDefinitionValueResolver.java:135) ~[spring-beans-6.1.14.jar!/:6.1.14]
	at org.springframework.beans.factory.support.ConstructorResolver.resolveConstructorArguments(ConstructorResolver.java:682) ~[spring-beans-6.1.14.jar!/:6.1.14]
	at org.springframework.beans.factory.support.ConstructorResolver.instantiateUsingFactoryMethod(ConstructorResolver.java:509) ~[spring-beans-6.1.14.jar!/:6.1.14]
	at org.springframework.beans.factory.support.AbstractAutowireCapableBeanFactory.instantiateUsingFactoryMethod(AbstractAutowireCapableBeanFactory.java:1355) ~[spring-beans-6.1.14.jar!/:6.1.14]
	at org.springframework.beans.factory.support.AbstractAutowireCapableBeanFactory.createBeanInstance(AbstractAutowireCapableBeanFactory.java:1185) ~[spring-beans-6.1.14.jar!/:6.1.14]
	at org.springframework.beans.factory.support.AbstractAutowireCapableBeanFactory.doCreateBean(AbstractAutowireCapableBeanFactory.java:562) ~[spring-beans-6.1.14.jar!/:6.1.14]
	at org.springframework.beans.factory.support.AbstractAutowireCapableBeanFactory.createBean(AbstractAutowireCapableBeanFactory.java:522) ~[spring-beans-6.1.14.jar!/:6.1.14]
	at org.springframework.beans.factory.support.AbstractBeanFactory.lambda$doGetBean$0(AbstractBeanFactory.java:337) ~[spring-beans-6.1.14.jar!/:6.1.14]
	at org.springframework.beans.factory.support.DefaultSingletonBeanRegistry.getSingleton(DefaultSingletonBeanRegistry.java:234) ~[spring-beans-6.1.14.jar!/:6.1.14]
	at org.springframework.beans.factory.support.AbstractBeanFactory.doGetBean(AbstractBeanFactory.java:335) ~[spring-beans-6.1.14.jar!/:6.1.14]
	at org.springframework.beans.factory.support.AbstractBeanFactory.getBean(AbstractBeanFactory.java:200) ~[spring-beans-6.1.14.jar!/:6.1.14]
	at org.springframework.beans.factory.support.BeanDefinitionValueResolver.resolveReference(BeanDefinitionValueResolver.java:365) ~[spring-beans-6.1.14.jar!/:6.1.14]
	at org.springframework.beans.factory.support.BeanDefinitionValueResolver.resolveValueIfNecessary(BeanDefinitionValueResolver.java:135) ~[spring-beans-6.1.14.jar!/:6.1.14]
	at org.springframework.beans.factory.support.AbstractAutowireCapableBeanFactory.applyPropertyValues(AbstractAutowireCapableBeanFactory.java:1705) ~[spring-beans-6.1.14.jar!/:6.1.14]
	at org.springframework.beans.factory.support.AbstractAutowireCapableBeanFactory.populateBean(AbstractAutowireCapableBeanFactory.java:1454) ~[spring-beans-6.1.14.jar!/:6.1.14]
	at org.springframework.beans.factory.support.AbstractAutowireCapableBeanFactory.doCreateBean(AbstractAutowireCapableBeanFactory.java:599) ~[spring-beans-6.1.14.jar!/:6.1.14]
	at org.springframework.beans.factory.support.AbstractAutowireCapableBeanFactory.createBean(AbstractAutowireCapableBeanFactory.java:522) ~[spring-beans-6.1.14.jar!/:6.1.14]
	at org.springframework.beans.factory.support.AbstractBeanFactory.lambda$doGetBean$0(AbstractBeanFactory.java:337) ~[spring-beans-6.1.14.jar!/:6.1.14]
	at org.springframework.beans.factory.support.DefaultSingletonBeanRegistry.getSingleton(DefaultSingletonBeanRegistry.java:234) ~[spring-beans-6.1.14.jar!/:6.1.14]
	at org.springframework.beans.factory.support.AbstractBeanFactory.doGetBean(AbstractBeanFactory.java:335) ~[spring-beans-6.1.14.jar!/:6.1.14]
	at org.springframework.beans.factory.support.AbstractBeanFactory.getBean(AbstractBeanFactory.java:200) ~[spring-beans-6.1.14.jar!/:6.1.14]
	at org.springframework.beans.factory.config.DependencyDescriptor.resolveCandidate(DependencyDescriptor.java:254) ~[spring-beans-6.1.14.jar!/:6.1.14]
	at org.springframework.beans.factory.support.DefaultListableBeanFactory.doResolveDependency(DefaultListableBeanFactory.java:1443) ~[spring-beans-6.1.14.jar!/:6.1.14]
	at org.springframework.beans.factory.support.DefaultListableBeanFactory.resolveDependency(DefaultListableBeanFactory.java:1353) ~[spring-beans-6.1.14.jar!/:6.1.14]
	at org.springframework.beans.factory.support.ConstructorResolver.resolveAutowiredArgument(ConstructorResolver.java:904) ~[spring-beans-6.1.14.jar!/:6.1.14]
	at org.springframework.beans.factory.support.ConstructorResolver.createArgumentArray(ConstructorResolver.java:782) ~[spring-beans-6.1.14.jar!/:6.1.14]
	at org.springframework.beans.factory.support.ConstructorResolver.autowireConstructor(ConstructorResolver.java:237) ~[spring-beans-6.1.14.jar!/:6.1.14]
	at org.springframework.beans.factory.support.AbstractAutowireCapableBeanFactory.autowireConstructor(AbstractAutowireCapableBeanFactory.java:1375) ~[spring-beans-6.1.14.jar!/:6.1.14]
	at org.springframework.beans.factory.support.AbstractAutowireCapableBeanFactory.createBeanInstance(AbstractAutowireCapableBeanFactory.java:1212) ~[spring-beans-6.1.14.jar!/:6.1.14]
	at org.springframework.beans.factory.support.AbstractAutowireCapableBeanFactory.doCreateBean(AbstractAutowireCapableBeanFactory.java:562) ~[spring-beans-6.1.14.jar!/:6.1.14]
	at org.springframework.beans.factory.support.AbstractAutowireCapableBeanFactory.createBean(AbstractAutowireCapableBeanFactory.java:522) ~[spring-beans-6.1.14.jar!/:6.1.14]
	at org.springframework.beans.factory.support.AbstractBeanFactory.lambda$doGetBean$0(AbstractBeanFactory.java:337) ~[spring-beans-6.1.14.jar!/:6.1.14]
	at org.springframework.beans.factory.support.DefaultSingletonBeanRegistry.getSingleton(DefaultSingletonBeanRegistry.java:234) ~[spring-beans-6.1.14.jar!/:6.1.14]
	at org.springframework.beans.factory.support.AbstractBeanFactory.doGetBean(AbstractBeanFactory.java:335) ~[spring-beans-6.1.14.jar!/:6.1.14]
	at org.springframework.beans.factory.support.AbstractBeanFactory.getBean(AbstractBeanFactory.java:205) ~[spring-beans-6.1.14.jar!/:6.1.14]
	at org.springframework.boot.web.servlet.ServletContextInitializerBeans.getOrderedBeansOfType(ServletContextInitializerBeans.java:211) ~[spring-boot-3.3.5.jar!/:3.3.5]
	at org.springframework.boot.web.servlet.ServletContextInitializerBeans.addAsRegistrationBean(ServletContextInitializerBeans.java:174) ~[spring-boot-3.3.5.jar!/:3.3.5]
	at org.springframework.boot.web.servlet.ServletContextInitializerBeans.addAsRegistrationBean(ServletContextInitializerBeans.java:169) ~[spring-boot-3.3.5.jar!/:3.3.5]
	at org.springframework.boot.web.servlet.ServletContextInitializerBeans.addAdaptableBeans(ServletContextInitializerBeans.java:154) ~[spring-boot-3.3.5.jar!/:3.3.5]
	at org.springframework.boot.web.servlet.ServletContextInitializerBeans.<init>(ServletContextInitializerBeans.java:87) ~[spring-boot-3.3.5.jar!/:3.3.5]
	at org.springframework.boot.web.servlet.context.ServletWebServerApplicationContext.getServletContextInitializerBeans(ServletWebServerApplicationContext.java:266) ~[spring-boot-3.3.5.jar!/:3.3.5]
	at org.springframework.boot.web.servlet.context.ServletWebServerApplicationContext.selfInitialize(ServletWebServerApplicationContext.java:240) ~[spring-boot-3.3.5.jar!/:3.3.5]
	at org.springframework.boot.web.embedded.tomcat.TomcatStarter.onStartup(TomcatStarter.java:52) ~[spring-boot-3.3.5.jar!/:3.3.5]
	at org.apache.catalina.core.StandardContext.startInternal(StandardContext.java:4412) ~[tomcat-embed-core-10.1.31.jar!/:na]
	at org.apache.catalina.util.LifecycleBase.start(LifecycleBase.java:164) ~[tomcat-embed-core-10.1.31.jar!/:na]
	at org.apache.catalina.core.ContainerBase$StartChild.call(ContainerBase.java:1203) ~[tomcat-embed-core-10.1.31.jar!/:na]
	at org.apache.catalina.core.ContainerBase$StartChild.call(ContainerBase.java:1193) ~[tomcat-embed-core-10.1.31.jar!/:na]
	at java.base/java.util.concurrent.FutureTask.run(FutureTask.java:317) ~[na:na]
	at org.apache.tomcat.util.threads.InlineExecutorService.execute(InlineExecutorService.java:75) ~[tomcat-embed-core-10.1.31.jar!/:na]
	at java.base/java.util.concurrent.AbstractExecutorService.submit(AbstractExecutorService.java:145) ~[na:na]
	at org.apache.catalina.core.ContainerBase.startInternal(ContainerBase.java:749) ~[tomcat-embed-core-10.1.31.jar!/:na]
	at org.apache.catalina.core.StandardHost.startInternal(StandardHost.java:772) ~[tomcat-embed-core-10.1.31.jar!/:na]
	at org.apache.catalina.util.LifecycleBase.start(LifecycleBase.java:164) ~[tomcat-embed-core-10.1.31.jar!/:na]
	at org.apache.catalina.core.ContainerBase$StartChild.call(ContainerBase.java:1203) ~[tomcat-embed-core-10.1.31.jar!/:na]
	at org.apache.catalina.core.ContainerBase$StartChild.call(ContainerBase.java:1193) ~[tomcat-embed-core-10.1.31.jar!/:na]
	at java.base/java.util.concurrent.FutureTask.run(FutureTask.java:317) ~[na:na]
	at org.apache.tomcat.util.threads.InlineExecutorService.execute(InlineExecutorService.java:75) ~[tomcat-embed-core-10.1.31.jar!/:na]
	at java.base/java.util.concurrent.AbstractExecutorService.submit(AbstractExecutorService.java:145) ~[na:na]
	at org.apache.catalina.core.ContainerBase.startInternal(ContainerBase.java:749) ~[tomcat-embed-core-10.1.31.jar!/:na]
	at org.apache.catalina.core.StandardEngine.startInternal(StandardEngine.java:203) ~[tomcat-embed-core-10.1.31.jar!/:na]
	at org.apache.catalina.util.LifecycleBase.start(LifecycleBase.java:164) ~[tomcat-embed-core-10.1.31.jar!/:na]
	at org.apache.catalina.core.StandardService.startInternal(StandardService.java:415) ~[tomcat-embed-core-10.1.31.jar!/:na]
	at org.apache.catalina.util.LifecycleBase.start(LifecycleBase.java:164) ~[tomcat-embed-core-10.1.31.jar!/:na]
	at org.apache.catalina.core.StandardServer.startInternal(StandardServer.java:870) ~[tomcat-embed-core-10.1.31.jar!/:na]
	at org.apache.catalina.util.LifecycleBase.start(LifecycleBase.java:164) ~[tomcat-embed-core-10.1.31.jar!/:na]
	at org.apache.catalina.startup.Tomcat.start(Tomcat.java:437) ~[tomcat-embed-core-10.1.31.jar!/:na]
	at org.springframework.boot.web.embedded.tomcat.TomcatWebServer.initialize(TomcatWebServer.java:128) ~[spring-boot-3.3.5.jar!/:3.3.5]
	at org.springframework.boot.web.embedded.tomcat.TomcatWebServer.<init>(TomcatWebServer.java:107) ~[spring-boot-3.3.5.jar!/:3.3.5]
	at org.springframework.boot.web.embedded.tomcat.TomcatServletWebServerFactory.getTomcatWebServer(TomcatServletWebServerFactory.java:516) ~[spring-boot-3.3.5.jar!/:3.3.5]
	at org.springframework.boot.web.embedded.tomcat.TomcatServletWebServerFactory.getWebServer(TomcatServletWebServerFactory.java:222) ~[spring-boot-3.3.5.jar!/:3.3.5]
	at org.springframework.boot.web.servlet.context.ServletWebServerApplicationContext.createWebServer(ServletWebServerApplicationContext.java:188) ~[spring-boot-3.3.5.jar!/:3.3.5]
	at org.springframework.boot.web.servlet.context.ServletWebServerApplicationContext.onRefresh(ServletWebServerApplicationContext.java:162) ~[spring-boot-3.3.5.jar!/:3.3.5]
	at org.springframework.context.support.AbstractApplicationContext.refresh(AbstractApplicationContext.java:619) ~[spring-context-6.1.14.jar!/:6.1.14]
	at org.springframework.boot.web.servlet.context.ServletWebServerApplicationContext.refresh(ServletWebServerApplicationContext.java:146) ~[spring-boot-3.3.5.jar!/:3.3.5]
	at org.springframework.boot.SpringApplication.refresh(SpringApplication.java:754) ~[spring-boot-3.3.5.jar!/:3.3.5]
	at org.springframework.boot.SpringApplication.refreshContext(SpringApplication.java:456) ~[spring-boot-3.3.5.jar!/:3.3.5]
	at org.springframework.boot.SpringApplication.run(SpringApplication.java:335) ~[spring-boot-3.3.5.jar!/:3.3.5]
	at org.springframework.boot.SpringApplication.run(SpringApplication.java:1363) ~[spring-boot-3.3.5.jar!/:3.3.5]
	at org.springframework.boot.SpringApplication.run(SpringApplication.java:1352) ~[spring-boot-3.3.5.jar!/:3.3.5]
	at com.rslsolution.speakmateai.SpeakMateAiApplication.main(SpeakMateAiApplication.java:12) ~[!/:0.0.1-SNAPSHOT]
	at java.base/jdk.internal.reflect.DirectMethodHandleAccessor.invoke(DirectMethodHandleAccessor.java:103) ~[na:na]
	at java.base/java.lang.reflect.Method.invoke(Method.java:580) ~[na:na]
	at org.springframework.boot.loader.launch.Launcher.launch(Launcher.java:102) ~[speakmateai-0.0.1-SNAPSHOT.jar:0.0.1-SNAPSHOT]
	at org.springframework.boot.loader.launch.Launcher.launch(Launcher.java:64) ~[speakmateai-0.0.1-SNAPSHOT.jar:0.0.1-SNAPSHOT]
	at org.springframework.boot.loader.launch.JarLauncher.main(JarLauncher.java:40) ~[speakmateai-0.0.1-SNAPSHOT.jar:0.0.1-SNAPSHOT]
Caused by: org.postgresql.util.PSQLException: ERROR: insert or update on table "teachers" violates foreign key constraint "fkpavufmal5lbtc60csriy8sx3"
  Detail: Key (id)=(1) is not present in table "users".
	at org.postgresql.core.v3.QueryExecutorImpl.receiveErrorResponse(QueryExecutorImpl.java:2733) ~[postgresql-42.7.4.jar!/:42.7.4]
	at org.postgresql.core.v3.QueryExecutorImpl.processResults(QueryExecutorImpl.java:2420) ~[postgresql-42.7.4.jar!/:42.7.4]
	at org.postgresql.core.v3.QueryExecutorImpl.execute(QueryExecutorImpl.java:372) ~[postgresql-42.7.4.jar!/:42.7.4]
	at org.postgresql.jdbc.PgStatement.executeInternal(PgStatement.java:517) ~[postgresql-42.7.4.jar!/:42.7.4]
	at org.postgresql.jdbc.PgStatement.execute(PgStatement.java:434) ~[postgresql-42.7.4.jar!/:42.7.4]
	at org.postgresql.jdbc.PgStatement.executeWithFlags(PgStatement.java:356) ~[postgresql-42.7.4.jar!/:42.7.4]
	at org.postgresql.jdbc.PgStatement.executeCachedSql(PgStatement.java:341) ~[postgresql-42.7.4.jar!/:42.7.4]
	at org.postgresql.jdbc.PgStatement.executeWithFlags(PgStatement.java:317) ~[postgresql-42.7.4.jar!/:42.7.4]
	at org.postgresql.jdbc.PgStatement.execute(PgStatement.java:312) ~[postgresql-42.7.4.jar!/:42.7.4]
	at com.zaxxer.hikari.pool.ProxyStatement.execute(ProxyStatement.java:94) ~[HikariCP-5.1.0.jar!/:na]
	at com.zaxxer.hikari.pool.HikariProxyStatement.execute(HikariProxyStatement.java) ~[HikariCP-5.1.0.jar!/:na]
	at org.hibernate.tool.schema.internal.exec.GenerationTargetToDatabase.accept(GenerationTargetToDatabase.java:80) ~[hibernate-core-6.5.3.Final.jar!/:6.5.3.Final]
	... 113 common frames omitted

2026-08-24T18:10:35.327+05:30  INFO 15172 --- [SpeakMateAI] [           main] j.LocalContainerEntityManagerFactoryBean : Initialized JPA EntityManagerFactory for persistence unit 'default'
2026-08-24T18:10:36.512+05:30  INFO 15172 --- [SpeakMateAI] [           main] o.s.d.j.r.query.QueryEnhancerFactory     : Hibernate is in classpath; If applicable, HQL parser will be used.
2026-08-24T18:10:44.579+05:30  WARN 15172 --- [SpeakMateAI] [           main] JpaBaseConfiguration$JpaWebConfiguration : spring.jpa.open-in-view is enabled by default. Therefore, database queries may be performed during view rendering. Explicitly configure spring.jpa.open-in-view to disable this warning
2026-08-24T18:10:44.696+05:30  INFO 15172 --- [SpeakMateAI] [           main] r$InitializeUserDetailsManagerConfigurer : Global AuthenticationManager configured with UserDetailsService bean with name customUserDetailsService
2026-08-24T18:10:47.014+05:30  INFO 15172 --- [SpeakMateAI] [           main] o.s.b.w.embedded.tomcat.TomcatWebServer  : Tomcat started on port 9091 (http) with context path '/'
2026-08-24T18:10:47.059+05:30  INFO 15172 --- [SpeakMateAI] [           main] c.r.speakmateai.SpeakMateAiApplication   : Started SpeakMateAiApplication in 48.417 seconds (process running for 50.884)
Hibernate: 
    select
        count(*) 
    from
        lessons l1_0
[Admin Data Seeder] Successfully synchronized database sequences.
Hibernate: 
    select
        a1_0.id,
        a1_0.created_at,
        a1_0.department,
        a1_0.designation,
        a1_0.email,
        a1_0.email_notifications,
        a1_0.full_name,
        a1_0.language,
        a1_0.last_login,
        a1_0.location,
        a1_0.notifications_enabled,
        a1_0.password,
        a1_0.phone,
        a1_0.profile_image,
        a1_0.reset_otp,
        a1_0.reset_otp_expiry,
        a1_0.reset_password_token,
        a1_0.reset_password_token_expiry,
        a1_0.role,
        a1_0.session_timeout,
        a1_0.sidebar_collapsed,
        a1_0.status,
        a1_0.system_notifications,
        a1_0.theme,
        a1_0.two_factor_enabled,
        a1_0.updated_at 
    from
        admins a1_0 
    where
        a1_0.email=?
[Admin Data Seeder] Super Admin account already exists in AdminRepository. Skipping seeding.
Hibernate: 
    select
        u1_0.id,
        case 
            when u1_1.user_id is not null 
                then 1 
            when u1_2.id is not null 
                then 2 
            when u1_0.id is not null 
                then 0 
        end,
        u1_0.active,
        u1_0.age_group,
        u1_0.auth_provider,
        u1_0.avatar,
        u1_0.created_at,
        u1_0.daily_goal_minutes,
        u1_0.division,
        u1_0.email,
        u1_0.email_verification_token,
        u1_0.email_verified,
        u1_0.english_level,
        u1_0.expo_push_token,
        u1_0.first_name,
        u1_0.interests,
        u1_0.last_name,
        u1_0.learning_goal,
        u1_0.native_language,
        u1_0.onboarding_completed,
        u1_0.parent_name,
        u1_0.parent_phone,
        u1_0.password,
        u1_0.phone,
        u1_0.preferred_accent,
        u1_0.preferred_voice,
        u1_0.reset_otp,
        u1_0.reset_otp_expiry,
        u1_0.reset_password_token,
        u1_0.reset_password_token_expiry,
        u1_0.role,
        u1_0.roll_number,
        u1_0.school_id,
        u1_0.school_name,
        u1_0.standard,
        u1_0.status,
        u1_0.updated_at,
        u1_0.user_type,
        u1_0.welcome_completed,
        u1_2.department,
        u1_2.designation,
        u1_2.employee_id,
        u1_2.experience,
        u1_2.joined_at,
        u1_2.qualification 
    from
        users u1_0 
    left join
        school_admins u1_1 
            on u1_0.id=u1_1.user_id 
    left join
        teachers u1_2 
            on u1_0.id=u1_2.id 
    where
        u1_0.email=?
Hibernate: 
    select
        s1_0.id 
    from
        schools s1_0 
    where
        s1_0.name=? 
    fetch
        first ? rows only
Hibernate: 
    select
        s1_0.id,
        s1_0.active,
        s1_0.address,
        s1_0.contact_phone,
        s1_0.created_at,
        s1_0.name,
        s1_0.school_code,
        s1_0.school_name,
        s1_0.updated_at 
    from
        schools s1_0 
    where
        s1_0.name=?
Hibernate: 
    select
        sa1_0.user_id 
    from
        school_admins sa1_0 
    join
        users sa1_1 
            on sa1_0.user_id=sa1_1.id 
    where
        sa1_1.email=? 
    fetch
        first ? rows only
Hibernate: 
    select
        t1_0.id 
    from
        teachers t1_0 
    join
        users t1_1 
            on t1_0.id=t1_1.id 
    where
        t1_1.email=? 
    fetch
        first ? rows only
Hibernate: 
    select
        sp1_0.id,
        sp1_0.ai_practice_limit,
        sp1_0.created_at,
        sp1_0.currency,
        sp1_0.description,
        sp1_0.duration_months,
        sp1_0.features,
        sp1_0.grammar_practice_limit,
        sp1_0.is_active,
        sp1_0.max_lessons,
        sp1_0.max_tests,
        sp1_0.plan_name,
        sp1_0.price,
        sp1_0.speaking_practice_limit,
        sp1_0.updated_at,
        sp1_0.vocabulary_practice_limit 
    from
        subscription_plans sp1_0
Hibernate: 
    select
        sp1_0.id,
        sp1_0.ai_practice_limit,
        sp1_0.created_at,
        sp1_0.currency,
        sp1_0.description,
        sp1_0.duration_months,
        sp1_0.features,
        sp1_0.grammar_practice_limit,
        sp1_0.is_active,
        sp1_0.max_lessons,
        sp1_0.max_tests,
        sp1_0.plan_name,
        sp1_0.price,
        sp1_0.speaking_practice_limit,
        sp1_0.updated_at,
        sp1_0.vocabulary_practice_limit 
    from
        subscription_plans sp1_0
Hibernate: 
    select
        u1_0.id,
        case 
            when u1_1.user_id is not null 
                then 1 
            when u1_2.id is not null 
                then 2 
            when u1_0.id is not null 
                then 0 
        end,
        u1_0.active,
        u1_0.age_group,
        u1_0.auth_provider,
        u1_0.avatar,
        u1_0.created_at,
        u1_0.daily_goal_minutes,
        u1_0.division,
        u1_0.email,
        u1_0.email_verification_token,
        u1_0.email_verified,
        u1_0.english_level,
        u1_0.expo_push_token,
        u1_0.first_name,
        u1_0.interests,
        u1_0.last_name,
        u1_0.learning_goal,
        u1_0.native_language,
        u1_0.onboarding_completed,
        u1_0.parent_name,
        u1_0.parent_phone,
        u1_0.password,
        u1_0.phone,
        u1_0.preferred_accent,
        u1_0.preferred_voice,
        u1_0.reset_otp,
        u1_0.reset_otp_expiry,
        u1_0.reset_password_token,
        u1_0.reset_password_token_expiry,
        u1_0.role,
        u1_0.roll_number,
        u1_0.school_id,
        u1_0.school_name,
        u1_0.standard,
        u1_0.status,
        u1_0.updated_at,
        u1_0.user_type,
        u1_0.welcome_completed,
        u1_2.department,
        u1_2.designation,
        u1_2.employee_id,
        u1_2.experience,
        u1_2.joined_at,
        u1_2.qualification 
    from
        users u1_0 
    left join
        school_admins u1_1 
            on u1_0.id=u1_1.user_id 
    left join
        teachers u1_2 
            on u1_0.id=u1_2.id 
    where
        u1_0.email=?
Hibernate: 
    select
        p1_0.id,
        p1_0.amount,
        p1_0.created_at,
        p1_0.currency,
        p1_0.payment_date,
        p1_0.payment_gateway,
        p1_0.payment_method,
        p1_0.payment_status,
        p1_0.remarks,
        p1_0.subscription_plan_id,
        p1_0.transaction_id,
        p1_0.updated_at,
        p1_0.user_id 
    from
        payments p1_0
Hibernate: 
    select
        count(*) 
    from
        lessons l1_0
2026-08-24T18:11:45.106+05:30  INFO 15172 --- [SpeakMateAI] [0.0-9091-exec-1] o.a.c.c.C.[Tomcat].[localhost].[/]       : Initializing Spring DispatcherServlet 'dispatcherServlet'
2026-08-24T18:11:45.108+05:30  INFO 15172 --- [SpeakMateAI] [0.0-9091-exec-1] o.s.web.servlet.DispatcherServlet        : Initializing Servlet 'dispatcherServlet'
2026-08-24T18:11:45.128+05:30  INFO 15172 --- [SpeakMateAI] [0.0-9091-exec-1] o.s.web.servlet.DispatcherServlet        : Completed initialization in 19 ms
2026-08-24T18:11:45.272+05:30  INFO 15172 --- [SpeakMateAI] [0.0-9091-exec-2] c.r.s.security.RequestLoggingFilter      : [REQUEST LOG] Incoming request: POST /api/school/students
Hibernate: 
    select
        u1_0.id,
        case 
            when u1_1.user_id is not null 
                then 1 
            when u1_2.id is not null 
                then 2 
            when u1_0.id is not null 
                then 0 
        end,
        u1_0.active,
        u1_0.age_group,
        u1_0.auth_provider,
        u1_0.avatar,
        u1_0.created_at,
        u1_0.daily_goal_minutes,
        u1_0.division,
        u1_0.email,
        u1_0.email_verification_token,
        u1_0.email_verified,
        u1_0.english_level,
        u1_0.expo_push_token,
        u1_0.first_name,
        u1_0.interests,
        u1_0.last_name,
        u1_0.learning_goal,
        u1_0.native_language,
        u1_0.onboarding_completed,
        u1_0.parent_name,
        u1_0.parent_phone,
        u1_0.password,
        u1_0.phone,
        u1_0.preferred_accent,
        u1_0.preferred_voice,
        u1_0.reset_otp,
        u1_0.reset_otp_expiry,
        u1_0.reset_password_token,
        u1_0.reset_password_token_expiry,
        u1_0.role,
        u1_0.roll_number,
        u1_0.school_id,
        u1_0.school_name,
        u1_0.standard,
        u1_0.status,
        u1_0.updated_at,
        u1_0.user_type,
        u1_0.welcome_completed,
        u1_2.department,
        u1_2.designation,
        u1_2.employee_id,
        u1_2.experience,
        u1_2.joined_at,
        u1_2.qualification 
    from
        users u1_0 
    left join
        school_admins u1_1 
            on u1_0.id=u1_1.user_id 
    left join
        teachers u1_2 
            on u1_0.id=u1_2.id 
    where
        u1_0.email=?
Hibernate: 
    select
        u1_0.id,
        case 
            when u1_1.user_id is not null 
                then 1 
            when u1_2.id is not null 
                then 2 
            when u1_0.id is not null 
                then 0 
        end,
        u1_0.active,
        u1_0.age_group,
        u1_0.auth_provider,
        u1_0.avatar,
        u1_0.created_at,
        u1_0.daily_goal_minutes,
        u1_0.division,
        u1_0.email,
        u1_0.email_verification_token,
        u1_0.email_verified,
        u1_0.english_level,
        u1_0.expo_push_token,
        u1_0.first_name,
        u1_0.interests,
        u1_0.last_name,
        u1_0.learning_goal,
        u1_0.native_language,
        u1_0.onboarding_completed,
        u1_0.parent_name,
        u1_0.parent_phone,
        u1_0.password,
        u1_0.phone,
        u1_0.preferred_accent,
        u1_0.preferred_voice,
        u1_0.reset_otp,
        u1_0.reset_otp_expiry,
        u1_0.reset_password_token,
        u1_0.reset_password_token_expiry,
        u1_0.role,
        u1_0.roll_number,
        u1_0.school_id,
        u1_0.school_name,
        u1_0.standard,
        u1_0.status,
        u1_0.updated_at,
        u1_0.user_type,
        u1_0.welcome_completed,
        u1_2.department,
        u1_2.designation,
        u1_2.employee_id,
        u1_2.experience,
        u1_2.joined_at,
        u1_2.qualification 
    from
        users u1_0 
    left join
        school_admins u1_1 
            on u1_0.id=u1_1.user_id 
    left join
        teachers u1_2 
            on u1_0.id=u1_2.id 
    where
        u1_0.email=?
Hibernate: 
    select
        s1_0.id,
        s1_0.active,
        s1_0.address,
        s1_0.contact_phone,
        s1_0.created_at,
        s1_0.name,
        s1_0.school_code,
        s1_0.school_name,
        s1_0.updated_at 
    from
        schools s1_0 
    where
        s1_0.id=?
Hibernate: 
    select
        u1_0.id 
    from
        users u1_0 
    where
        u1_0.email=? 
    fetch
        first ? rows only
Hibernate: 
    insert 
    into
        students
        (active, age_group, auth_provider, avatar, created_at, daily_goal_minutes, division, email, email_verification_token, email_verified, english_level, expo_push_token, first_name, interests, last_name, learning_goal, native_language, onboarding_completed, parent_name, parent_phone, password, phone, preferred_accent, preferred_voice, reset_otp, reset_otp_expiry, reset_password_token, reset_password_token_expiry, roll_number, school_id, school_name, standard, status, updated_at, welcome_completed) 
    values
        (?, ?, ?, ?, ?, ?, ?, ?, ?, ?, ?, ?, ?, ?, ?, ?, ?, ?, ?, ?, ?, ?, ?, ?, ?, ?, ?, ?, ?, ?, ?, ?, ?, ?, ?) 
    returning id
2026-08-24T18:11:47.021+05:30  INFO 15172 --- [SpeakMateAI] [0.0-9091-exec-3] c.r.s.security.RequestLoggingFilter      : [REQUEST LOG] Incoming request: GET /api/school/students
Hibernate: 
    select
        u1_0.id,
        case 
            when u1_1.user_id is not null 
                then 1 
            when u1_2.id is not null 
                then 2 
            when u1_0.id is not null 
                then 0 
        end,
        u1_0.active,
        u1_0.age_group,
        u1_0.auth_provider,
        u1_0.avatar,
        u1_0.created_at,
        u1_0.daily_goal_minutes,
        u1_0.division,
        u1_0.email,
        u1_0.email_verification_token,
        u1_0.email_verified,
        u1_0.english_level,
        u1_0.expo_push_token,
        u1_0.first_name,
        u1_0.interests,
        u1_0.last_name,
        u1_0.learning_goal,
        u1_0.native_language,
        u1_0.onboarding_completed,
        u1_0.parent_name,
        u1_0.parent_phone,
        u1_0.password,
        u1_0.phone,
        u1_0.preferred_accent,
        u1_0.preferred_voice,
        u1_0.reset_otp,
        u1_0.reset_otp_expiry,
        u1_0.reset_password_token,
        u1_0.reset_password_token_expiry,
        u1_0.role,
        u1_0.roll_number,
        u1_0.school_id,
        u1_0.school_name,
        u1_0.standard,
        u1_0.status,
        u1_0.updated_at,
        u1_0.user_type,
        u1_0.welcome_completed,
        u1_2.department,
        u1_2.designation,
        u1_2.employee_id,
        u1_2.experience,
        u1_2.joined_at,
        u1_2.qualification 
    from
        users u1_0 
    left join
        school_admins u1_1 
            on u1_0.id=u1_1.user_id 
    left join
        teachers u1_2 
            on u1_0.id=u1_2.id 
    where
        u1_0.email=?
Hibernate: 
    select
        u1_0.id,
        case 
            when u1_1.user_id is not null 
                then 1 
            when u1_2.id is not null 
                then 2 
            when u1_0.id is not null 
                then 0 
        end,
        u1_0.active,
        u1_0.age_group,
        u1_0.auth_provider,
        u1_0.avatar,
        u1_0.created_at,
        u1_0.daily_goal_minutes,
        u1_0.division,
        u1_0.email,
        u1_0.email_verification_token,
        u1_0.email_verified,
        u1_0.english_level,
        u1_0.expo_push_token,
        u1_0.first_name,
        u1_0.interests,
        u1_0.last_name,
        u1_0.learning_goal,
        u1_0.native_language,
        u1_0.onboarding_completed,
        u1_0.parent_name,
        u1_0.parent_phone,
        u1_0.password,
        u1_0.phone,
        u1_0.preferred_accent,
        u1_0.preferred_voice,
        u1_0.reset_otp,
        u1_0.reset_otp_expiry,
        u1_0.reset_password_token,
        u1_0.reset_password_token_expiry,
        u1_0.role,
        u1_0.roll_number,
        u1_0.school_id,
        u1_0.school_name,
        u1_0.standard,
        u1_0.status,
        u1_0.updated_at,
        u1_0.user_type,
        u1_0.welcome_completed,
        u1_2.department,
        u1_2.designation,
        u1_2.employee_id,
        u1_2.experience,
        u1_2.joined_at,
        u1_2.qualification 
    from
        users u1_0 
    left join
        school_admins u1_1 
            on u1_0.id=u1_1.user_id 
    left join
        teachers u1_2 
            on u1_0.id=u1_2.id 
    where
        u1_0.email=?
Hibernate: 
    select
        s1_0.id,
        s1_0.active,
        s1_0.age_group,
        s1_0.auth_provider,
        s1_0.avatar,
        s1_0.created_at,
        s1_0.daily_goal_minutes,
        s1_0.division,
        s1_0.email,
        s1_0.email_verification_token,
        s1_0.email_verified,
        s1_0.english_level,
        s1_0.expo_push_token,
        s1_0.first_name,
        s1_0.interests,
        s1_0.last_name,
        s1_0.learning_goal,
        s1_0.native_language,
        s1_0.onboarding_completed,
        s1_0.parent_name,
        s1_0.parent_phone,
        s1_0.password,
        s1_0.phone,
        s1_0.preferred_accent,
        s1_0.preferred_voice,
        s1_0.reset_otp,
        s1_0.reset_otp_expiry,
        s1_0.reset_password_token,
        s1_0.reset_password_token_expiry,
        s1_0.roll_number,
        s1_0.school_id,
        s1_0.school_name,
        s1_0.standard,
        s1_0.status,
        s1_0.updated_at,
        s1_0.welcome_completed 
    from
        students s1_0 
    where
        s1_0.school_id=?
Hibernate: 
    select
        s1_0.id,
        s1_0.ai_voice,
        s1_0.auto_play_audio,
        s1_0.created_at,
        s1_0.daily_reminder,
        s1_0.dark_mode,
        s1_0.language,
        s1_0.notifications_enabled,
        s1_0.sound_effects,
        s1_0.student_id,
        s1_0.two_factor_enabled,
        s1_0.updated_at,
        s1_0.user_id 
    from
        settings s1_0 
    where
        s1_0.student_id=?
Hibernate: 
    select
        s1_0.id,
        s1_0.ai_voice,
        s1_0.auto_play_audio,
        s1_0.created_at,
        s1_0.daily_reminder,
        s1_0.dark_mode,
        s1_0.language,
        s1_0.notifications_enabled,
        s1_0.sound_effects,
        s1_0.student_id,
        s1_0.two_factor_enabled,
        s1_0.updated_at,
        s1_0.user_id 
    from
        settings s1_0 
    where
        s1_0.student_id=?
Hibernate: 
    select
        s1_0.id,
        s1_0.ai_voice,
        s1_0.auto_play_audio,
        s1_0.created_at,
        s1_0.daily_reminder,
        s1_0.dark_mode,
        s1_0.language,
        s1_0.notifications_enabled,
        s1_0.sound_effects,
        s1_0.student_id,
        s1_0.two_factor_enabled,
        s1_0.updated_at,
        s1_0.user_id 
    from
        settings s1_0 
    where
        s1_0.student_id=?
Hibernate: 
    select
        s1_0.id,
        s1_0.ai_voice,
        s1_0.auto_play_audio,
        s1_0.created_at,
        s1_0.daily_reminder,
        s1_0.dark_mode,
        s1_0.language,
        s1_0.notifications_enabled,
        s1_0.sound_effects,
        s1_0.student_id,
        s1_0.two_factor_enabled,
        s1_0.updated_at,
        s1_0.user_id 
    from
        settings s1_0 
    where
        s1_0.student_id=?
Hibernate: 
    select
        s1_0.id,
        s1_0.ai_voice,
        s1_0.auto_play_audio,
        s1_0.created_at,
        s1_0.daily_reminder,
        s1_0.dark_mode,
        s1_0.language,
        s1_0.notifications_enabled,
        s1_0.sound_effects,
        s1_0.student_id,
        s1_0.two_factor_enabled,
        s1_0.updated_at,
        s1_0.user_id 
    from
        settings s1_0 
    where
        s1_0.student_id=?
Hibernate: 
    select
        s1_0.id,
        s1_0.ai_voice,
        s1_0.auto_play_audio,
        s1_0.created_at,
        s1_0.daily_reminder,
        s1_0.dark_mode,
        s1_0.language,
        s1_0.notifications_enabled,
        s1_0.sound_effects,
        s1_0.student_id,
        s1_0.two_factor_enabled,
        s1_0.updated_at,
        s1_0.user_id 
    from
        settings s1_0 
    where
        s1_0.student_id=?
Hibernate: 
    select
        s1_0.id,
        s1_0.active,
        s1_0.address,
        s1_0.contact_phone,
        s1_0.created_at,
        s1_0.name,
        s1_0.school_code,
        s1_0.school_name,
        s1_0.updated_at 
    from
        schools s1_0 
    where
        s1_0.id=?
2026-08-24T18:12:22.080+05:30  INFO 15172 --- [SpeakMateAI] [0.0-9091-exec-4] c.r.s.security.RequestLoggingFilter      : [REQUEST LOG] Incoming request: GET /api/school/students
2026-08-24T18:12:22.254+05:30  INFO 15172 --- [SpeakMateAI] [0.0-9091-exec-5] c.r.s.security.RequestLoggingFilter      : [REQUEST LOG] Incoming request: GET /api/school/dashboard
2026-08-24T18:12:22.341+05:30  INFO 15172 --- [SpeakMateAI] [0.0-9091-exec-7] c.r.s.security.RequestLoggingFilter      : [REQUEST LOG] Incoming request: POST /api/auth/school-admin/login
Hibernate: 
    select
        sa1_0.user_id,
        sa1_1.active,
        sa1_1.age_group,
        sa1_1.auth_provider,
        sa1_1.avatar,
        sa1_1.created_at,
        sa1_1.daily_goal_minutes,
        sa1_1.division,
        sa1_1.email,
        sa1_1.email_verification_token,
        sa1_1.email_verified,
        sa1_1.english_level,
        sa1_1.expo_push_token,
        sa1_1.first_name,
        sa1_1.interests,
        sa1_1.last_name,
        sa1_1.learning_goal,
        sa1_1.native_language,
        sa1_1.onboarding_completed,
        sa1_1.parent_name,
        sa1_1.parent_phone,
        sa1_1.password,
        sa1_1.phone,
        sa1_1.preferred_accent,
        sa1_1.preferred_voice,
        sa1_1.reset_otp,
        sa1_1.reset_otp_expiry,
        sa1_1.reset_password_token,
        sa1_1.reset_password_token_expiry,
        sa1_1.role,
        sa1_1.roll_number,
        sa1_1.school_id,
        sa1_1.school_name,
        sa1_1.standard,
        sa1_1.status,
        sa1_1.updated_at,
        sa1_1.user_type,
        sa1_1.welcome_completed 
    from
        school_admins sa1_0 
    join
        users sa1_1 
            on sa1_0.user_id=sa1_1.id 
    where
        sa1_1.email=?
2026-08-24T18:12:54.347+05:30  INFO 15172 --- [SpeakMateAI] [.0-9091-exec-10] c.r.s.security.RequestLoggingFilter      : [REQUEST LOG] Incoming request: POST /api/auth/admin/login
Hibernate: 
    select
        u1_0.id,
        case 
            when u1_1.user_id is not null 
                then 1 
            when u1_2.id is not null 
                then 2 
            when u1_0.id is not null 
                then 0 
        end,
        u1_0.active,
        u1_0.age_group,
        u1_0.auth_provider,
        u1_0.avatar,
        u1_0.created_at,
        u1_0.daily_goal_minutes,
        u1_0.division,
        u1_0.email,
        u1_0.email_verification_token,
        u1_0.email_verified,
        u1_0.english_level,
        u1_0.expo_push_token,
        u1_0.first_name,
        u1_0.interests,
        u1_0.last_name,
        u1_0.learning_goal,
        u1_0.native_language,
        u1_0.onboarding_completed,
        u1_0.parent_name,
        u1_0.parent_phone,
        u1_0.password,
        u1_0.phone,
        u1_0.preferred_accent,
        u1_0.preferred_voice,
        u1_0.reset_otp,
        u1_0.reset_otp_expiry,
        u1_0.reset_password_token,
        u1_0.reset_password_token_expiry,
        u1_0.role,
        u1_0.roll_number,
        u1_0.school_id,
        u1_0.school_name,
        u1_0.standard,
        u1_0.status,
        u1_0.updated_at,
        u1_0.user_type,
        u1_0.welcome_completed,
        u1_2.department,
        u1_2.designation,
        u1_2.employee_id,
        u1_2.experience,
        u1_2.joined_at,
        u1_2.qualification 
    from
        users u1_0 
    left join
        school_admins u1_1 
            on u1_0.id=u1_1.user_id 
    left join
        teachers u1_2 
            on u1_0.id=u1_2.id 
    where
        u1_0.email=?
Hibernate: 
    select
        a1_0.id,
        a1_0.created_at,
        a1_0.department,
        a1_0.designation,
        a1_0.email,
        a1_0.email_notifications,
        a1_0.full_name,
        a1_0.language,
        a1_0.last_login,
        a1_0.location,
        a1_0.notifications_enabled,
        a1_0.password,
        a1_0.phone,
        a1_0.profile_image,
        a1_0.reset_otp,
        a1_0.reset_otp_expiry,
        a1_0.reset_password_token,
        a1_0.reset_password_token_expiry,
        a1_0.role,
        a1_0.session_timeout,
        a1_0.sidebar_collapsed,
        a1_0.status,
        a1_0.system_notifications,
        a1_0.theme,
        a1_0.two_factor_enabled,
        a1_0.updated_at 
    from
        admins a1_0 
    where
        a1_0.email=?
2026-08-24T18:12:54.796+05:30 ERROR 15172 --- [SpeakMateAI] [.0-9091-exec-10] c.r.s.exception.GlobalExceptionHandler   : [EXCEPTION LOG] Handled by handleInvalidCredentials: Invalid email or password

com.rslsolution.speakmateai.exception.InvalidCredentialsException: Invalid email or password
	at com.rslsolution.speakmateai.service.impl.AdminAuthServiceImpl.lambda$login$0(AdminAuthServiceImpl.java:71) ~[!/:0.0.1-SNAPSHOT]
	at java.base/java.util.Optional.orElseThrow(Optional.java:403) ~[na:na]
	at com.rslsolution.speakmateai.service.impl.AdminAuthServiceImpl.login(AdminAuthServiceImpl.java:71) ~[!/:0.0.1-SNAPSHOT]
	at java.base/jdk.internal.reflect.DirectMethodHandleAccessor.invoke(DirectMethodHandleAccessor.java:103) ~[na:na]
	at java.base/java.lang.reflect.Method.invoke(Method.java:580) ~[na:na]
	at org.springframework.aop.support.AopUtils.invokeJoinpointUsingReflection(AopUtils.java:355) ~[spring-aop-6.1.14.jar!/:6.1.14]
	at org.springframework.aop.framework.ReflectiveMethodInvocation.invokeJoinpoint(ReflectiveMethodInvocation.java:196) ~[spring-aop-6.1.14.jar!/:6.1.14]
	at org.springframework.aop.framework.ReflectiveMethodInvocation.proceed(ReflectiveMethodInvocation.java:163) ~[spring-aop-6.1.14.jar!/:6.1.14]
	at org.springframework.aop.framework.CglibAopProxy$CglibMethodInvocation.proceed(CglibAopProxy.java:768) ~[spring-aop-6.1.14.jar!/:6.1.14]
	at org.springframework.transaction.interceptor.TransactionAspectSupport.invokeWithinTransaction(TransactionAspectSupport.java:379) ~[spring-tx-6.1.14.jar!/:6.1.14]
	at org.springframework.transaction.interceptor.TransactionInterceptor.invoke(TransactionInterceptor.java:119) ~[spring-tx-6.1.14.jar!/:6.1.14]
	at org.springframework.aop.framework.ReflectiveMethodInvocation.proceed(ReflectiveMethodInvocation.java:184) ~[spring-aop-6.1.14.jar!/:6.1.14]
	at org.springframework.aop.framework.CglibAopProxy$CglibMethodInvocation.proceed(CglibAopProxy.java:768) ~[spring-aop-6.1.14.jar!/:6.1.14]
	at org.springframework.aop.framework.CglibAopProxy$DynamicAdvisedInterceptor.intercept(CglibAopProxy.java:720) ~[spring-aop-6.1.14.jar!/:6.1.14]
	at com.rslsolution.speakmateai.service.impl.AdminAuthServiceImpl$$SpringCGLIB$$0.login(<generated>) ~[!/:0.0.1-SNAPSHOT]
	at com.rslsolution.speakmateai.controller.AdminAuthController.login(AdminAuthController.java:42) ~[!/:0.0.1-SNAPSHOT]
	at java.base/jdk.internal.reflect.DirectMethodHandleAccessor.invoke(DirectMethodHandleAccessor.java:103) ~[na:na]
	at java.base/java.lang.reflect.Method.invoke(Method.java:580) ~[na:na]
	at org.springframework.web.method.support.InvocableHandlerMethod.doInvoke(InvocableHandlerMethod.java:255) ~[spring-web-6.1.14.jar!/:6.1.14]
	at org.springframework.web.method.support.InvocableHandlerMethod.invokeForRequest(InvocableHandlerMethod.java:188) ~[spring-web-6.1.14.jar!/:6.1.14]
	at org.springframework.web.servlet.mvc.method.annotation.ServletInvocableHandlerMethod.invokeAndHandle(ServletInvocableHandlerMethod.java:118) ~[spring-webmvc-6.1.14.jar!/:6.1.14]
	at org.springframework.web.servlet.mvc.method.annotation.RequestMappingHandlerAdapter.invokeHandlerMethod(RequestMappingHandlerAdapter.java:926) ~[spring-webmvc-6.1.14.jar!/:6.1.14]
	at org.springframework.web.servlet.mvc.method.annotation.RequestMappingHandlerAdapter.handleInternal(RequestMappingHandlerAdapter.java:831) ~[spring-webmvc-6.1.14.jar!/:6.1.14]
	at org.springframework.web.servlet.mvc.method.AbstractHandlerMethodAdapter.handle(AbstractHandlerMethodAdapter.java:87) ~[spring-webmvc-6.1.14.jar!/:6.1.14]
	at org.springframework.web.servlet.DispatcherServlet.doDispatch(DispatcherServlet.java:1089) ~[spring-webmvc-6.1.14.jar!/:6.1.14]
	at org.springframework.web.servlet.DispatcherServlet.doService(DispatcherServlet.java:979) ~[spring-webmvc-6.1.14.jar!/:6.1.14]
	at org.springframework.web.servlet.FrameworkServlet.processRequest(FrameworkServlet.java:1014) ~[spring-webmvc-6.1.14.jar!/:6.1.14]
	at org.springframework.web.servlet.FrameworkServlet.doPost(FrameworkServlet.java:914) ~[spring-webmvc-6.1.14.jar!/:6.1.14]
	at jakarta.servlet.http.HttpServlet.service(HttpServlet.java:590) ~[tomcat-embed-core-10.1.31.jar!/:na]
	at org.springframework.web.servlet.FrameworkServlet.service(FrameworkServlet.java:885) ~[spring-webmvc-6.1.14.jar!/:6.1.14]
	at jakarta.servlet.http.HttpServlet.service(HttpServlet.java:658) ~[tomcat-embed-core-10.1.31.jar!/:na]
	at org.apache.catalina.core.ApplicationFilterChain.internalDoFilter(ApplicationFilterChain.java:195) ~[tomcat-embed-core-10.1.31.jar!/:na]
	at org.apache.catalina.core.ApplicationFilterChain.doFilter(ApplicationFilterChain.java:140) ~[tomcat-embed-core-10.1.31.jar!/:na]
	at org.apache.tomcat.websocket.server.WsFilter.doFilter(WsFilter.java:51) ~[tomcat-embed-websocket-10.1.31.jar!/:na]
	at org.apache.catalina.core.ApplicationFilterChain.internalDoFilter(ApplicationFilterChain.java:164) ~[tomcat-embed-core-10.1.31.jar!/:na]
	at org.apache.catalina.core.ApplicationFilterChain.doFilter(ApplicationFilterChain.java:140) ~[tomcat-embed-core-10.1.31.jar!/:na]
	at org.springframework.web.filter.OncePerRequestFilter.doFilter(OncePerRequestFilter.java:110) ~[spring-web-6.1.14.jar!/:6.1.14]
	at org.apache.catalina.core.ApplicationFilterChain.internalDoFilter(ApplicationFilterChain.java:164) ~[tomcat-embed-core-10.1.31.jar!/:na]
	at org.apache.catalina.core.ApplicationFilterChain.doFilter(ApplicationFilterChain.java:140) ~[tomcat-embed-core-10.1.31.jar!/:na]
	at org.springframework.web.filter.OncePerRequestFilter.doFilter(OncePerRequestFilter.java:110) ~[spring-web-6.1.14.jar!/:6.1.14]
	at org.apache.catalina.core.ApplicationFilterChain.internalDoFilter(ApplicationFilterChain.java:164) ~[tomcat-embed-core-10.1.31.jar!/:na]
	at org.apache.catalina.core.ApplicationFilterChain.doFilter(ApplicationFilterChain.java:140) ~[tomcat-embed-core-10.1.31.jar!/:na]
	at org.springframework.web.filter.OncePerRequestFilter.doFilter(OncePerRequestFilter.java:101) ~[spring-web-6.1.14.jar!/:6.1.14]
	at org.apache.catalina.core.ApplicationFilterChain.internalDoFilter(ApplicationFilterChain.java:164) ~[tomcat-embed-core-10.1.31.jar!/:na]
	at org.apache.catalina.core.ApplicationFilterChain.doFilter(ApplicationFilterChain.java:140) ~[tomcat-embed-core-10.1.31.jar!/:na]
	at org.springframework.web.filter.CompositeFilter$VirtualFilterChain.doFilter(CompositeFilter.java:108) ~[spring-web-6.1.14.jar!/:6.1.14]
	at org.springframework.security.web.FilterChainProxy.lambda$doFilterInternal$3(FilterChainProxy.java:231) ~[spring-security-web-6.3.4.jar!/:6.3.4]
	at org.springframework.security.web.FilterChainProxy$VirtualFilterChain.doFilter(FilterChainProxy.java:365) ~[spring-security-web-6.3.4.jar!/:6.3.4]
	at org.springframework.security.web.access.intercept.AuthorizationFilter.doFilter(AuthorizationFilter.java:100) ~[spring-security-web-6.3.4.jar!/:6.3.4]
	at org.springframework.security.web.FilterChainProxy$VirtualFilterChain.doFilter(FilterChainProxy.java:374) ~[spring-security-web-6.3.4.jar!/:6.3.4]
	at org.springframework.security.web.access.ExceptionTranslationFilter.doFilter(ExceptionTranslationFilter.java:126) ~[spring-security-web-6.3.4.jar!/:6.3.4]
	at org.springframework.security.web.access.ExceptionTranslationFilter.doFilter(ExceptionTranslationFilter.java:120) ~[spring-security-web-6.3.4.jar!/:6.3.4]
	at org.springframework.security.web.FilterChainProxy$VirtualFilterChain.doFilter(FilterChainProxy.java:374) ~[spring-security-web-6.3.4.jar!/:6.3.4]
	at org.springframework.security.web.session.SessionManagementFilter.doFilter(SessionManagementFilter.java:131) ~[spring-security-web-6.3.4.jar!/:6.3.4]
	at org.springframework.security.web.session.SessionManagementFilter.doFilter(SessionManagementFilter.java:85) ~[spring-security-web-6.3.4.jar!/:6.3.4]
	at org.springframework.security.web.FilterChainProxy$VirtualFilterChain.doFilter(FilterChainProxy.java:374) ~[spring-security-web-6.3.4.jar!/:6.3.4]
	at org.springframework.security.web.authentication.AnonymousAuthenticationFilter.doFilter(AnonymousAuthenticationFilter.java:100) ~[spring-security-web-6.3.4.jar!/:6.3.4]
	at org.springframework.security.web.FilterChainProxy$VirtualFilterChain.doFilter(FilterChainProxy.java:374) ~[spring-security-web-6.3.4.jar!/:6.3.4]
	at org.springframework.security.web.servletapi.SecurityContextHolderAwareRequestFilter.doFilter(SecurityContextHolderAwareRequestFilter.java:179) ~[spring-security-web-6.3.4.jar!/:6.3.4]
	at org.springframework.security.web.FilterChainProxy$VirtualFilterChain.doFilter(FilterChainProxy.java:374) ~[spring-security-web-6.3.4.jar!/:6.3.4]
	at org.springframework.security.web.savedrequest.RequestCacheAwareFilter.doFilter(RequestCacheAwareFilter.java:63) ~[spring-security-web-6.3.4.jar!/:6.3.4]
	at org.springframework.security.web.FilterChainProxy$VirtualFilterChain.doFilter(FilterChainProxy.java:374) ~[spring-security-web-6.3.4.jar!/:6.3.4]
	at org.springframework.security.web.authentication.www.BasicAuthenticationFilter.doFilterInternal(BasicAuthenticationFilter.java:181) ~[spring-security-web-6.3.4.jar!/:6.3.4]
	at org.springframework.web.filter.OncePerRequestFilter.doFilter(OncePerRequestFilter.java:116) ~[spring-web-6.1.14.jar!/:6.1.14]
	at org.springframework.security.web.FilterChainProxy$VirtualFilterChain.doFilter(FilterChainProxy.java:374) ~[spring-security-web-6.3.4.jar!/:6.3.4]
	at org.springframework.web.filter.OncePerRequestFilter.doFilter(OncePerRequestFilter.java:101) ~[spring-web-6.1.14.jar!/:6.1.14]
	at org.springframework.security.web.FilterChainProxy$VirtualFilterChain.doFilter(FilterChainProxy.java:374) ~[spring-security-web-6.3.4.jar!/:6.3.4]
	at com.rslsolution.speakmateai.security.JwtAuthenticationFilter.doFilterInternal(JwtAuthenticationFilter.java:75) ~[!/:0.0.1-SNAPSHOT]
	at org.springframework.web.filter.OncePerRequestFilter.doFilter(OncePerRequestFilter.java:116) ~[spring-web-6.1.14.jar!/:6.1.14]
	at org.springframework.security.web.FilterChainProxy$VirtualFilterChain.doFilter(FilterChainProxy.java:374) ~[spring-security-web-6.3.4.jar!/:6.3.4]
	at com.rslsolution.speakmateai.security.RequestLoggingFilter.doFilterInternal(RequestLoggingFilter.java:29) ~[!/:0.0.1-SNAPSHOT]
	at org.springframework.web.filter.OncePerRequestFilter.doFilter(OncePerRequestFilter.java:116) ~[spring-web-6.1.14.jar!/:6.1.14]
	at org.springframework.security.web.FilterChainProxy$VirtualFilterChain.doFilter(FilterChainProxy.java:374) ~[spring-security-web-6.3.4.jar!/:6.3.4]
	at org.springframework.security.web.authentication.logout.LogoutFilter.doFilter(LogoutFilter.java:107) ~[spring-security-web-6.3.4.jar!/:6.3.4]
	at org.springframework.security.web.authentication.logout.LogoutFilter.doFilter(LogoutFilter.java:93) ~[spring-security-web-6.3.4.jar!/:6.3.4]
	at org.springframework.security.web.FilterChainProxy$VirtualFilterChain.doFilter(FilterChainProxy.java:374) ~[spring-security-web-6.3.4.jar!/:6.3.4]
	at org.springframework.web.filter.CorsFilter.doFilterInternal(CorsFilter.java:91) ~[spring-web-6.1.14.jar!/:6.1.14]
	at org.springframework.web.filter.OncePerRequestFilter.doFilter(OncePerRequestFilter.java:116) ~[spring-web-6.1.14.jar!/:6.1.14]
	at org.springframework.security.web.FilterChainProxy$VirtualFilterChain.doFilter(FilterChainProxy.java:374) ~[spring-security-web-6.3.4.jar!/:6.3.4]
	at org.springframework.security.web.header.HeaderWriterFilter.doHeadersAfter(HeaderWriterFilter.java:90) ~[spring-security-web-6.3.4.jar!/:6.3.4]
	at org.springframework.security.web.header.HeaderWriterFilter.doFilterInternal(HeaderWriterFilter.java:75) ~[spring-security-web-6.3.4.jar!/:6.3.4]
	at org.springframework.web.filter.OncePerRequestFilter.doFilter(OncePerRequestFilter.java:116) ~[spring-web-6.1.14.jar!/:6.1.14]
	at org.springframework.security.web.FilterChainProxy$VirtualFilterChain.doFilter(FilterChainProxy.java:374) ~[spring-security-web-6.3.4.jar!/:6.3.4]
	at org.springframework.security.web.context.SecurityContextHolderFilter.doFilter(SecurityContextHolderFilter.java:82) ~[spring-security-web-6.3.4.jar!/:6.3.4]
	at org.springframework.security.web.context.SecurityContextHolderFilter.doFilter(SecurityContextHolderFilter.java:69) ~[spring-security-web-6.3.4.jar!/:6.3.4]
	at org.springframework.security.web.FilterChainProxy$VirtualFilterChain.doFilter(FilterChainProxy.java:374) ~[spring-security-web-6.3.4.jar!/:6.3.4]
	at org.springframework.security.web.context.request.async.WebAsyncManagerIntegrationFilter.doFilterInternal(WebAsyncManagerIntegrationFilter.java:62) ~[spring-security-web-6.3.4.jar!/:6.3.4]
	at org.springframework.web.filter.OncePerRequestFilter.doFilter(OncePerRequestFilter.java:116) ~[spring-web-6.1.14.jar!/:6.1.14]
	at org.springframework.security.web.FilterChainProxy$VirtualFilterChain.doFilter(FilterChainProxy.java:374) ~[spring-security-web-6.3.4.jar!/:6.3.4]
	at org.springframework.security.web.session.DisableEncodeUrlFilter.doFilterInternal(DisableEncodeUrlFilter.java:42) ~[spring-security-web-6.3.4.jar!/:6.3.4]
	at org.springframework.web.filter.OncePerRequestFilter.doFilter(OncePerRequestFilter.java:116) ~[spring-web-6.1.14.jar!/:6.1.14]
	at org.springframework.security.web.FilterChainProxy$VirtualFilterChain.doFilter(FilterChainProxy.java:374) ~[spring-security-web-6.3.4.jar!/:6.3.4]
	at org.springframework.security.web.FilterChainProxy.doFilterInternal(FilterChainProxy.java:233) ~[spring-security-web-6.3.4.jar!/:6.3.4]
	at org.springframework.security.web.FilterChainProxy.doFilter(FilterChainProxy.java:191) ~[spring-security-web-6.3.4.jar!/:6.3.4]
	at org.springframework.web.filter.CompositeFilter$VirtualFilterChain.doFilter(CompositeFilter.java:113) ~[spring-web-6.1.14.jar!/:6.1.14]
	at org.springframework.web.servlet.handler.HandlerMappingIntrospector.lambda$createCacheFilter$3(HandlerMappingIntrospector.java:195) ~[spring-webmvc-6.1.14.jar!/:6.1.14]
	at org.springframework.web.filter.CompositeFilter$VirtualFilterChain.doFilter(CompositeFilter.java:113) ~[spring-web-6.1.14.jar!/:6.1.14]
	at org.springframework.web.filter.CompositeFilter.doFilter(CompositeFilter.java:74) ~[spring-web-6.1.14.jar!/:6.1.14]
	at org.springframework.security.config.annotation.web.configuration.WebMvcSecurityConfiguration$CompositeFilterChainProxy.doFilter(WebMvcSecurityConfiguration.java:230) ~[spring-security-config-6.3.4.jar!/:6.3.4]
	at org.springframework.web.filter.DelegatingFilterProxy.invokeDelegate(DelegatingFilterProxy.java:362) ~[spring-web-6.1.14.jar!/:6.1.14]
	at org.springframework.web.filter.DelegatingFilterProxy.doFilter(DelegatingFilterProxy.java:278) ~[spring-web-6.1.14.jar!/:6.1.14]
	at org.apache.catalina.core.ApplicationFilterChain.internalDoFilter(ApplicationFilterChain.java:164) ~[tomcat-embed-core-10.1.31.jar!/:na]
	at org.apache.catalina.core.ApplicationFilterChain.doFilter(ApplicationFilterChain.java:140) ~[tomcat-embed-core-10.1.31.jar!/:na]
	at org.springframework.web.filter.RequestContextFilter.doFilterInternal(RequestContextFilter.java:100) ~[spring-web-6.1.14.jar!/:6.1.14]
	at org.springframework.web.filter.OncePerRequestFilter.doFilter(OncePerRequestFilter.java:116) ~[spring-web-6.1.14.jar!/:6.1.14]
	at org.apache.catalina.core.ApplicationFilterChain.internalDoFilter(ApplicationFilterChain.java:164) ~[tomcat-embed-core-10.1.31.jar!/:na]
	at org.apache.catalina.core.ApplicationFilterChain.doFilter(ApplicationFilterChain.java:140) ~[tomcat-embed-core-10.1.31.jar!/:na]
	at org.springframework.web.filter.FormContentFilter.doFilterInternal(FormContentFilter.java:93) ~[spring-web-6.1.14.jar!/:6.1.14]
	at org.springframework.web.filter.OncePerRequestFilter.doFilter(OncePerRequestFilter.java:116) ~[spring-web-6.1.14.jar!/:6.1.14]
	at org.apache.catalina.core.ApplicationFilterChain.internalDoFilter(ApplicationFilterChain.java:164) ~[tomcat-embed-core-10.1.31.jar!/:na]
	at org.apache.catalina.core.ApplicationFilterChain.doFilter(ApplicationFilterChain.java:140) ~[tomcat-embed-core-10.1.31.jar!/:na]
	at org.springframework.web.filter.CharacterEncodingFilter.doFilterInternal(CharacterEncodingFilter.java:201) ~[spring-web-6.1.14.jar!/:6.1.14]
	at org.springframework.web.filter.OncePerRequestFilter.doFilter(OncePerRequestFilter.java:116) ~[spring-web-6.1.14.jar!/:6.1.14]
	at org.apache.catalina.core.ApplicationFilterChain.internalDoFilter(ApplicationFilterChain.java:164) ~[tomcat-embed-core-10.1.31.jar!/:na]
	at org.apache.catalina.core.ApplicationFilterChain.doFilter(ApplicationFilterChain.java:140) ~[tomcat-embed-core-10.1.31.jar!/:na]
	at org.apache.catalina.core.StandardWrapperValve.invoke(StandardWrapperValve.java:167) ~[tomcat-embed-core-10.1.31.jar!/:na]
	at org.apache.catalina.core.StandardContextValve.invoke(StandardContextValve.java:90) ~[tomcat-embed-core-10.1.31.jar!/:na]
	at org.apache.catalina.authenticator.AuthenticatorBase.invoke(AuthenticatorBase.java:483) ~[tomcat-embed-core-10.1.31.jar!/:na]
	at org.apache.catalina.core.StandardHostValve.invoke(StandardHostValve.java:115) ~[tomcat-embed-core-10.1.31.jar!/:na]
	at org.apache.catalina.valves.ErrorReportValve.invoke(ErrorReportValve.java:93) ~[tomcat-embed-core-10.1.31.jar!/:na]
	at org.apache.catalina.core.StandardEngineValve.invoke(StandardEngineValve.java:74) ~[tomcat-embed-core-10.1.31.jar!/:na]
	at org.apache.catalina.connector.CoyoteAdapter.service(CoyoteAdapter.java:344) ~[tomcat-embed-core-10.1.31.jar!/:na]
	at org.apache.coyote.http11.Http11Processor.service(Http11Processor.java:384) ~[tomcat-embed-core-10.1.31.jar!/:na]
	at org.apache.coyote.AbstractProcessorLight.process(AbstractProcessorLight.java:63) ~[tomcat-embed-core-10.1.31.jar!/:na]
	at org.apache.coyote.AbstractProtocol$ConnectionHandler.process(AbstractProtocol.java:905) ~[tomcat-embed-core-10.1.31.jar!/:na]
	at org.apache.tomcat.util.net.NioEndpoint$SocketProcessor.doRun(NioEndpoint.java:1741) ~[tomcat-embed-core-10.1.31.jar!/:na]
	at org.apache.tomcat.util.net.SocketProcessorBase.run(SocketProcessorBase.java:52) ~[tomcat-embed-core-10.1.31.jar!/:na]
	at org.apache.tomcat.util.threads.ThreadPoolExecutor.runWorker(ThreadPoolExecutor.java:1190) ~[tomcat-embed-core-10.1.31.jar!/:na]
	at org.apache.tomcat.util.threads.ThreadPoolExecutor$Worker.run(ThreadPoolExecutor.java:659) ~[tomcat-embed-core-10.1.31.jar!/:na]
	at org.apache.tomcat.util.threads.TaskThread$WrappingRunnable.run(TaskThread.java:63) ~[tomcat-embed-core-10.1.31.jar!/:na]
	at java.base/java.lang.Thread.run(Thread.java:1583) ~[na:na]

2026-08-24T18:13:19.425+05:30  INFO 15172 --- [SpeakMateAI] [0.0-9091-exec-2] c.r.s.security.RequestLoggingFilter      : [REQUEST LOG] Incoming request: POST /api/auth/admin/login
Hibernate: 
    select
        a1_0.id,
        a1_0.created_at,
        a1_0.department,
        a1_0.designation,
        a1_0.email,
        a1_0.email_notifications,
        a1_0.full_name,
        a1_0.language,
        a1_0.last_login,
        a1_0.location,
        a1_0.notifications_enabled,
        a1_0.password,
        a1_0.phone,
        a1_0.profile_image,
        a1_0.reset_otp,
        a1_0.reset_otp_expiry,
        a1_0.reset_password_token,
        a1_0.reset_password_token_expiry,
        a1_0.role,
        a1_0.session_timeout,
        a1_0.sidebar_collapsed,
        a1_0.status,
        a1_0.system_notifications,
        a1_0.theme,
        a1_0.two_factor_enabled,
        a1_0.updated_at 
    from
        admins a1_0 
    where
        a1_0.email=?
Hibernate: 
    update
        admins 
    set
        department=?,
        designation=?,
        email=?,
        email_notifications=?,
        full_name=?,
        language=?,
        last_login=?,
        location=?,
        notifications_enabled=?,
        password=?,
        phone=?,
        profile_image=?,
        reset_otp=?,
        reset_otp_expiry=?,
        reset_password_token=?,
        reset_password_token_expiry=?,
        role=?,
        session_timeout=?,
        sidebar_collapsed=?,
        status=?,
        system_notifications=?,
        theme=?,
        two_factor_enabled=?,
        updated_at=? 
    where
        id=?
2026-08-24T18:13:20.261+05:30  INFO 15172 --- [SpeakMateAI] [0.0-9091-exec-7] c.r.s.security.RequestLoggingFilter      : [REQUEST LOG] Incoming request: GET /api/admin/users
2026-08-24T18:13:20.268+05:30  INFO 15172 --- [SpeakMateAI] [0.0-9091-exec-8] c.r.s.security.RequestLoggingFilter      : [REQUEST LOG] Incoming request: GET /api/admin/dashboard
Hibernate: 
    select
        a1_0.id,
        a1_0.created_at,
        a1_0.department,
        a1_0.designation,
        a1_0.email,
        a1_0.email_notifications,
        a1_0.full_name,
        a1_0.language,
        a1_0.last_login,
        a1_0.location,
        a1_0.notifications_enabled,
        a1_0.password,
        a1_0.phone,
        a1_0.profile_image,
        a1_0.reset_otp,
        a1_0.reset_otp_expiry,
        a1_0.reset_password_token,
        a1_0.reset_password_token_expiry,
        a1_0.role,
        a1_0.session_timeout,
        a1_0.sidebar_collapsed,
        a1_0.status,
        a1_0.system_notifications,
        a1_0.theme,
        a1_0.two_factor_enabled,
        a1_0.updated_at 
    from
        admins a1_0 
    where
        a1_0.email=?
Hibernate: 
    select
        a1_0.id,
        a1_0.created_at,
        a1_0.department,
        a1_0.designation,
        a1_0.email,
        a1_0.email_notifications,
        a1_0.full_name,
        a1_0.language,
        a1_0.last_login,
        a1_0.location,
        a1_0.notifications_enabled,
        a1_0.password,
        a1_0.phone,
        a1_0.profile_image,
        a1_0.reset_otp,
        a1_0.reset_otp_expiry,
        a1_0.reset_password_token,
        a1_0.reset_password_token_expiry,
        a1_0.role,
        a1_0.session_timeout,
        a1_0.sidebar_collapsed,
        a1_0.status,
        a1_0.system_notifications,
        a1_0.theme,
        a1_0.two_factor_enabled,
        a1_0.updated_at 
    from
        admins a1_0 
    where
        a1_0.email=?
Hibernate: 
    select
        count(*) 
    from
        users u1_0
Hibernate: 
    select
        count(u1_0.id) 
    from
        users u1_0 
    where
        u1_0.active
Hibernate: 
    select
        count(u1_0.id) 
    from
        users u1_0 
    where
        not(u1_0.active)
Hibernate: 
    select
        count(u1_0.id) 
    from
        users u1_0 
    where
        u1_0.user_type=?
Hibernate: 
    select
        u1_0.id,
        case 
            when u1_1.user_id is not null 
                then 1 
            when u1_2.id is not null 
                then 2 
            when u1_0.id is not null 
                then 0 
        end,
        u1_0.active,
        u1_0.age_group,
        u1_0.auth_provider,
        u1_0.avatar,
        u1_0.created_at,
        u1_0.daily_goal_minutes,
        u1_0.division,
        u1_0.email,
        u1_0.email_verification_token,
        u1_0.email_verified,
        u1_0.english_level,
        u1_0.expo_push_token,
        u1_0.first_name,
        u1_0.interests,
        u1_0.last_name,
        u1_0.learning_goal,
        u1_0.native_language,
        u1_0.onboarding_completed,
        u1_0.parent_name,
        u1_0.parent_phone,
        u1_0.password,
        u1_0.phone,
        u1_0.preferred_accent,
        u1_0.preferred_voice,
        u1_0.reset_otp,
        u1_0.reset_otp_expiry,
        u1_0.reset_password_token,
        u1_0.reset_password_token_expiry,
        u1_0.role,
        u1_0.roll_number,
        u1_0.school_id,
        u1_0.school_name,
        u1_0.standard,
        u1_0.status,
        u1_0.updated_at,
        u1_0.user_type,
        u1_0.welcome_completed,
        u1_2.department,
        u1_2.designation,
        u1_2.employee_id,
        u1_2.experience,
        u1_2.joined_at,
        u1_2.qualification 
    from
        users u1_0 
    left join
        school_admins u1_1 
            on u1_0.id=u1_1.user_id 
    left join
        teachers u1_2 
            on u1_0.id=u1_2.id 
    where
        1=1 
    order by
        u1_0.id desc 
    offset
        ? rows 
    fetch
        first ? rows only
Hibernate: 
    select
        count(u1_0.id) 
    from
        users u1_0 
    where
        u1_0.created_at between ? and ?
Hibernate: 
    select
        count(*) 
    from
        lessons l1_0
Hibernate: 
    select
        count(u1_0.id) 
    from
        users u1_0 
    where
        1=1
Hibernate: 
    select
        l1_0.id,
        l1_0.active,
        l1_0.category,
        l1_0.content,
        l1_0.cover_image,
        l1_0.created_at,
        l1_0.description,
        l1_0.duration,
        l1_0.estimated_minutes,
        l1_0.featured,
        l1_0.level,
        l1_0.locked,
        l1_0.objectives,
        l1_0.order_index,
        l1_0.popular,
        l1_0.required_level,
        l1_0.requiredxp,
        l1_0.requirements,
        l1_0.skills,
        l1_0.thumbnail,
        l1_0.title,
        l1_0.updated_at,
        l1_0.xp_reward 
    from
        lessons l1_0 
    where
        l1_0.active
2026-08-24T18:13:21.210+05:30  WARN 15172 --- [SpeakMateAI] [0.0-9091-exec-7] ration$PageModule$WarningLoggingModifier : Serializing PageImpl instances as-is is not supported, meaning that there is no guarantee about the stability of the resulting JSON structure!
	For a stable JSON structure, please use Spring Data's PagedModel (globally via @EnableSpringDataWebSupport(pageSerializationMode = VIA_DTO))
	or Spring HATEOAS and Spring Data's PagedResourcesAssembler as documented in https://docs.spring.io/spring-data/commons/reference/repositories/core-extensions.html#core.web.pageables.

Hibernate: 
    select
        count(*) 
    from
        speaking_sessions ss1_0
2026-08-24T18:13:21.306+05:30  INFO 15172 --- [SpeakMateAI] [0.0-9091-exec-9] c.r.s.security.RequestLoggingFilter      : [REQUEST LOG] Incoming request: GET /api/admin/users
Hibernate: 
    select
        a1_0.id,
        a1_0.created_at,
        a1_0.department,
        a1_0.designation,
        a1_0.email,
        a1_0.email_notifications,
        a1_0.full_name,
        a1_0.language,
        a1_0.last_login,
        a1_0.location,
        a1_0.notifications_enabled,
        a1_0.password,
        a1_0.phone,
        a1_0.profile_image,
        a1_0.reset_otp,
        a1_0.reset_otp_expiry,
        a1_0.reset_password_token,
        a1_0.reset_password_token_expiry,
        a1_0.role,
        a1_0.session_timeout,
        a1_0.sidebar_collapsed,
        a1_0.status,
        a1_0.system_notifications,
        a1_0.theme,
        a1_0.two_factor_enabled,
        a1_0.updated_at 
    from
        admins a1_0 
    where
        a1_0.email=?
Hibernate: 
    select
        count(*) 
    from
        vocabulary v1_0
Hibernate: 
    select
        count(*) 
    from
        achievement a1_0
Hibernate: 
    select
        u1_0.id,
        case 
            when u1_1.user_id is not null 
                then 1 
            when u1_2.id is not null 
                then 2 
            when u1_0.id is not null 
                then 0 
        end,
        u1_0.active,
        u1_0.age_group,
        u1_0.auth_provider,
        u1_0.avatar,
        u1_0.created_at,
        u1_0.daily_goal_minutes,
        u1_0.division,
        u1_0.email,
        u1_0.email_verification_token,
        u1_0.email_verified,
        u1_0.english_level,
        u1_0.expo_push_token,
        u1_0.first_name,
        u1_0.interests,
        u1_0.last_name,
        u1_0.learning_goal,
        u1_0.native_language,
        u1_0.onboarding_completed,
        u1_0.parent_name,
        u1_0.parent_phone,
        u1_0.password,
        u1_0.phone,
        u1_0.preferred_accent,
        u1_0.preferred_voice,
        u1_0.reset_otp,
        u1_0.reset_otp_expiry,
        u1_0.reset_password_token,
        u1_0.reset_password_token_expiry,
        u1_0.role,
        u1_0.roll_number,
        u1_0.school_id,
        u1_0.school_name,
        u1_0.standard,
        u1_0.status,
        u1_0.updated_at,
        u1_0.user_type,
        u1_0.welcome_completed,
        u1_2.department,
        u1_2.designation,
        u1_2.employee_id,
        u1_2.experience,
        u1_2.joined_at,
        u1_2.qualification 
    from
        users u1_0 
    left join
        school_admins u1_1 
            on u1_0.id=u1_1.user_id 
    left join
        teachers u1_2 
            on u1_0.id=u1_2.id 
    where
        1=1 
    order by
        u1_0.id desc 
    offset
        ? rows 
    fetch
        first ? rows only
Hibernate: 
    select
        count(*) 
    from
        notification n1_0
Hibernate: 
    select
        count(u1_0.id) 
    from
        users u1_0 
    where
        1=1
2026-08-24T18:13:21.911+05:30  INFO 15172 --- [SpeakMateAI] [.0-9091-exec-10] c.r.s.security.RequestLoggingFilter      : [REQUEST LOG] Incoming request: GET /api/admin/dashboard
Hibernate: 
    select
        a1_0.id,
        a1_0.created_at,
        a1_0.department,
        a1_0.designation,
        a1_0.email,
        a1_0.email_notifications,
        a1_0.full_name,
        a1_0.language,
        a1_0.last_login,
        a1_0.location,
        a1_0.notifications_enabled,
        a1_0.password,
        a1_0.phone,
        a1_0.profile_image,
        a1_0.reset_otp,
        a1_0.reset_otp_expiry,
        a1_0.reset_password_token,
        a1_0.reset_password_token_expiry,
        a1_0.role,
        a1_0.session_timeout,
        a1_0.sidebar_collapsed,
        a1_0.status,
        a1_0.system_notifications,
        a1_0.theme,
        a1_0.two_factor_enabled,
        a1_0.updated_at 
    from
        admins a1_0 
    where
        a1_0.email=?
Hibernate: 
    select
        count(*) 
    from
        users u1_0
Hibernate: 
    select
        count(u1_0.id) 
    from
        users u1_0 
    where
        u1_0.active
Hibernate: 
    select
        count(u1_0.id) 
    from
        users u1_0 
    where
        not(u1_0.active)
Hibernate: 
    select
        count(u1_0.id) 
    from
        users u1_0 
    where
        u1_0.user_type=?
Hibernate: 
    select
        count(u1_0.id) 
    from
        users u1_0 
    where
        u1_0.created_at between ? and ?
Hibernate: 
    select
        count(*) 
    from
        lessons l1_0
Hibernate: 
    select
        l1_0.id,
        l1_0.active,
        l1_0.category,
        l1_0.content,
        l1_0.cover_image,
        l1_0.created_at,
        l1_0.description,
        l1_0.duration,
        l1_0.estimated_minutes,
        l1_0.featured,
        l1_0.level,
        l1_0.locked,
        l1_0.objectives,
        l1_0.order_index,
        l1_0.popular,
        l1_0.required_level,
        l1_0.requiredxp,
        l1_0.requirements,
        l1_0.skills,
        l1_0.thumbnail,
        l1_0.title,
        l1_0.updated_at,
        l1_0.xp_reward 
    from
        lessons l1_0 
    where
        l1_0.active
Hibernate: 
    select
        count(*) 
    from
        speaking_sessions ss1_0
Hibernate: 
    select
        count(*) 
    from
        vocabulary v1_0
Hibernate: 
    select
        count(*) 
    from
        achievement a1_0
Hibernate: 
    select
        count(*) 
    from
        notification n1_0
2026-08-24T18:13:24.176+05:30  INFO 15172 --- [SpeakMateAI] [0.0-9091-exec-5] c.r.s.security.RequestLoggingFilter      : [REQUEST LOG] Incoming request: GET /api/admin/school-users
2026-08-24T18:13:24.182+05:30  INFO 15172 --- [SpeakMateAI] [0.0-9091-exec-6] c.r.s.security.RequestLoggingFilter      : [REQUEST LOG] Incoming request: GET /api/admin/schools
Hibernate: 
    select
        a1_0.id,
        a1_0.created_at,
        a1_0.department,
        a1_0.designation,
        a1_0.email,
        a1_0.email_notifications,
        a1_0.full_name,
        a1_0.language,
        a1_0.last_login,
        a1_0.location,
        a1_0.notifications_enabled,
        a1_0.password,
        a1_0.phone,
        a1_0.profile_image,
        a1_0.reset_otp,
        a1_0.reset_otp_expiry,
        a1_0.reset_password_token,
        a1_0.reset_password_token_expiry,
        a1_0.role,
        a1_0.session_timeout,
        a1_0.sidebar_collapsed,
        a1_0.status,
        a1_0.system_notifications,
        a1_0.theme,
        a1_0.two_factor_enabled,
        a1_0.updated_at 
    from
        admins a1_0 
    where
        a1_0.email=?
Hibernate: 
    select
        a1_0.id,
        a1_0.created_at,
        a1_0.department,
        a1_0.designation,
        a1_0.email,
        a1_0.email_notifications,
        a1_0.full_name,
        a1_0.language,
        a1_0.last_login,
        a1_0.location,
        a1_0.notifications_enabled,
        a1_0.password,
        a1_0.phone,
        a1_0.profile_image,
        a1_0.reset_otp,
        a1_0.reset_otp_expiry,
        a1_0.reset_password_token,
        a1_0.reset_password_token_expiry,
        a1_0.role,
        a1_0.session_timeout,
        a1_0.sidebar_collapsed,
        a1_0.status,
        a1_0.system_notifications,
        a1_0.theme,
        a1_0.two_factor_enabled,
        a1_0.updated_at 
    from
        admins a1_0 
    where
        a1_0.email=?
Hibernate: 
    select
        s1_0.id,
        s1_0.active,
        s1_0.age_group,
        s1_0.auth_provider,
        s1_0.avatar,
        s1_0.created_at,
        s1_0.daily_goal_minutes,
        s1_0.division,
        s1_0.email,
        s1_0.email_verification_token,
        s1_0.email_verified,
        s1_0.english_level,
        s1_0.expo_push_token,
        s1_0.first_name,
        s1_0.interests,
        s1_0.last_name,
        s1_0.learning_goal,
        s1_0.native_language,
        s1_0.onboarding_completed,
        s1_0.parent_name,
        s1_0.parent_phone,
        s1_0.password,
        s1_0.phone,
        s1_0.preferred_accent,
        s1_0.preferred_voice,
        s1_0.reset_otp,
        s1_0.reset_otp_expiry,
        s1_0.reset_password_token,
        s1_0.reset_password_token_expiry,
        s1_0.roll_number,
        s1_0.school_id,
        s1_0.school_name,
        s1_0.standard,
        s1_0.status,
        s1_0.updated_at,
        s1_0.welcome_completed 
    from
        students s1_0 
    where
        1=1 
    order by
        s1_0.id desc 
    offset
        ? rows 
    fetch
        first ? rows only
Hibernate: 
    select
        s1_0.id,
        s1_0.ai_voice,
        s1_0.auto_play_audio,
        s1_0.created_at,
        s1_0.daily_reminder,
        s1_0.dark_mode,
        s1_0.language,
        s1_0.notifications_enabled,
        s1_0.sound_effects,
        s1_0.student_id,
        s1_0.two_factor_enabled,
        s1_0.updated_at,
        s1_0.user_id 
    from
        settings s1_0 
    where
        s1_0.student_id=?
Hibernate: 
    select
        s1_0.id,
        s1_0.ai_voice,
        s1_0.auto_play_audio,
        s1_0.created_at,
        s1_0.daily_reminder,
        s1_0.dark_mode,
        s1_0.language,
        s1_0.notifications_enabled,
        s1_0.sound_effects,
        s1_0.student_id,
        s1_0.two_factor_enabled,
        s1_0.updated_at,
        s1_0.user_id 
    from
        settings s1_0 
    where
        s1_0.student_id=?
Hibernate: 
    select
        s1_0.id,
        s1_0.active,
        s1_0.address,
        s1_0.contact_phone,
        s1_0.created_at,
        s1_0.name,
        s1_0.school_code,
        s1_0.school_name,
        s1_0.updated_at 
    from
        schools s1_0
Hibernate: 
    select
        s1_0.id,
        s1_0.ai_voice,
        s1_0.auto_play_audio,
        s1_0.created_at,
        s1_0.daily_reminder,
        s1_0.dark_mode,
        s1_0.language,
        s1_0.notifications_enabled,
        s1_0.sound_effects,
        s1_0.student_id,
        s1_0.two_factor_enabled,
        s1_0.updated_at,
        s1_0.user_id 
    from
        settings s1_0 
    where
        s1_0.student_id=?
Hibernate: 
    select
        s1_0.id,
        s1_0.ai_voice,
        s1_0.auto_play_audio,
        s1_0.created_at,
        s1_0.daily_reminder,
        s1_0.dark_mode,
        s1_0.language,
        s1_0.notifications_enabled,
        s1_0.sound_effects,
        s1_0.student_id,
        s1_0.two_factor_enabled,
        s1_0.updated_at,
        s1_0.user_id 
    from
        settings s1_0 
    where
        s1_0.student_id=?
Hibernate: 
    select
        s1_0.id,
        s1_0.ai_voice,
        s1_0.auto_play_audio,
        s1_0.created_at,
        s1_0.daily_reminder,
        s1_0.dark_mode,
        s1_0.language,
        s1_0.notifications_enabled,
        s1_0.sound_effects,
        s1_0.student_id,
        s1_0.two_factor_enabled,
        s1_0.updated_at,
        s1_0.user_id 
    from
        settings s1_0 
    where
        s1_0.student_id=?
2026-08-24T18:13:24.931+05:30  INFO 15172 --- [SpeakMateAI] [0.0-9091-exec-7] c.r.s.security.RequestLoggingFilter      : [REQUEST LOG] Incoming request: GET /api/admin/schools
Hibernate: 
    select
        a1_0.id,
        a1_0.created_at,
        a1_0.department,
        a1_0.designation,
        a1_0.email,
        a1_0.email_notifications,
        a1_0.full_name,
        a1_0.language,
        a1_0.last_login,
        a1_0.location,
        a1_0.notifications_enabled,
        a1_0.password,
        a1_0.phone,
        a1_0.profile_image,
        a1_0.reset_otp,
        a1_0.reset_otp_expiry,
        a1_0.reset_password_token,
        a1_0.reset_password_token_expiry,
        a1_0.role,
        a1_0.session_timeout,
        a1_0.sidebar_collapsed,
        a1_0.status,
        a1_0.system_notifications,
        a1_0.theme,
        a1_0.two_factor_enabled,
        a1_0.updated_at 
    from
        admins a1_0 
    where
        a1_0.email=?
Hibernate: 
    select
        s1_0.id,
        s1_0.ai_voice,
        s1_0.auto_play_audio,
        s1_0.created_at,
        s1_0.daily_reminder,
        s1_0.dark_mode,
        s1_0.language,
        s1_0.notifications_enabled,
        s1_0.sound_effects,
        s1_0.student_id,
        s1_0.two_factor_enabled,
        s1_0.updated_at,
        s1_0.user_id 
    from
        settings s1_0 
    where
        s1_0.student_id=?
Hibernate: 
    select
        s1_0.id,
        s1_0.active,
        s1_0.address,
        s1_0.contact_phone,
        s1_0.created_at,
        s1_0.name,
        s1_0.school_code,
        s1_0.school_name,
        s1_0.updated_at 
    from
        schools s1_0
Hibernate: 
    select
        s1_0.id,
        s1_0.ai_voice,
        s1_0.auto_play_audio,
        s1_0.created_at,
        s1_0.daily_reminder,
        s1_0.dark_mode,
        s1_0.language,
        s1_0.notifications_enabled,
        s1_0.sound_effects,
        s1_0.student_id,
        s1_0.two_factor_enabled,
        s1_0.updated_at,
        s1_0.user_id 
    from
        settings s1_0 
    where
        s1_0.student_id=?
Hibernate: 
    select
        s1_0.id,
        s1_0.ai_voice,
        s1_0.auto_play_audio,
        s1_0.created_at,
        s1_0.daily_reminder,
        s1_0.dark_mode,
        s1_0.language,
        s1_0.notifications_enabled,
        s1_0.sound_effects,
        s1_0.student_id,
        s1_0.two_factor_enabled,
        s1_0.updated_at,
        s1_0.user_id 
    from
        settings s1_0 
    where
        s1_0.student_id=?
Hibernate: 
    select
        s1_0.id,
        s1_0.ai_voice,
        s1_0.auto_play_audio,
        s1_0.created_at,
        s1_0.daily_reminder,
        s1_0.dark_mode,
        s1_0.language,
        s1_0.notifications_enabled,
        s1_0.sound_effects,
        s1_0.student_id,
        s1_0.two_factor_enabled,
        s1_0.updated_at,
        s1_0.user_id 
    from
        settings s1_0 
    where
        s1_0.student_id=?
Hibernate: 
    select
        s1_0.id,
        s1_0.ai_voice,
        s1_0.auto_play_audio,
        s1_0.created_at,
        s1_0.daily_reminder,
        s1_0.dark_mode,
        s1_0.language,
        s1_0.notifications_enabled,
        s1_0.sound_effects,
        s1_0.student_id,
        s1_0.two_factor_enabled,
        s1_0.updated_at,
        s1_0.user_id 
    from
        settings s1_0 
    where
        s1_0.student_id=?
Hibernate: 
    select
        count(s1_0.id) 
    from
        students s1_0 
    where
        1=1
Hibernate: 
    select
        s1_0.id,
        s1_0.active,
        s1_0.address,
        s1_0.contact_phone,
        s1_0.created_at,
        s1_0.name,
        s1_0.school_code,
        s1_0.school_name,
        s1_0.updated_at 
    from
        schools s1_0 
    where
        s1_0.id=?
Hibernate: 
    select
        count(lp1_0.id) 
    from
        lesson_progress lp1_0 
    where
        lp1_0.user_id=?
Hibernate: 
    select
        count(ss1_0.id) 
    from
        speaking_sessions ss1_0 
    where
        ss1_0.user_id=?
Hibernate: 
    select
        count(gh1_0.id) 
    from
        grammar_history gh1_0 
    where
        gh1_0.user_id=?
Hibernate: 
    select
        count(v1_0.id) 
    from
        vocabulary v1_0 
    where
        v1_0.student_id=?
Hibernate: 
    select
        count(lp1_0.id) 
    from
        lesson_progress lp1_0 
    where
        lp1_0.user_id=?
Hibernate: 
    select
        count(ss1_0.id) 
    from
        speaking_sessions ss1_0 
    where
        ss1_0.user_id=?
Hibernate: 
    select
        count(gh1_0.id) 
    from
        grammar_history gh1_0 
    where
        gh1_0.user_id=?
Hibernate: 
    select
        count(v1_0.id) 
    from
        vocabulary v1_0 
    where
        v1_0.student_id=?
Hibernate: 
    select
        count(lp1_0.id) 
    from
        lesson_progress lp1_0 
    where
        lp1_0.user_id=?
Hibernate: 
    select
        count(ss1_0.id) 
    from
        speaking_sessions ss1_0 
    where
        ss1_0.user_id=?
Hibernate: 
    select
        count(gh1_0.id) 
    from
        grammar_history gh1_0 
    where
        gh1_0.user_id=?
Hibernate: 
    select
        count(v1_0.id) 
    from
        vocabulary v1_0 
    where
        v1_0.student_id=?
Hibernate: 
    select
        s1_0.id,
        s1_0.active,
        s1_0.address,
        s1_0.contact_phone,
        s1_0.created_at,
        s1_0.name,
        s1_0.school_code,
        s1_0.school_name,
        s1_0.updated_at 
    from
        schools s1_0 
    where
        s1_0.id=?
Hibernate: 
    select
        count(lp1_0.id) 
    from
        lesson_progress lp1_0 
    where
        lp1_0.user_id=?
Hibernate: 
    select
        count(ss1_0.id) 
    from
        speaking_sessions ss1_0 
    where
        ss1_0.user_id=?
Hibernate: 
    select
        count(gh1_0.id) 
    from
        grammar_history gh1_0 
    where
        gh1_0.user_id=?
Hibernate: 
    select
        count(v1_0.id) 
    from
        vocabulary v1_0 
    where
        v1_0.student_id=?
Hibernate: 
    select
        count(lp1_0.id) 
    from
        lesson_progress lp1_0 
    where
        lp1_0.user_id=?
Hibernate: 
    select
        count(ss1_0.id) 
    from
        speaking_sessions ss1_0 
    where
        ss1_0.user_id=?
Hibernate: 
    select
        count(gh1_0.id) 
    from
        grammar_history gh1_0 
    where
        gh1_0.user_id=?
Hibernate: 
    select
        count(v1_0.id) 
    from
        vocabulary v1_0 
    where
        v1_0.student_id=?
Hibernate: 
    select
        count(lp1_0.id) 
    from
        lesson_progress lp1_0 
    where
        lp1_0.user_id=?
Hibernate: 
    select
        count(ss1_0.id) 
    from
        speaking_sessions ss1_0 
    where
        ss1_0.user_id=?
Hibernate: 
    select
        count(gh1_0.id) 
    from
        grammar_history gh1_0 
    where
        gh1_0.user_id=?
Hibernate: 
    select
        count(v1_0.id) 
    from
        vocabulary v1_0 
    where
        v1_0.student_id=?
Hibernate: 
    select
        count(lp1_0.id) 
    from
        lesson_progress lp1_0 
    where
        lp1_0.user_id=?
Hibernate: 
    select
        count(ss1_0.id) 
    from
        speaking_sessions ss1_0 
    where
        ss1_0.user_id=?
Hibernate: 
    select
        count(gh1_0.id) 
    from
        grammar_history gh1_0 
    where
        gh1_0.user_id=?
Hibernate: 
    select
        count(v1_0.id) 
    from
        vocabulary v1_0 
    where
        v1_0.student_id=?
Hibernate: 
    select
        s1_0.id,
        s1_0.active,
        s1_0.address,
        s1_0.contact_phone,
        s1_0.created_at,
        s1_0.name,
        s1_0.school_code,
        s1_0.school_name,
        s1_0.updated_at 
    from
        schools s1_0 
    where
        s1_0.id=?
Hibernate: 
    select
        count(lp1_0.id) 
    from
        lesson_progress lp1_0 
    where
        lp1_0.user_id=?
Hibernate: 
    select
        count(ss1_0.id) 
    from
        speaking_sessions ss1_0 
    where
        ss1_0.user_id=?
Hibernate: 
    select
        count(gh1_0.id) 
    from
        grammar_history gh1_0 
    where
        gh1_0.user_id=?
Hibernate: 
    select
        count(v1_0.id) 
    from
        vocabulary v1_0 
    where
        v1_0.student_id=?
Hibernate: 
    select
        s1_0.id,
        s1_0.active,
        s1_0.address,
        s1_0.contact_phone,
        s1_0.created_at,
        s1_0.name,
        s1_0.school_code,
        s1_0.school_name,
        s1_0.updated_at 
    from
        schools s1_0 
    where
        s1_0.id=?
Hibernate: 
    select
        count(lp1_0.id) 
    from
        lesson_progress lp1_0 
    where
        lp1_0.user_id=?
Hibernate: 
    select
        count(ss1_0.id) 
    from
        speaking_sessions ss1_0 
    where
        ss1_0.user_id=?
Hibernate: 
    select
        count(gh1_0.id) 
    from
        grammar_history gh1_0 
    where
        gh1_0.user_id=?
Hibernate: 
    select
        count(v1_0.id) 
    from
        vocabulary v1_0 
    where
        v1_0.student_id=?
Hibernate: 
    select
        s1_0.id,
        s1_0.active,
        s1_0.address,
        s1_0.contact_phone,
        s1_0.created_at,
        s1_0.name,
        s1_0.school_code,
        s1_0.school_name,
        s1_0.updated_at 
    from
        schools s1_0 
    where
        s1_0.id=?
Hibernate: 
    select
        count(lp1_0.id) 
    from
        lesson_progress lp1_0 
    where
        lp1_0.user_id=?
Hibernate: 
    select
        count(ss1_0.id) 
    from
        speaking_sessions ss1_0 
    where
        ss1_0.user_id=?
Hibernate: 
    select
        count(gh1_0.id) 
    from
        grammar_history gh1_0 
    where
        gh1_0.user_id=?
Hibernate: 
    select
        count(v1_0.id) 
    from
        vocabulary v1_0 
    where
        v1_0.student_id=?
2026-08-24T18:13:29.809+05:30  INFO 15172 --- [SpeakMateAI] [0.0-9091-exec-9] c.r.s.security.RequestLoggingFilter      : [REQUEST LOG] Incoming request: GET /api/admin/school-users
Hibernate: 
    select
        a1_0.id,
        a1_0.created_at,
        a1_0.department,
        a1_0.designation,
        a1_0.email,
        a1_0.email_notifications,
        a1_0.full_name,
        a1_0.language,
        a1_0.last_login,
        a1_0.location,
        a1_0.notifications_enabled,
        a1_0.password,
        a1_0.phone,
        a1_0.profile_image,
        a1_0.reset_otp,
        a1_0.reset_otp_expiry,
        a1_0.reset_password_token,
        a1_0.reset_password_token_expiry,
        a1_0.role,
        a1_0.session_timeout,
        a1_0.sidebar_collapsed,
        a1_0.status,
        a1_0.system_notifications,
        a1_0.theme,
        a1_0.two_factor_enabled,
        a1_0.updated_at 
    from
        admins a1_0 
    where
        a1_0.email=?
Hibernate: 
    select
        s1_0.id,
        s1_0.active,
        s1_0.age_group,
        s1_0.auth_provider,
        s1_0.avatar,
        s1_0.created_at,
        s1_0.daily_goal_minutes,
        s1_0.division,
        s1_0.email,
        s1_0.email_verification_token,
        s1_0.email_verified,
        s1_0.english_level,
        s1_0.expo_push_token,
        s1_0.first_name,
        s1_0.interests,
        s1_0.last_name,
        s1_0.learning_goal,
        s1_0.native_language,
        s1_0.onboarding_completed,
        s1_0.parent_name,
        s1_0.parent_phone,
        s1_0.password,
        s1_0.phone,
        s1_0.preferred_accent,
        s1_0.preferred_voice,
        s1_0.reset_otp,
        s1_0.reset_otp_expiry,
        s1_0.reset_password_token,
        s1_0.reset_password_token_expiry,
        s1_0.roll_number,
        s1_0.school_id,
        s1_0.school_name,
        s1_0.standard,
        s1_0.status,
        s1_0.updated_at,
        s1_0.welcome_completed 
    from
        students s1_0 
    where
        1=1 
    order by
        s1_0.id desc 
    offset
        ? rows 
    fetch
        first ? rows only
Hibernate: 
    select
        s1_0.id,
        s1_0.ai_voice,
        s1_0.auto_play_audio,
        s1_0.created_at,
        s1_0.daily_reminder,
        s1_0.dark_mode,
        s1_0.language,
        s1_0.notifications_enabled,
        s1_0.sound_effects,
        s1_0.student_id,
        s1_0.two_factor_enabled,
        s1_0.updated_at,
        s1_0.user_id 
    from
        settings s1_0 
    where
        s1_0.student_id=?
Hibernate: 
    select
        s1_0.id,
        s1_0.ai_voice,
        s1_0.auto_play_audio,
        s1_0.created_at,
        s1_0.daily_reminder,
        s1_0.dark_mode,
        s1_0.language,
        s1_0.notifications_enabled,
        s1_0.sound_effects,
        s1_0.student_id,
        s1_0.two_factor_enabled,
        s1_0.updated_at,
        s1_0.user_id 
    from
        settings s1_0 
    where
        s1_0.student_id=?
Hibernate: 
    select
        s1_0.id,
        s1_0.ai_voice,
        s1_0.auto_play_audio,
        s1_0.created_at,
        s1_0.daily_reminder,
        s1_0.dark_mode,
        s1_0.language,
        s1_0.notifications_enabled,
        s1_0.sound_effects,
        s1_0.student_id,
        s1_0.two_factor_enabled,
        s1_0.updated_at,
        s1_0.user_id 
    from
        settings s1_0 
    where
        s1_0.student_id=?
Hibernate: 
    select
        s1_0.id,
        s1_0.ai_voice,
        s1_0.auto_play_audio,
        s1_0.created_at,
        s1_0.daily_reminder,
        s1_0.dark_mode,
        s1_0.language,
        s1_0.notifications_enabled,
        s1_0.sound_effects,
        s1_0.student_id,
        s1_0.two_factor_enabled,
        s1_0.updated_at,
        s1_0.user_id 
    from
        settings s1_0 
    where
        s1_0.student_id=?
Hibernate: 
    select
        s1_0.id,
        s1_0.ai_voice,
        s1_0.auto_play_audio,
        s1_0.created_at,
        s1_0.daily_reminder,
        s1_0.dark_mode,
        s1_0.language,
        s1_0.notifications_enabled,
        s1_0.sound_effects,
        s1_0.student_id,
        s1_0.two_factor_enabled,
        s1_0.updated_at,
        s1_0.user_id 
    from
        settings s1_0 
    where
        s1_0.student_id=?
Hibernate: 
    select
        s1_0.id,
        s1_0.ai_voice,
        s1_0.auto_play_audio,
        s1_0.created_at,
        s1_0.daily_reminder,
        s1_0.dark_mode,
        s1_0.language,
        s1_0.notifications_enabled,
        s1_0.sound_effects,
        s1_0.student_id,
        s1_0.two_factor_enabled,
        s1_0.updated_at,
        s1_0.user_id 
    from
        settings s1_0 
    where
        s1_0.student_id=?
Hibernate: 
    select
        s1_0.id,
        s1_0.ai_voice,
        s1_0.auto_play_audio,
        s1_0.created_at,
        s1_0.daily_reminder,
        s1_0.dark_mode,
        s1_0.language,
        s1_0.notifications_enabled,
        s1_0.sound_effects,
        s1_0.student_id,
        s1_0.two_factor_enabled,
        s1_0.updated_at,
        s1_0.user_id 
    from
        settings s1_0 
    where
        s1_0.student_id=?
Hibernate: 
    select
        s1_0.id,
        s1_0.ai_voice,
        s1_0.auto_play_audio,
        s1_0.created_at,
        s1_0.daily_reminder,
        s1_0.dark_mode,
        s1_0.language,
        s1_0.notifications_enabled,
        s1_0.sound_effects,
        s1_0.student_id,
        s1_0.two_factor_enabled,
        s1_0.updated_at,
        s1_0.user_id 
    from
        settings s1_0 
    where
        s1_0.student_id=?
Hibernate: 
    select
        s1_0.id,
        s1_0.ai_voice,
        s1_0.auto_play_audio,
        s1_0.created_at,
        s1_0.daily_reminder,
        s1_0.dark_mode,
        s1_0.language,
        s1_0.notifications_enabled,
        s1_0.sound_effects,
        s1_0.student_id,
        s1_0.two_factor_enabled,
        s1_0.updated_at,
        s1_0.user_id 
    from
        settings s1_0 
    where
        s1_0.student_id=?
Hibernate: 
    select
        s1_0.id,
        s1_0.ai_voice,
        s1_0.auto_play_audio,
        s1_0.created_at,
        s1_0.daily_reminder,
        s1_0.dark_mode,
        s1_0.language,
        s1_0.notifications_enabled,
        s1_0.sound_effects,
        s1_0.student_id,
        s1_0.two_factor_enabled,
        s1_0.updated_at,
        s1_0.user_id 
    from
        settings s1_0 
    where
        s1_0.student_id=?
Hibernate: 
    select
        count(s1_0.id) 
    from
        students s1_0 
    where
        1=1
Hibernate: 
    select
        s1_0.id,
        s1_0.active,
        s1_0.address,
        s1_0.contact_phone,
        s1_0.created_at,
        s1_0.name,
        s1_0.school_code,
        s1_0.school_name,
        s1_0.updated_at 
    from
        schools s1_0 
    where
        s1_0.id=?
Hibernate: 
    select
        count(lp1_0.id) 
    from
        lesson_progress lp1_0 
    where
        lp1_0.user_id=?
Hibernate: 
    select
        count(ss1_0.id) 
    from
        speaking_sessions ss1_0 
    where
        ss1_0.user_id=?
Hibernate: 
    select
        count(gh1_0.id) 
    from
        grammar_history gh1_0 
    where
        gh1_0.user_id=?
Hibernate: 
    select
        count(v1_0.id) 
    from
        vocabulary v1_0 
    where
        v1_0.student_id=?
Hibernate: 
    select
        count(lp1_0.id) 
    from
        lesson_progress lp1_0 
    where
        lp1_0.user_id=?
Hibernate: 
    select
        count(ss1_0.id) 
    from
        speaking_sessions ss1_0 
    where
        ss1_0.user_id=?
Hibernate: 
    select
        count(gh1_0.id) 
    from
        grammar_history gh1_0 
    where
        gh1_0.user_id=?
Hibernate: 
    select
        count(v1_0.id) 
    from
        vocabulary v1_0 
    where
        v1_0.student_id=?
Hibernate: 
    select
        count(lp1_0.id) 
    from
        lesson_progress lp1_0 
    where
        lp1_0.user_id=?
Hibernate: 
    select
        count(ss1_0.id) 
    from
        speaking_sessions ss1_0 
    where
        ss1_0.user_id=?
Hibernate: 
    select
        count(gh1_0.id) 
    from
        grammar_history gh1_0 
    where
        gh1_0.user_id=?
Hibernate: 
    select
        count(v1_0.id) 
    from
        vocabulary v1_0 
    where
        v1_0.student_id=?
Hibernate: 
    select
        s1_0.id,
        s1_0.active,
        s1_0.address,
        s1_0.contact_phone,
        s1_0.created_at,
        s1_0.name,
        s1_0.school_code,
        s1_0.school_name,
        s1_0.updated_at 
    from
        schools s1_0 
    where
        s1_0.id=?
Hibernate: 
    select
        count(lp1_0.id) 
    from
        lesson_progress lp1_0 
    where
        lp1_0.user_id=?
Hibernate: 
    select
        count(ss1_0.id) 
    from
        speaking_sessions ss1_0 
    where
        ss1_0.user_id=?
Hibernate: 
    select
        count(gh1_0.id) 
    from
        grammar_history gh1_0 
    where
        gh1_0.user_id=?
Hibernate: 
    select
        count(v1_0.id) 
    from
        vocabulary v1_0 
    where
        v1_0.student_id=?
Hibernate: 
    select
        count(lp1_0.id) 
    from
        lesson_progress lp1_0 
    where
        lp1_0.user_id=?
Hibernate: 
    select
        count(ss1_0.id) 
    from
        speaking_sessions ss1_0 
    where
        ss1_0.user_id=?
Hibernate: 
    select
        count(gh1_0.id) 
    from
        grammar_history gh1_0 
    where
        gh1_0.user_id=?
Hibernate: 
    select
        count(v1_0.id) 
    from
        vocabulary v1_0 
    where
        v1_0.student_id=?
Hibernate: 
    select
        count(lp1_0.id) 
    from
        lesson_progress lp1_0 
    where
        lp1_0.user_id=?
Hibernate: 
    select
        count(ss1_0.id) 
    from
        speaking_sessions ss1_0 
    where
        ss1_0.user_id=?
Hibernate: 
    select
        count(gh1_0.id) 
    from
        grammar_history gh1_0 
    where
        gh1_0.user_id=?
Hibernate: 
    select
        count(v1_0.id) 
    from
        vocabulary v1_0 
    where
        v1_0.student_id=?
Hibernate: 
    select
        count(lp1_0.id) 
    from
        lesson_progress lp1_0 
    where
        lp1_0.user_id=?
Hibernate: 
    select
        count(ss1_0.id) 
    from
        speaking_sessions ss1_0 
    where
        ss1_0.user_id=?
Hibernate: 
    select
        count(gh1_0.id) 
    from
        grammar_history gh1_0 
    where
        gh1_0.user_id=?
Hibernate: 
    select
        count(v1_0.id) 
    from
        vocabulary v1_0 
    where
        v1_0.student_id=?
Hibernate: 
    select
        s1_0.id,
        s1_0.active,
        s1_0.address,
        s1_0.contact_phone,
        s1_0.created_at,
        s1_0.name,
        s1_0.school_code,
        s1_0.school_name,
        s1_0.updated_at 
    from
        schools s1_0 
    where
        s1_0.id=?
Hibernate: 
    select
        count(lp1_0.id) 
    from
        lesson_progress lp1_0 
    where
        lp1_0.user_id=?
Hibernate: 
    select
        count(ss1_0.id) 
    from
        speaking_sessions ss1_0 
    where
        ss1_0.user_id=?
Hibernate: 
    select
        count(gh1_0.id) 
    from
        grammar_history gh1_0 
    where
        gh1_0.user_id=?
Hibernate: 
    select
        count(v1_0.id) 
    from
        vocabulary v1_0 
    where
        v1_0.student_id=?
Hibernate: 
    select
        s1_0.id,
        s1_0.active,
        s1_0.address,
        s1_0.contact_phone,
        s1_0.created_at,
        s1_0.name,
        s1_0.school_code,
        s1_0.school_name,
        s1_0.updated_at 
    from
        schools s1_0 
    where
        s1_0.id=?
Hibernate: 
    select
        count(lp1_0.id) 
    from
        lesson_progress lp1_0 
    where
        lp1_0.user_id=?
Hibernate: 
    select
        count(ss1_0.id) 
    from
        speaking_sessions ss1_0 
    where
        ss1_0.user_id=?
Hibernate: 
    select
        count(gh1_0.id) 
    from
        grammar_history gh1_0 
    where
        gh1_0.user_id=?
Hibernate: 
    select
        count(v1_0.id) 
    from
        vocabulary v1_0 
    where
        v1_0.student_id=?
Hibernate: 
    select
        s1_0.id,
        s1_0.active,
        s1_0.address,
        s1_0.contact_phone,
        s1_0.created_at,
        s1_0.name,
        s1_0.school_code,
        s1_0.school_name,
        s1_0.updated_at 
    from
        schools s1_0 
    where
        s1_0.id=?
Hibernate: 
    select
        count(lp1_0.id) 
    from
        lesson_progress lp1_0 
    where
        lp1_0.user_id=?
Hibernate: 
    select
        count(ss1_0.id) 
    from
        speaking_sessions ss1_0 
    where
        ss1_0.user_id=?
Hibernate: 
    select
        count(gh1_0.id) 
    from
        grammar_history gh1_0 
    where
        gh1_0.user_id=?
Hibernate: 
    select
        count(v1_0.id) 
    from
        vocabulary v1_0 
    where
        v1_0.student_id=?
2026-08-24T18:14:03.912+05:30  INFO 15172 --- [SpeakMateAI] [0.0-9091-exec-8] c.r.s.security.RequestLoggingFilter      : [REQUEST LOG] Incoming request: GET /api/school/dashboard
2026-08-24T18:14:03.920+05:30  WARN 15172 --- [SpeakMateAI] [0.0-9091-exec-8] c.r.s.security.JwtAuthenticationFilter   : [JWT Filter] Token validation failed: JWT strings must contain exactly 2 period characters. Found: 0
2026-08-24T18:14:04.040+05:30  INFO 15172 --- [SpeakMateAI] [0.0-9091-exec-1] c.r.s.security.RequestLoggingFilter      : [REQUEST LOG] Incoming request: GET /api/school/students
2026-08-24T18:14:04.046+05:30  WARN 15172 --- [SpeakMateAI] [0.0-9091-exec-1] c.r.s.security.JwtAuthenticationFilter   : [JWT Filter] Token validation failed: JWT strings must contain exactly 2 period characters. Found: 0
2026-08-24T18:14:43.051+05:30  INFO 15172 --- [SpeakMateAI] [0.0-9091-exec-5] c.r.s.security.RequestLoggingFilter      : [REQUEST LOG] Incoming request: GET /api/school/dashboard
Hibernate: 
    select
        u1_0.id,
        case 
            when u1_1.user_id is not null 
                then 1 
            when u1_2.id is not null 
                then 2 
            when u1_0.id is not null 
                then 0 
        end,
        u1_0.active,
        u1_0.age_group,
        u1_0.auth_provider,
        u1_0.avatar,
        u1_0.created_at,
        u1_0.daily_goal_minutes,
        u1_0.division,
        u1_0.email,
        u1_0.email_verification_token,
        u1_0.email_verified,
        u1_0.english_level,
        u1_0.expo_push_token,
        u1_0.first_name,
        u1_0.interests,
        u1_0.last_name,
        u1_0.learning_goal,
        u1_0.native_language,
        u1_0.onboarding_completed,
        u1_0.parent_name,
        u1_0.parent_phone,
        u1_0.password,
        u1_0.phone,
        u1_0.preferred_accent,
        u1_0.preferred_voice,
        u1_0.reset_otp,
        u1_0.reset_otp_expiry,
        u1_0.reset_password_token,
        u1_0.reset_password_token_expiry,
        u1_0.role,
        u1_0.roll_number,
        u1_0.school_id,
        u1_0.school_name,
        u1_0.standard,
        u1_0.status,
        u1_0.updated_at,
        u1_0.user_type,
        u1_0.welcome_completed,
        u1_2.department,
        u1_2.designation,
        u1_2.employee_id,
        u1_2.experience,
        u1_2.joined_at,
        u1_2.qualification 
    from
        users u1_0 
    left join
        school_admins u1_1 
            on u1_0.id=u1_1.user_id 
    left join
        teachers u1_2 
            on u1_0.id=u1_2.id 
    where
        u1_0.email=?
2026-08-24T18:14:43.831+05:30 ERROR 15172 --- [SpeakMateAI] [0.0-9091-exec-5] c.r.s.exception.GlobalExceptionHandler   : [EXCEPTION LOG] Handled by handleException: No static resource api/school/dashboard.

org.springframework.web.servlet.resource.NoResourceFoundException: No static resource api/school/dashboard.
	at org.springframework.web.servlet.resource.ResourceHttpRequestHandler.handleRequest(ResourceHttpRequestHandler.java:585) ~[spring-webmvc-6.1.14.jar!/:6.1.14]
	at org.springframework.web.servlet.mvc.HttpRequestHandlerAdapter.handle(HttpRequestHandlerAdapter.java:52) ~[spring-webmvc-6.1.14.jar!/:6.1.14]
	at org.springframework.web.servlet.DispatcherServlet.doDispatch(DispatcherServlet.java:1089) ~[spring-webmvc-6.1.14.jar!/:6.1.14]
	at org.springframework.web.servlet.DispatcherServlet.doService(DispatcherServlet.java:979) ~[spring-webmvc-6.1.14.jar!/:6.1.14]
	at org.springframework.web.servlet.FrameworkServlet.processRequest(FrameworkServlet.java:1014) ~[spring-webmvc-6.1.14.jar!/:6.1.14]
	at org.springframework.web.servlet.FrameworkServlet.doGet(FrameworkServlet.java:903) ~[spring-webmvc-6.1.14.jar!/:6.1.14]
	at jakarta.servlet.http.HttpServlet.service(HttpServlet.java:564) ~[tomcat-embed-core-10.1.31.jar!/:na]
	at org.springframework.web.servlet.FrameworkServlet.service(FrameworkServlet.java:885) ~[spring-webmvc-6.1.14.jar!/:6.1.14]
	at jakarta.servlet.http.HttpServlet.service(HttpServlet.java:658) ~[tomcat-embed-core-10.1.31.jar!/:na]
	at org.apache.catalina.core.ApplicationFilterChain.internalDoFilter(ApplicationFilterChain.java:195) ~[tomcat-embed-core-10.1.31.jar!/:na]
	at org.apache.catalina.core.ApplicationFilterChain.doFilter(ApplicationFilterChain.java:140) ~[tomcat-embed-core-10.1.31.jar!/:na]
	at org.apache.tomcat.websocket.server.WsFilter.doFilter(WsFilter.java:51) ~[tomcat-embed-websocket-10.1.31.jar!/:na]
	at org.apache.catalina.core.ApplicationFilterChain.internalDoFilter(ApplicationFilterChain.java:164) ~[tomcat-embed-core-10.1.31.jar!/:na]
	at org.apache.catalina.core.ApplicationFilterChain.doFilter(ApplicationFilterChain.java:140) ~[tomcat-embed-core-10.1.31.jar!/:na]
	at org.springframework.web.filter.OncePerRequestFilter.doFilter(OncePerRequestFilter.java:110) ~[spring-web-6.1.14.jar!/:6.1.14]
	at org.apache.catalina.core.ApplicationFilterChain.internalDoFilter(ApplicationFilterChain.java:164) ~[tomcat-embed-core-10.1.31.jar!/:na]
	at org.apache.catalina.core.ApplicationFilterChain.doFilter(ApplicationFilterChain.java:140) ~[tomcat-embed-core-10.1.31.jar!/:na]
	at org.springframework.web.filter.OncePerRequestFilter.doFilter(OncePerRequestFilter.java:110) ~[spring-web-6.1.14.jar!/:6.1.14]
	at org.apache.catalina.core.ApplicationFilterChain.internalDoFilter(ApplicationFilterChain.java:164) ~[tomcat-embed-core-10.1.31.jar!/:na]
	at org.apache.catalina.core.ApplicationFilterChain.doFilter(ApplicationFilterChain.java:140) ~[tomcat-embed-core-10.1.31.jar!/:na]
	at org.springframework.web.filter.OncePerRequestFilter.doFilter(OncePerRequestFilter.java:101) ~[spring-web-6.1.14.jar!/:6.1.14]
	at org.apache.catalina.core.ApplicationFilterChain.internalDoFilter(ApplicationFilterChain.java:164) ~[tomcat-embed-core-10.1.31.jar!/:na]
	at org.apache.catalina.core.ApplicationFilterChain.doFilter(ApplicationFilterChain.java:140) ~[tomcat-embed-core-10.1.31.jar!/:na]
	at org.springframework.web.filter.CompositeFilter$VirtualFilterChain.doFilter(CompositeFilter.java:108) ~[spring-web-6.1.14.jar!/:6.1.14]
	at org.springframework.security.web.FilterChainProxy.lambda$doFilterInternal$3(FilterChainProxy.java:231) ~[spring-security-web-6.3.4.jar!/:6.3.4]
	at org.springframework.security.web.FilterChainProxy$VirtualFilterChain.doFilter(FilterChainProxy.java:365) ~[spring-security-web-6.3.4.jar!/:6.3.4]
	at org.springframework.security.web.access.intercept.AuthorizationFilter.doFilter(AuthorizationFilter.java:100) ~[spring-security-web-6.3.4.jar!/:6.3.4]
	at org.springframework.security.web.FilterChainProxy$VirtualFilterChain.doFilter(FilterChainProxy.java:374) ~[spring-security-web-6.3.4.jar!/:6.3.4]
	at org.springframework.security.web.access.ExceptionTranslationFilter.doFilter(ExceptionTranslationFilter.java:126) ~[spring-security-web-6.3.4.jar!/:6.3.4]
	at org.springframework.security.web.access.ExceptionTranslationFilter.doFilter(ExceptionTranslationFilter.java:120) ~[spring-security-web-6.3.4.jar!/:6.3.4]
	at org.springframework.security.web.FilterChainProxy$VirtualFilterChain.doFilter(FilterChainProxy.java:374) ~[spring-security-web-6.3.4.jar!/:6.3.4]
	at org.springframework.security.web.session.SessionManagementFilter.doFilter(SessionManagementFilter.java:131) ~[spring-security-web-6.3.4.jar!/:6.3.4]
	at org.springframework.security.web.session.SessionManagementFilter.doFilter(SessionManagementFilter.java:85) ~[spring-security-web-6.3.4.jar!/:6.3.4]
	at org.springframework.security.web.FilterChainProxy$VirtualFilterChain.doFilter(FilterChainProxy.java:374) ~[spring-security-web-6.3.4.jar!/:6.3.4]
	at org.springframework.security.web.authentication.AnonymousAuthenticationFilter.doFilter(AnonymousAuthenticationFilter.java:100) ~[spring-security-web-6.3.4.jar!/:6.3.4]
	at org.springframework.security.web.FilterChainProxy$VirtualFilterChain.doFilter(FilterChainProxy.java:374) ~[spring-security-web-6.3.4.jar!/:6.3.4]
	at org.springframework.security.web.servletapi.SecurityContextHolderAwareRequestFilter.doFilter(SecurityContextHolderAwareRequestFilter.java:179) ~[spring-security-web-6.3.4.jar!/:6.3.4]
	at org.springframework.security.web.FilterChainProxy$VirtualFilterChain.doFilter(FilterChainProxy.java:374) ~[spring-security-web-6.3.4.jar!/:6.3.4]
	at org.springframework.security.web.savedrequest.RequestCacheAwareFilter.doFilter(RequestCacheAwareFilter.java:63) ~[spring-security-web-6.3.4.jar!/:6.3.4]
	at org.springframework.security.web.FilterChainProxy$VirtualFilterChain.doFilter(FilterChainProxy.java:374) ~[spring-security-web-6.3.4.jar!/:6.3.4]
	at org.springframework.security.web.authentication.www.BasicAuthenticationFilter.doFilterInternal(BasicAuthenticationFilter.java:181) ~[spring-security-web-6.3.4.jar!/:6.3.4]
	at org.springframework.web.filter.OncePerRequestFilter.doFilter(OncePerRequestFilter.java:116) ~[spring-web-6.1.14.jar!/:6.1.14]
	at org.springframework.security.web.FilterChainProxy$VirtualFilterChain.doFilter(FilterChainProxy.java:374) ~[spring-security-web-6.3.4.jar!/:6.3.4]
	at org.springframework.web.filter.OncePerRequestFilter.doFilter(OncePerRequestFilter.java:101) ~[spring-web-6.1.14.jar!/:6.1.14]
	at org.springframework.security.web.FilterChainProxy$VirtualFilterChain.doFilter(FilterChainProxy.java:374) ~[spring-security-web-6.3.4.jar!/:6.3.4]
	at com.rslsolution.speakmateai.security.JwtAuthenticationFilter.doFilterInternal(JwtAuthenticationFilter.java:75) ~[!/:0.0.1-SNAPSHOT]
	at org.springframework.web.filter.OncePerRequestFilter.doFilter(OncePerRequestFilter.java:116) ~[spring-web-6.1.14.jar!/:6.1.14]
	at org.springframework.security.web.FilterChainProxy$VirtualFilterChain.doFilter(FilterChainProxy.java:374) ~[spring-security-web-6.3.4.jar!/:6.3.4]
	at com.rslsolution.speakmateai.security.RequestLoggingFilter.doFilterInternal(RequestLoggingFilter.java:29) ~[!/:0.0.1-SNAPSHOT]
	at org.springframework.web.filter.OncePerRequestFilter.doFilter(OncePerRequestFilter.java:116) ~[spring-web-6.1.14.jar!/:6.1.14]
	at org.springframework.security.web.FilterChainProxy$VirtualFilterChain.doFilter(FilterChainProxy.java:374) ~[spring-security-web-6.3.4.jar!/:6.3.4]
	at org.springframework.security.web.authentication.logout.LogoutFilter.doFilter(LogoutFilter.java:107) ~[spring-security-web-6.3.4.jar!/:6.3.4]
	at org.springframework.security.web.authentication.logout.LogoutFilter.doFilter(LogoutFilter.java:93) ~[spring-security-web-6.3.4.jar!/:6.3.4]
	at org.springframework.security.web.FilterChainProxy$VirtualFilterChain.doFilter(FilterChainProxy.java:374) ~[spring-security-web-6.3.4.jar!/:6.3.4]
	at org.springframework.web.filter.CorsFilter.doFilterInternal(CorsFilter.java:91) ~[spring-web-6.1.14.jar!/:6.1.14]
	at org.springframework.web.filter.OncePerRequestFilter.doFilter(OncePerRequestFilter.java:116) ~[spring-web-6.1.14.jar!/:6.1.14]
	at org.springframework.security.web.FilterChainProxy$VirtualFilterChain.doFilter(FilterChainProxy.java:374) ~[spring-security-web-6.3.4.jar!/:6.3.4]
	at org.springframework.security.web.header.HeaderWriterFilter.doHeadersAfter(HeaderWriterFilter.java:90) ~[spring-security-web-6.3.4.jar!/:6.3.4]
	at org.springframework.security.web.header.HeaderWriterFilter.doFilterInternal(HeaderWriterFilter.java:75) ~[spring-security-web-6.3.4.jar!/:6.3.4]
	at org.springframework.web.filter.OncePerRequestFilter.doFilter(OncePerRequestFilter.java:116) ~[spring-web-6.1.14.jar!/:6.1.14]
	at org.springframework.security.web.FilterChainProxy$VirtualFilterChain.doFilter(FilterChainProxy.java:374) ~[spring-security-web-6.3.4.jar!/:6.3.4]
	at org.springframework.security.web.context.SecurityContextHolderFilter.doFilter(SecurityContextHolderFilter.java:82) ~[spring-security-web-6.3.4.jar!/:6.3.4]
	at org.springframework.security.web.context.SecurityContextHolderFilter.doFilter(SecurityContextHolderFilter.java:69) ~[spring-security-web-6.3.4.jar!/:6.3.4]
	at org.springframework.security.web.FilterChainProxy$VirtualFilterChain.doFilter(FilterChainProxy.java:374) ~[spring-security-web-6.3.4.jar!/:6.3.4]
	at org.springframework.security.web.context.request.async.WebAsyncManagerIntegrationFilter.doFilterInternal(WebAsyncManagerIntegrationFilter.java:62) ~[spring-security-web-6.3.4.jar!/:6.3.4]
	at org.springframework.web.filter.OncePerRequestFilter.doFilter(OncePerRequestFilter.java:116) ~[spring-web-6.1.14.jar!/:6.1.14]
	at org.springframework.security.web.FilterChainProxy$VirtualFilterChain.doFilter(FilterChainProxy.java:374) ~[spring-security-web-6.3.4.jar!/:6.3.4]
	at org.springframework.security.web.session.DisableEncodeUrlFilter.doFilterInternal(DisableEncodeUrlFilter.java:42) ~[spring-security-web-6.3.4.jar!/:6.3.4]
	at org.springframework.web.filter.OncePerRequestFilter.doFilter(OncePerRequestFilter.java:116) ~[spring-web-6.1.14.jar!/:6.1.14]
	at org.springframework.security.web.FilterChainProxy$VirtualFilterChain.doFilter(FilterChainProxy.java:374) ~[spring-security-web-6.3.4.jar!/:6.3.4]
	at org.springframework.security.web.FilterChainProxy.doFilterInternal(FilterChainProxy.java:233) ~[spring-security-web-6.3.4.jar!/:6.3.4]
	at org.springframework.security.web.FilterChainProxy.doFilter(FilterChainProxy.java:191) ~[spring-security-web-6.3.4.jar!/:6.3.4]
	at org.springframework.web.filter.CompositeFilter$VirtualFilterChain.doFilter(CompositeFilter.java:113) ~[spring-web-6.1.14.jar!/:6.1.14]
	at org.springframework.web.servlet.handler.HandlerMappingIntrospector.lambda$createCacheFilter$3(HandlerMappingIntrospector.java:195) ~[spring-webmvc-6.1.14.jar!/:6.1.14]
	at org.springframework.web.filter.CompositeFilter$VirtualFilterChain.doFilter(CompositeFilter.java:113) ~[spring-web-6.1.14.jar!/:6.1.14]
	at org.springframework.web.filter.CompositeFilter.doFilter(CompositeFilter.java:74) ~[spring-web-6.1.14.jar!/:6.1.14]
	at org.springframework.security.config.annotation.web.configuration.WebMvcSecurityConfiguration$CompositeFilterChainProxy.doFilter(WebMvcSecurityConfiguration.java:230) ~[spring-security-config-6.3.4.jar!/:6.3.4]
	at org.springframework.web.filter.DelegatingFilterProxy.invokeDelegate(DelegatingFilterProxy.java:362) ~[spring-web-6.1.14.jar!/:6.1.14]
	at org.springframework.web.filter.DelegatingFilterProxy.doFilter(DelegatingFilterProxy.java:278) ~[spring-web-6.1.14.jar!/:6.1.14]
	at org.apache.catalina.core.ApplicationFilterChain.internalDoFilter(ApplicationFilterChain.java:164) ~[tomcat-embed-core-10.1.31.jar!/:na]
	at org.apache.catalina.core.ApplicationFilterChain.doFilter(ApplicationFilterChain.java:140) ~[tomcat-embed-core-10.1.31.jar!/:na]
	at org.springframework.web.filter.RequestContextFilter.doFilterInternal(RequestContextFilter.java:100) ~[spring-web-6.1.14.jar!/:6.1.14]
	at org.springframework.web.filter.OncePerRequestFilter.doFilter(OncePerRequestFilter.java:116) ~[spring-web-6.1.14.jar!/:6.1.14]
	at org.apache.catalina.core.ApplicationFilterChain.internalDoFilter(ApplicationFilterChain.java:164) ~[tomcat-embed-core-10.1.31.jar!/:na]
	at org.apache.catalina.core.ApplicationFilterChain.doFilter(ApplicationFilterChain.java:140) ~[tomcat-embed-core-10.1.31.jar!/:na]
	at org.springframework.web.filter.FormContentFilter.doFilterInternal(FormContentFilter.java:93) ~[spring-web-6.1.14.jar!/:6.1.14]
	at org.springframework.web.filter.OncePerRequestFilter.doFilter(OncePerRequestFilter.java:116) ~[spring-web-6.1.14.jar!/:6.1.14]
	at org.apache.catalina.core.ApplicationFilterChain.internalDoFilter(ApplicationFilterChain.java:164) ~[tomcat-embed-core-10.1.31.jar!/:na]
	at org.apache.catalina.core.ApplicationFilterChain.doFilter(ApplicationFilterChain.java:140) ~[tomcat-embed-core-10.1.31.jar!/:na]
	at org.springframework.web.filter.CharacterEncodingFilter.doFilterInternal(CharacterEncodingFilter.java:201) ~[spring-web-6.1.14.jar!/:6.1.14]
	at org.springframework.web.filter.OncePerRequestFilter.doFilter(OncePerRequestFilter.java:116) ~[spring-web-6.1.14.jar!/:6.1.14]
	at org.apache.catalina.core.ApplicationFilterChain.internalDoFilter(ApplicationFilterChain.java:164) ~[tomcat-embed-core-10.1.31.jar!/:na]
	at org.apache.catalina.core.ApplicationFilterChain.doFilter(ApplicationFilterChain.java:140) ~[tomcat-embed-core-10.1.31.jar!/:na]
	at org.apache.catalina.core.StandardWrapperValve.invoke(StandardWrapperValve.java:167) ~[tomcat-embed-core-10.1.31.jar!/:na]
	at org.apache.catalina.core.StandardContextValve.invoke(StandardContextValve.java:90) ~[tomcat-embed-core-10.1.31.jar!/:na]
	at org.apache.catalina.authenticator.AuthenticatorBase.invoke(AuthenticatorBase.java:483) ~[tomcat-embed-core-10.1.31.jar!/:na]
	at org.apache.catalina.core.StandardHostValve.invoke(StandardHostValve.java:115) ~[tomcat-embed-core-10.1.31.jar!/:na]
	at org.apache.catalina.valves.ErrorReportValve.invoke(ErrorReportValve.java:93) ~[tomcat-embed-core-10.1.31.jar!/:na]
	at org.apache.catalina.core.StandardEngineValve.invoke(StandardEngineValve.java:74) ~[tomcat-embed-core-10.1.31.jar!/:na]
	at org.apache.catalina.connector.CoyoteAdapter.service(CoyoteAdapter.java:344) ~[tomcat-embed-core-10.1.31.jar!/:na]
	at org.apache.coyote.http11.Http11Processor.service(Http11Processor.java:384) ~[tomcat-embed-core-10.1.31.jar!/:na]
	at org.apache.coyote.AbstractProcessorLight.process(AbstractProcessorLight.java:63) ~[tomcat-embed-core-10.1.31.jar!/:na]
	at org.apache.coyote.AbstractProtocol$ConnectionHandler.process(AbstractProtocol.java:905) ~[tomcat-embed-core-10.1.31.jar!/:na]
	at org.apache.tomcat.util.net.NioEndpoint$SocketProcessor.doRun(NioEndpoint.java:1741) ~[tomcat-embed-core-10.1.31.jar!/:na]
	at org.apache.tomcat.util.net.SocketProcessorBase.run(SocketProcessorBase.java:52) ~[tomcat-embed-core-10.1.31.jar!/:na]
	at org.apache.tomcat.util.threads.ThreadPoolExecutor.runWorker(ThreadPoolExecutor.java:1190) ~[tomcat-embed-core-10.1.31.jar!/:na]
	at org.apache.tomcat.util.threads.ThreadPoolExecutor$Worker.run(ThreadPoolExecutor.java:659) ~[tomcat-embed-core-10.1.31.jar!/:na]
	at org.apache.tomcat.util.threads.TaskThread$WrappingRunnable.run(TaskThread.java:63) ~[tomcat-embed-core-10.1.31.jar!/:na]
	at java.base/java.lang.Thread.run(Thread.java:1583) ~[na:na]

2026-08-24T18:14:44.009+05:30  INFO 15172 --- [SpeakMateAI] [0.0-9091-exec-9] c.r.s.security.RequestLoggingFilter      : [REQUEST LOG] Incoming request: GET /api/school/students
Hibernate: 
    select
        u1_0.id,
        case 
            when u1_1.user_id is not null 
                then 1 
            when u1_2.id is not null 
                then 2 
            when u1_0.id is not null 
                then 0 
        end,
        u1_0.active,
        u1_0.age_group,
        u1_0.auth_provider,
        u1_0.avatar,
        u1_0.created_at,
        u1_0.daily_goal_minutes,
        u1_0.division,
        u1_0.email,
        u1_0.email_verification_token,
        u1_0.email_verified,
        u1_0.english_level,
        u1_0.expo_push_token,
        u1_0.first_name,
        u1_0.interests,
        u1_0.last_name,
        u1_0.learning_goal,
        u1_0.native_language,
        u1_0.onboarding_completed,
        u1_0.parent_name,
        u1_0.parent_phone,
        u1_0.password,
        u1_0.phone,
        u1_0.preferred_accent,
        u1_0.preferred_voice,
        u1_0.reset_otp,
        u1_0.reset_otp_expiry,
        u1_0.reset_password_token,
        u1_0.reset_password_token_expiry,
        u1_0.role,
        u1_0.roll_number,
        u1_0.school_id,
        u1_0.school_name,
        u1_0.standard,
        u1_0.status,
        u1_0.updated_at,
        u1_0.user_type,
        u1_0.welcome_completed,
        u1_2.department,
        u1_2.designation,
        u1_2.employee_id,
        u1_2.experience,
        u1_2.joined_at,
        u1_2.qualification 
    from
        users u1_0 
    left join
        school_admins u1_1 
            on u1_0.id=u1_1.user_id 
    left join
        teachers u1_2 
            on u1_0.id=u1_2.id 
    where
        u1_0.email=?
Hibernate: 
    select
        u1_0.id,
        case 
            when u1_1.user_id is not null 
                then 1 
            when u1_2.id is not null 
                then 2 
            when u1_0.id is not null 
                then 0 
        end,
        u1_0.active,
        u1_0.age_group,
        u1_0.auth_provider,
        u1_0.avatar,
        u1_0.created_at,
        u1_0.daily_goal_minutes,
        u1_0.division,
        u1_0.email,
        u1_0.email_verification_token,
        u1_0.email_verified,
        u1_0.english_level,
        u1_0.expo_push_token,
        u1_0.first_name,
        u1_0.interests,
        u1_0.last_name,
        u1_0.learning_goal,
        u1_0.native_language,
        u1_0.onboarding_completed,
        u1_0.parent_name,
        u1_0.parent_phone,
        u1_0.password,
        u1_0.phone,
        u1_0.preferred_accent,
        u1_0.preferred_voice,
        u1_0.reset_otp,
        u1_0.reset_otp_expiry,
        u1_0.reset_password_token,
        u1_0.reset_password_token_expiry,
        u1_0.role,
        u1_0.roll_number,
        u1_0.school_id,
        u1_0.school_name,
        u1_0.standard,
        u1_0.status,
        u1_0.updated_at,
        u1_0.user_type,
        u1_0.welcome_completed,
        u1_2.department,
        u1_2.designation,
        u1_2.employee_id,
        u1_2.experience,
        u1_2.joined_at,
        u1_2.qualification 
    from
        users u1_0 
    left join
        school_admins u1_1 
            on u1_0.id=u1_1.user_id 
    left join
        teachers u1_2 
            on u1_0.id=u1_2.id 
    where
        u1_0.email=?
Hibernate: 
    select
        s1_0.id,
        s1_0.active,
        s1_0.age_group,
        s1_0.auth_provider,
        s1_0.avatar,
        s1_0.created_at,
        s1_0.daily_goal_minutes,
        s1_0.division,
        s1_0.email,
        s1_0.email_verification_token,
        s1_0.email_verified,
        s1_0.english_level,
        s1_0.expo_push_token,
        s1_0.first_name,
        s1_0.interests,
        s1_0.last_name,
        s1_0.learning_goal,
        s1_0.native_language,
        s1_0.onboarding_completed,
        s1_0.parent_name,
        s1_0.parent_phone,
        s1_0.password,
        s1_0.phone,
        s1_0.preferred_accent,
        s1_0.preferred_voice,
        s1_0.reset_otp,
        s1_0.reset_otp_expiry,
        s1_0.reset_password_token,
        s1_0.reset_password_token_expiry,
        s1_0.roll_number,
        s1_0.school_id,
        s1_0.school_name,
        s1_0.standard,
        s1_0.status,
        s1_0.updated_at,
        s1_0.welcome_completed 
    from
        students s1_0 
    where
        s1_0.school_id=?
Hibernate: 
    select
        s1_0.id,
        s1_0.ai_voice,
        s1_0.auto_play_audio,
        s1_0.created_at,
        s1_0.daily_reminder,
        s1_0.dark_mode,
        s1_0.language,
        s1_0.notifications_enabled,
        s1_0.sound_effects,
        s1_0.student_id,
        s1_0.two_factor_enabled,
        s1_0.updated_at,
        s1_0.user_id 
    from
        settings s1_0 
    where
        s1_0.student_id=?
Hibernate: 
    select
        s1_0.id,
        s1_0.ai_voice,
        s1_0.auto_play_audio,
        s1_0.created_at,
        s1_0.daily_reminder,
        s1_0.dark_mode,
        s1_0.language,
        s1_0.notifications_enabled,
        s1_0.sound_effects,
        s1_0.student_id,
        s1_0.two_factor_enabled,
        s1_0.updated_at,
        s1_0.user_id 
    from
        settings s1_0 
    where
        s1_0.student_id=?
Hibernate: 
    select
        s1_0.id,
        s1_0.ai_voice,
        s1_0.auto_play_audio,
        s1_0.created_at,
        s1_0.daily_reminder,
        s1_0.dark_mode,
        s1_0.language,
        s1_0.notifications_enabled,
        s1_0.sound_effects,
        s1_0.student_id,
        s1_0.two_factor_enabled,
        s1_0.updated_at,
        s1_0.user_id 
    from
        settings s1_0 
    where
        s1_0.student_id=?
Hibernate: 
    select
        s1_0.id,
        s1_0.ai_voice,
        s1_0.auto_play_audio,
        s1_0.created_at,
        s1_0.daily_reminder,
        s1_0.dark_mode,
        s1_0.language,
        s1_0.notifications_enabled,
        s1_0.sound_effects,
        s1_0.student_id,
        s1_0.two_factor_enabled,
        s1_0.updated_at,
        s1_0.user_id 
    from
        settings s1_0 
    where
        s1_0.student_id=?
Hibernate: 
    select
        s1_0.id,
        s1_0.ai_voice,
        s1_0.auto_play_audio,
        s1_0.created_at,
        s1_0.daily_reminder,
        s1_0.dark_mode,
        s1_0.language,
        s1_0.notifications_enabled,
        s1_0.sound_effects,
        s1_0.student_id,
        s1_0.two_factor_enabled,
        s1_0.updated_at,
        s1_0.user_id 
    from
        settings s1_0 
    where
        s1_0.student_id=?
Hibernate: 
    select
        s1_0.id,
        s1_0.ai_voice,
        s1_0.auto_play_audio,
        s1_0.created_at,
        s1_0.daily_reminder,
        s1_0.dark_mode,
        s1_0.language,
        s1_0.notifications_enabled,
        s1_0.sound_effects,
        s1_0.student_id,
        s1_0.two_factor_enabled,
        s1_0.updated_at,
        s1_0.user_id 
    from
        settings s1_0 
    where
        s1_0.student_id=?
Hibernate: 
    select
        s1_0.id,
        s1_0.active,
        s1_0.address,
        s1_0.contact_phone,
        s1_0.created_at,
        s1_0.name,
        s1_0.school_code,
        s1_0.school_name,
        s1_0.updated_at 
    from
        schools s1_0 
    where
        s1_0.id=?
2026-08-24T18:19:30.827+05:30  INFO 15172 --- [SpeakMateAI] [0.0-9091-exec-6] c.r.s.security.RequestLoggingFilter      : [REQUEST LOG] Incoming request: GET /api/admin/school-users
2026-08-24T18:19:30.904+05:30  INFO 15172 --- [SpeakMateAI] [0.0-9091-exec-3] c.r.s.security.RequestLoggingFilter      : [REQUEST LOG] Incoming request: GET /api/admin/schools
Hibernate: 
    select
        a1_0.id,
        a1_0.created_at,
        a1_0.department,
        a1_0.designation,
        a1_0.email,
        a1_0.email_notifications,
        a1_0.full_name,
        a1_0.language,
        a1_0.last_login,
        a1_0.location,
        a1_0.notifications_enabled,
        a1_0.password,
        a1_0.phone,
        a1_0.profile_image,
        a1_0.reset_otp,
        a1_0.reset_otp_expiry,
        a1_0.reset_password_token,
        a1_0.reset_password_token_expiry,
        a1_0.role,
        a1_0.session_timeout,
        a1_0.sidebar_collapsed,
        a1_0.status,
        a1_0.system_notifications,
        a1_0.theme,
        a1_0.two_factor_enabled,
        a1_0.updated_at 
    from
        admins a1_0 
    where
        a1_0.email=?
Hibernate: 
    select
        a1_0.id,
        a1_0.created_at,
        a1_0.department,
        a1_0.designation,
        a1_0.email,
        a1_0.email_notifications,
        a1_0.full_name,
        a1_0.language,
        a1_0.last_login,
        a1_0.location,
        a1_0.notifications_enabled,
        a1_0.password,
        a1_0.phone,
        a1_0.profile_image,
        a1_0.reset_otp,
        a1_0.reset_otp_expiry,
        a1_0.reset_password_token,
        a1_0.reset_password_token_expiry,
        a1_0.role,
        a1_0.session_timeout,
        a1_0.sidebar_collapsed,
        a1_0.status,
        a1_0.system_notifications,
        a1_0.theme,
        a1_0.two_factor_enabled,
        a1_0.updated_at 
    from
        admins a1_0 
    where
        a1_0.email=?
Hibernate: 
    select
        s1_0.id,
        s1_0.active,
        s1_0.age_group,
        s1_0.auth_provider,
        s1_0.avatar,
        s1_0.created_at,
        s1_0.daily_goal_minutes,
        s1_0.division,
        s1_0.email,
        s1_0.email_verification_token,
        s1_0.email_verified,
        s1_0.english_level,
        s1_0.expo_push_token,
        s1_0.first_name,
        s1_0.interests,
        s1_0.last_name,
        s1_0.learning_goal,
        s1_0.native_language,
        s1_0.onboarding_completed,
        s1_0.parent_name,
        s1_0.parent_phone,
        s1_0.password,
        s1_0.phone,
        s1_0.preferred_accent,
        s1_0.preferred_voice,
        s1_0.reset_otp,
        s1_0.reset_otp_expiry,
        s1_0.reset_password_token,
        s1_0.reset_password_token_expiry,
        s1_0.roll_number,
        s1_0.school_id,
        s1_0.school_name,
        s1_0.standard,
        s1_0.status,
        s1_0.updated_at,
        s1_0.welcome_completed 
    from
        students s1_0 
    where
        1=1 
    order by
        s1_0.id desc 
    offset
        ? rows 
    fetch
        first ? rows only
Hibernate: 
    select
        s1_0.id,
        s1_0.active,
        s1_0.address,
        s1_0.contact_phone,
        s1_0.created_at,
        s1_0.name,
        s1_0.school_code,
        s1_0.school_name,
        s1_0.updated_at 
    from
        schools s1_0
Hibernate: 
    select
        s1_0.id,
        s1_0.ai_voice,
        s1_0.auto_play_audio,
        s1_0.created_at,
        s1_0.daily_reminder,
        s1_0.dark_mode,
        s1_0.language,
        s1_0.notifications_enabled,
        s1_0.sound_effects,
        s1_0.student_id,
        s1_0.two_factor_enabled,
        s1_0.updated_at,
        s1_0.user_id 
    from
        settings s1_0 
    where
        s1_0.student_id=?
Hibernate: 
    select
        s1_0.id,
        s1_0.ai_voice,
        s1_0.auto_play_audio,
        s1_0.created_at,
        s1_0.daily_reminder,
        s1_0.dark_mode,
        s1_0.language,
        s1_0.notifications_enabled,
        s1_0.sound_effects,
        s1_0.student_id,
        s1_0.two_factor_enabled,
        s1_0.updated_at,
        s1_0.user_id 
    from
        settings s1_0 
    where
        s1_0.student_id=?
Hibernate: 
    select
        s1_0.id,
        s1_0.ai_voice,
        s1_0.auto_play_audio,
        s1_0.created_at,
        s1_0.daily_reminder,
        s1_0.dark_mode,
        s1_0.language,
        s1_0.notifications_enabled,
        s1_0.sound_effects,
        s1_0.student_id,
        s1_0.two_factor_enabled,
        s1_0.updated_at,
        s1_0.user_id 
    from
        settings s1_0 
    where
        s1_0.student_id=?
2026-08-24T18:19:33.294+05:30  INFO 15172 --- [SpeakMateAI] [0.0-9091-exec-7] c.r.s.security.RequestLoggingFilter      : [REQUEST LOG] Incoming request: GET /api/admin/schools
Hibernate: 
    select
        a1_0.id,
        a1_0.created_at,
        a1_0.department,
        a1_0.designation,
        a1_0.email,
        a1_0.email_notifications,
        a1_0.full_name,
        a1_0.language,
        a1_0.last_login,
        a1_0.location,
        a1_0.notifications_enabled,
        a1_0.password,
        a1_0.phone,
        a1_0.profile_image,
        a1_0.reset_otp,
        a1_0.reset_otp_expiry,
        a1_0.reset_password_token,
        a1_0.reset_password_token_expiry,
        a1_0.role,
        a1_0.session_timeout,
        a1_0.sidebar_collapsed,
        a1_0.status,
        a1_0.system_notifications,
        a1_0.theme,
        a1_0.two_factor_enabled,
        a1_0.updated_at 
    from
        admins a1_0 
    where
        a1_0.email=?
Hibernate: 
    select
        s1_0.id,
        s1_0.ai_voice,
        s1_0.auto_play_audio,
        s1_0.created_at,
        s1_0.daily_reminder,
        s1_0.dark_mode,
        s1_0.language,
        s1_0.notifications_enabled,
        s1_0.sound_effects,
        s1_0.student_id,
        s1_0.two_factor_enabled,
        s1_0.updated_at,
        s1_0.user_id 
    from
        settings s1_0 
    where
        s1_0.student_id=?
Hibernate: 
    select
        s1_0.id,
        s1_0.ai_voice,
        s1_0.auto_play_audio,
        s1_0.created_at,
        s1_0.daily_reminder,
        s1_0.dark_mode,
        s1_0.language,
        s1_0.notifications_enabled,
        s1_0.sound_effects,
        s1_0.student_id,
        s1_0.two_factor_enabled,
        s1_0.updated_at,
        s1_0.user_id 
    from
        settings s1_0 
    where
        s1_0.student_id=?
Hibernate: 
    select
        s1_0.id,
        s1_0.active,
        s1_0.address,
        s1_0.contact_phone,
        s1_0.created_at,
        s1_0.name,
        s1_0.school_code,
        s1_0.school_name,
        s1_0.updated_at 
    from
        schools s1_0
Hibernate: 
    select
        s1_0.id,
        s1_0.ai_voice,
        s1_0.auto_play_audio,
        s1_0.created_at,
        s1_0.daily_reminder,
        s1_0.dark_mode,
        s1_0.language,
        s1_0.notifications_enabled,
        s1_0.sound_effects,
        s1_0.student_id,
        s1_0.two_factor_enabled,
        s1_0.updated_at,
        s1_0.user_id 
    from
        settings s1_0 
    where
        s1_0.student_id=?
Hibernate: 
    select
        s1_0.id,
        s1_0.ai_voice,
        s1_0.auto_play_audio,
        s1_0.created_at,
        s1_0.daily_reminder,
        s1_0.dark_mode,
        s1_0.language,
        s1_0.notifications_enabled,
        s1_0.sound_effects,
        s1_0.student_id,
        s1_0.two_factor_enabled,
        s1_0.updated_at,
        s1_0.user_id 
    from
        settings s1_0 
    where
        s1_0.student_id=?
2026-08-24T18:19:33.677+05:30  INFO 15172 --- [SpeakMateAI] [0.0-9091-exec-1] c.r.s.security.RequestLoggingFilter      : [REQUEST LOG] Incoming request: GET /api/admin/dashboard
2026-08-24T18:19:33.678+05:30  INFO 15172 --- [SpeakMateAI] [0.0-9091-exec-4] c.r.s.security.RequestLoggingFilter      : [REQUEST LOG] Incoming request: GET /api/admin/users
Hibernate: 
    select
        a1_0.id,
        a1_0.created_at,
        a1_0.department,
        a1_0.designation,
        a1_0.email,
        a1_0.email_notifications,
        a1_0.full_name,
        a1_0.language,
        a1_0.last_login,
        a1_0.location,
        a1_0.notifications_enabled,
        a1_0.password,
        a1_0.phone,
        a1_0.profile_image,
        a1_0.reset_otp,
        a1_0.reset_otp_expiry,
        a1_0.reset_password_token,
        a1_0.reset_password_token_expiry,
        a1_0.role,
        a1_0.session_timeout,
        a1_0.sidebar_collapsed,
        a1_0.status,
        a1_0.system_notifications,
        a1_0.theme,
        a1_0.two_factor_enabled,
        a1_0.updated_at 
    from
        admins a1_0 
    where
        a1_0.email=?
Hibernate: 
    select
        a1_0.id,
        a1_0.created_at,
        a1_0.department,
        a1_0.designation,
        a1_0.email,
        a1_0.email_notifications,
        a1_0.full_name,
        a1_0.language,
        a1_0.last_login,
        a1_0.location,
        a1_0.notifications_enabled,
        a1_0.password,
        a1_0.phone,
        a1_0.profile_image,
        a1_0.reset_otp,
        a1_0.reset_otp_expiry,
        a1_0.reset_password_token,
        a1_0.reset_password_token_expiry,
        a1_0.role,
        a1_0.session_timeout,
        a1_0.sidebar_collapsed,
        a1_0.status,
        a1_0.system_notifications,
        a1_0.theme,
        a1_0.two_factor_enabled,
        a1_0.updated_at 
    from
        admins a1_0 
    where
        a1_0.email=?
Hibernate: 
    select
        s1_0.id,
        s1_0.ai_voice,
        s1_0.auto_play_audio,
        s1_0.created_at,
        s1_0.daily_reminder,
        s1_0.dark_mode,
        s1_0.language,
        s1_0.notifications_enabled,
        s1_0.sound_effects,
        s1_0.student_id,
        s1_0.two_factor_enabled,
        s1_0.updated_at,
        s1_0.user_id 
    from
        settings s1_0 
    where
        s1_0.student_id=?
Hibernate: 
    select
        s1_0.id,
        s1_0.ai_voice,
        s1_0.auto_play_audio,
        s1_0.created_at,
        s1_0.daily_reminder,
        s1_0.dark_mode,
        s1_0.language,
        s1_0.notifications_enabled,
        s1_0.sound_effects,
        s1_0.student_id,
        s1_0.two_factor_enabled,
        s1_0.updated_at,
        s1_0.user_id 
    from
        settings s1_0 
    where
        s1_0.student_id=?
Hibernate: 
    select
        s1_0.id,
        s1_0.ai_voice,
        s1_0.auto_play_audio,
        s1_0.created_at,
        s1_0.daily_reminder,
        s1_0.dark_mode,
        s1_0.language,
        s1_0.notifications_enabled,
        s1_0.sound_effects,
        s1_0.student_id,
        s1_0.two_factor_enabled,
        s1_0.updated_at,
        s1_0.user_id 
    from
        settings s1_0 
    where
        s1_0.student_id=?
Hibernate: 
    select
        count(*) 
    from
        users u1_0
Hibernate: 
    select
        u1_0.id,
        case 
            when u1_1.user_id is not null 
                then 1 
            when u1_2.id is not null 
                then 2 
            when u1_0.id is not null 
                then 0 
        end,
        u1_0.active,
        u1_0.age_group,
        u1_0.auth_provider,
        u1_0.avatar,
        u1_0.created_at,
        u1_0.daily_goal_minutes,
        u1_0.division,
        u1_0.email,
        u1_0.email_verification_token,
        u1_0.email_verified,
        u1_0.english_level,
        u1_0.expo_push_token,
        u1_0.first_name,
        u1_0.interests,
        u1_0.last_name,
        u1_0.learning_goal,
        u1_0.native_language,
        u1_0.onboarding_completed,
        u1_0.parent_name,
        u1_0.parent_phone,
        u1_0.password,
        u1_0.phone,
        u1_0.preferred_accent,
        u1_0.preferred_voice,
        u1_0.reset_otp,
        u1_0.reset_otp_expiry,
        u1_0.reset_password_token,
        u1_0.reset_password_token_expiry,
        u1_0.role,
        u1_0.roll_number,
        u1_0.school_id,
        u1_0.school_name,
        u1_0.standard,
        u1_0.status,
        u1_0.updated_at,
        u1_0.user_type,
        u1_0.welcome_completed,
        u1_2.department,
        u1_2.designation,
        u1_2.employee_id,
        u1_2.experience,
        u1_2.joined_at,
        u1_2.qualification 
    from
        users u1_0 
    left join
        school_admins u1_1 
            on u1_0.id=u1_1.user_id 
    left join
        teachers u1_2 
            on u1_0.id=u1_2.id 
    where
        1=1 
    order by
        u1_0.id desc 
    offset
        ? rows 
    fetch
        first ? rows only
Hibernate: 
    select
        count(s1_0.id) 
    from
        students s1_0 
    where
        1=1
Hibernate: 
    select
        count(u1_0.id) 
    from
        users u1_0 
    where
        u1_0.active
Hibernate: 
    select
        count(u1_0.id) 
    from
        users u1_0 
    where
        1=1
Hibernate: 
    select
        count(u1_0.id) 
    from
        users u1_0 
    where
        not(u1_0.active)
Hibernate: 
    select
        s1_0.id,
        s1_0.active,
        s1_0.address,
        s1_0.contact_phone,
        s1_0.created_at,
        s1_0.name,
        s1_0.school_code,
        s1_0.school_name,
        s1_0.updated_at 
    from
        schools s1_0 
    where
        s1_0.id=?
Hibernate: 
    select
        count(u1_0.id) 
    from
        users u1_0 
    where
        u1_0.user_type=?
Hibernate: 
    select
        count(lp1_0.id) 
    from
        lesson_progress lp1_0 
    where
        lp1_0.user_id=?
2026-08-24T18:19:34.315+05:30  INFO 15172 --- [SpeakMateAI] [0.0-9091-exec-2] c.r.s.security.RequestLoggingFilter      : [REQUEST LOG] Incoming request: GET /api/admin/users
Hibernate: 
    select
        count(u1_0.id) 
    from
        users u1_0 
    where
        u1_0.created_at between ? and ?
Hibernate: 
    select
        a1_0.id,
        a1_0.created_at,
        a1_0.department,
        a1_0.designation,
        a1_0.email,
        a1_0.email_notifications,
        a1_0.full_name,
        a1_0.language,
        a1_0.last_login,
        a1_0.location,
        a1_0.notifications_enabled,
        a1_0.password,
        a1_0.phone,
        a1_0.profile_image,
        a1_0.reset_otp,
        a1_0.reset_otp_expiry,
        a1_0.reset_password_token,
        a1_0.reset_password_token_expiry,
        a1_0.role,
        a1_0.session_timeout,
        a1_0.sidebar_collapsed,
        a1_0.status,
        a1_0.system_notifications,
        a1_0.theme,
        a1_0.two_factor_enabled,
        a1_0.updated_at 
    from
        admins a1_0 
    where
        a1_0.email=?
Hibernate: 
    select
        count(ss1_0.id) 
    from
        speaking_sessions ss1_0 
    where
        ss1_0.user_id=?
Hibernate: 
    select
        count(*) 
    from
        lessons l1_0
Hibernate: 
    select
        count(gh1_0.id) 
    from
        grammar_history gh1_0 
    where
        gh1_0.user_id=?
Hibernate: 
    select
        l1_0.id,
        l1_0.active,
        l1_0.category,
        l1_0.content,
        l1_0.cover_image,
        l1_0.created_at,
        l1_0.description,
        l1_0.duration,
        l1_0.estimated_minutes,
        l1_0.featured,
        l1_0.level,
        l1_0.locked,
        l1_0.objectives,
        l1_0.order_index,
        l1_0.popular,
        l1_0.required_level,
        l1_0.requiredxp,
        l1_0.requirements,
        l1_0.skills,
        l1_0.thumbnail,
        l1_0.title,
        l1_0.updated_at,
        l1_0.xp_reward 
    from
        lessons l1_0 
    where
        l1_0.active
Hibernate: 
    select
        count(v1_0.id) 
    from
        vocabulary v1_0 
    where
        v1_0.student_id=?
Hibernate: 
    select
        u1_0.id,
        case 
            when u1_1.user_id is not null 
                then 1 
            when u1_2.id is not null 
                then 2 
            when u1_0.id is not null 
                then 0 
        end,
        u1_0.active,
        u1_0.age_group,
        u1_0.auth_provider,
        u1_0.avatar,
        u1_0.created_at,
        u1_0.daily_goal_minutes,
        u1_0.division,
        u1_0.email,
        u1_0.email_verification_token,
        u1_0.email_verified,
        u1_0.english_level,
        u1_0.expo_push_token,
        u1_0.first_name,
        u1_0.interests,
        u1_0.last_name,
        u1_0.learning_goal,
        u1_0.native_language,
        u1_0.onboarding_completed,
        u1_0.parent_name,
        u1_0.parent_phone,
        u1_0.password,
        u1_0.phone,
        u1_0.preferred_accent,
        u1_0.preferred_voice,
        u1_0.reset_otp,
        u1_0.reset_otp_expiry,
        u1_0.reset_password_token,
        u1_0.reset_password_token_expiry,
        u1_0.role,
        u1_0.roll_number,
        u1_0.school_id,
        u1_0.school_name,
        u1_0.standard,
        u1_0.status,
        u1_0.updated_at,
        u1_0.user_type,
        u1_0.welcome_completed,
        u1_2.department,
        u1_2.designation,
        u1_2.employee_id,
        u1_2.experience,
        u1_2.joined_at,
        u1_2.qualification 
    from
        users u1_0 
    left join
        school_admins u1_1 
            on u1_0.id=u1_1.user_id 
    left join
        teachers u1_2 
            on u1_0.id=u1_2.id 
    where
        1=1 
    order by
        u1_0.id desc 
    offset
        ? rows 
    fetch
        first ? rows only
Hibernate: 
    select
        count(lp1_0.id) 
    from
        lesson_progress lp1_0 
    where
        lp1_0.user_id=?
Hibernate: 
    select
        count(u1_0.id) 
    from
        users u1_0 
    where
        1=1
Hibernate: 
    select
        count(*) 
    from
        speaking_sessions ss1_0
Hibernate: 
    select
        count(ss1_0.id) 
    from
        speaking_sessions ss1_0 
    where
        ss1_0.user_id=?
Hibernate: 
    select
        count(*) 
    from
        vocabulary v1_0
Hibernate: 
    select
        count(gh1_0.id) 
    from
        grammar_history gh1_0 
    where
        gh1_0.user_id=?
Hibernate: 
    select
        count(*) 
    from
        achievement a1_0
Hibernate: 
    select
        count(v1_0.id) 
    from
        vocabulary v1_0 
    where
        v1_0.student_id=?
Hibernate: 
    select
        count(*) 
    from
        notification n1_0
Hibernate: 
    select
        count(lp1_0.id) 
    from
        lesson_progress lp1_0 
    where
        lp1_0.user_id=?
Hibernate: 
    select
        count(ss1_0.id) 
    from
        speaking_sessions ss1_0 
    where
        ss1_0.user_id=?
2026-08-24T18:19:35.182+05:30  INFO 15172 --- [SpeakMateAI] [0.0-9091-exec-3] c.r.s.security.RequestLoggingFilter      : [REQUEST LOG] Incoming request: GET /api/admin/dashboard
Hibernate: 
    select
        a1_0.id,
        a1_0.created_at,
        a1_0.department,
        a1_0.designation,
        a1_0.email,
        a1_0.email_notifications,
        a1_0.full_name,
        a1_0.language,
        a1_0.last_login,
        a1_0.location,
        a1_0.notifications_enabled,
        a1_0.password,
        a1_0.phone,
        a1_0.profile_image,
        a1_0.reset_otp,
        a1_0.reset_otp_expiry,
        a1_0.reset_password_token,
        a1_0.reset_password_token_expiry,
        a1_0.role,
        a1_0.session_timeout,
        a1_0.sidebar_collapsed,
        a1_0.status,
        a1_0.system_notifications,
        a1_0.theme,
        a1_0.two_factor_enabled,
        a1_0.updated_at 
    from
        admins a1_0 
    where
        a1_0.email=?
Hibernate: 
    select
        count(gh1_0.id) 
    from
        grammar_history gh1_0 
    where
        gh1_0.user_id=?
Hibernate: 
    select
        count(v1_0.id) 
    from
        vocabulary v1_0 
    where
        v1_0.student_id=?
Hibernate: 
    select
        count(*) 
    from
        users u1_0
Hibernate: 
    select
        s1_0.id,
        s1_0.active,
        s1_0.address,
        s1_0.contact_phone,
        s1_0.created_at,
        s1_0.name,
        s1_0.school_code,
        s1_0.school_name,
        s1_0.updated_at 
    from
        schools s1_0 
    where
        s1_0.id=?
Hibernate: 
    select
        count(u1_0.id) 
    from
        users u1_0 
    where
        u1_0.active
Hibernate: 
    select
        count(lp1_0.id) 
    from
        lesson_progress lp1_0 
    where
        lp1_0.user_id=?
Hibernate: 
    select
        count(u1_0.id) 
    from
        users u1_0 
    where
        not(u1_0.active)
Hibernate: 
    select
        count(u1_0.id) 
    from
        users u1_0 
    where
        u1_0.user_type=?
Hibernate: 
    select
        count(ss1_0.id) 
    from
        speaking_sessions ss1_0 
    where
        ss1_0.user_id=?
Hibernate: 
    select
        count(u1_0.id) 
    from
        users u1_0 
    where
        u1_0.created_at between ? and ?
Hibernate: 
    select
        count(gh1_0.id) 
    from
        grammar_history gh1_0 
    where
        gh1_0.user_id=?
Hibernate: 
    select
        count(*) 
    from
        lessons l1_0
Hibernate: 
    select
        count(v1_0.id) 
    from
        vocabulary v1_0 
    where
        v1_0.student_id=?
Hibernate: 
    select
        l1_0.id,
        l1_0.active,
        l1_0.category,
        l1_0.content,
        l1_0.cover_image,
        l1_0.created_at,
        l1_0.description,
        l1_0.duration,
        l1_0.estimated_minutes,
        l1_0.featured,
        l1_0.level,
        l1_0.locked,
        l1_0.objectives,
        l1_0.order_index,
        l1_0.popular,
        l1_0.required_level,
        l1_0.requiredxp,
        l1_0.requirements,
        l1_0.skills,
        l1_0.thumbnail,
        l1_0.title,
        l1_0.updated_at,
        l1_0.xp_reward 
    from
        lessons l1_0 
    where
        l1_0.active
Hibernate: 
    select
        count(lp1_0.id) 
    from
        lesson_progress lp1_0 
    where
        lp1_0.user_id=?
Hibernate: 
    select
        count(ss1_0.id) 
    from
        speaking_sessions ss1_0 
    where
        ss1_0.user_id=?
Hibernate: 
    select
        count(*) 
    from
        speaking_sessions ss1_0
Hibernate: 
    select
        count(gh1_0.id) 
    from
        grammar_history gh1_0 
    where
        gh1_0.user_id=?
Hibernate: 
    select
        count(*) 
    from
        vocabulary v1_0
Hibernate: 
    select
        count(v1_0.id) 
    from
        vocabulary v1_0 
    where
        v1_0.student_id=?
Hibernate: 
    select
        count(*) 
    from
        achievement a1_0
Hibernate: 
    select
        count(lp1_0.id) 
    from
        lesson_progress lp1_0 
    where
        lp1_0.user_id=?
Hibernate: 
    select
        count(*) 
    from
        notification n1_0
Hibernate: 
    select
        count(ss1_0.id) 
    from
        speaking_sessions ss1_0 
    where
        ss1_0.user_id=?
Hibernate: 
    select
        count(gh1_0.id) 
    from
        grammar_history gh1_0 
    where
        gh1_0.user_id=?
Hibernate: 
    select
        count(v1_0.id) 
    from
        vocabulary v1_0 
    where
        v1_0.student_id=?
Hibernate: 
    select
        count(lp1_0.id) 
    from
        lesson_progress lp1_0 
    where
        lp1_0.user_id=?
Hibernate: 
    select
        count(ss1_0.id) 
    from
        speaking_sessions ss1_0 
    where
        ss1_0.user_id=?
Hibernate: 
    select
        count(gh1_0.id) 
    from
        grammar_history gh1_0 
    where
        gh1_0.user_id=?
Hibernate: 
    select
        count(v1_0.id) 
    from
        vocabulary v1_0 
    where
        v1_0.student_id=?
Hibernate: 
    select
        s1_0.id,
        s1_0.active,
        s1_0.address,
        s1_0.contact_phone,
        s1_0.created_at,
        s1_0.name,
        s1_0.school_code,
        s1_0.school_name,
        s1_0.updated_at 
    from
        schools s1_0 
    where
        s1_0.id=?
Hibernate: 
    select
        count(lp1_0.id) 
    from
        lesson_progress lp1_0 
    where
        lp1_0.user_id=?
Hibernate: 
    select
        count(ss1_0.id) 
    from
        speaking_sessions ss1_0 
    where
        ss1_0.user_id=?
Hibernate: 
    select
        count(gh1_0.id) 
    from
        grammar_history gh1_0 
    where
        gh1_0.user_id=?
Hibernate: 
    select
        count(v1_0.id) 
    from
        vocabulary v1_0 
    where
        v1_0.student_id=?
Hibernate: 
    select
        s1_0.id,
        s1_0.active,
        s1_0.address,
        s1_0.contact_phone,
        s1_0.created_at,
        s1_0.name,
        s1_0.school_code,
        s1_0.school_name,
        s1_0.updated_at 
    from
        schools s1_0 
    where
        s1_0.id=?
Hibernate: 
    select
        count(lp1_0.id) 
    from
        lesson_progress lp1_0 
    where
        lp1_0.user_id=?
Hibernate: 
    select
        count(ss1_0.id) 
    from
        speaking_sessions ss1_0 
    where
        ss1_0.user_id=?
Hibernate: 
    select
        count(gh1_0.id) 
    from
        grammar_history gh1_0 
    where
        gh1_0.user_id=?
Hibernate: 
    select
        count(v1_0.id) 
    from
        vocabulary v1_0 
    where
        v1_0.student_id=?
Hibernate: 
    select
        s1_0.id,
        s1_0.active,
        s1_0.address,
        s1_0.contact_phone,
        s1_0.created_at,
        s1_0.name,
        s1_0.school_code,
        s1_0.school_name,
        s1_0.updated_at 
    from
        schools s1_0 
    where
        s1_0.id=?
Hibernate: 
    select
        count(lp1_0.id) 
    from
        lesson_progress lp1_0 
    where
        lp1_0.user_id=?
Hibernate: 
    select
        count(ss1_0.id) 
    from
        speaking_sessions ss1_0 
    where
        ss1_0.user_id=?
Hibernate: 
    select
        count(gh1_0.id) 
    from
        grammar_history gh1_0 
    where
        gh1_0.user_id=?
Hibernate: 
    select
        count(v1_0.id) 
    from
        vocabulary v1_0 
    where
        v1_0.student_id=?
2026-08-24T18:19:45.087+05:30  INFO 15172 --- [SpeakMateAI] [0.0-9091-exec-9] c.r.s.security.RequestLoggingFilter      : [REQUEST LOG] Incoming request: GET /api/v1/school/dashboard
2026-08-24T18:19:45.650+05:30  INFO 15172 --- [SpeakMateAI] [0.0-9091-exec-5] c.r.s.security.RequestLoggingFilter      : [REQUEST LOG] Incoming request: POST /api/auth/school-admin/login
Hibernate: 
    select
        sa1_0.user_id,
        sa1_1.active,
        sa1_1.age_group,
        sa1_1.auth_provider,
        sa1_1.avatar,
        sa1_1.created_at,
        sa1_1.daily_goal_minutes,
        sa1_1.division,
        sa1_1.email,
        sa1_1.email_verification_token,
        sa1_1.email_verified,
        sa1_1.english_level,
        sa1_1.expo_push_token,
        sa1_1.first_name,
        sa1_1.interests,
        sa1_1.last_name,
        sa1_1.learning_goal,
        sa1_1.native_language,
        sa1_1.onboarding_completed,
        sa1_1.parent_name,
        sa1_1.parent_phone,
        sa1_1.password,
        sa1_1.phone,
        sa1_1.preferred_accent,
        sa1_1.preferred_voice,
        sa1_1.reset_otp,
        sa1_1.reset_otp_expiry,
        sa1_1.reset_password_token,
        sa1_1.reset_password_token_expiry,
        sa1_1.role,
        sa1_1.roll_number,
        sa1_1.school_id,
        sa1_1.school_name,
        sa1_1.standard,
        sa1_1.status,
        sa1_1.updated_at,
        sa1_1.user_type,
        sa1_1.welcome_completed 
    from
        school_admins sa1_0 
    join
        users sa1_1 
            on sa1_0.user_id=sa1_1.id 
    where
        sa1_1.email=?
2026-08-24T18:19:46.536+05:30  INFO 15172 --- [SpeakMateAI] [0.0-9091-exec-8] c.r.s.security.RequestLoggingFilter      : [REQUEST LOG] Incoming request: GET /api/v1/school/dashboard
Hibernate: 
    select
        u1_0.id,
        case 
            when u1_1.user_id is not null 
                then 1 
            when u1_2.id is not null 
                then 2 
            when u1_0.id is not null 
                then 0 
        end,
        u1_0.active,
        u1_0.age_group,
        u1_0.auth_provider,
        u1_0.avatar,
        u1_0.created_at,
        u1_0.daily_goal_minutes,
        u1_0.division,
        u1_0.email,
        u1_0.email_verification_token,
        u1_0.email_verified,
        u1_0.english_level,
        u1_0.expo_push_token,
        u1_0.first_name,
        u1_0.interests,
        u1_0.last_name,
        u1_0.learning_goal,
        u1_0.native_language,
        u1_0.onboarding_completed,
        u1_0.parent_name,
        u1_0.parent_phone,
        u1_0.password,
        u1_0.phone,
        u1_0.preferred_accent,
        u1_0.preferred_voice,
        u1_0.reset_otp,
        u1_0.reset_otp_expiry,
        u1_0.reset_password_token,
        u1_0.reset_password_token_expiry,
        u1_0.role,
        u1_0.roll_number,
        u1_0.school_id,
        u1_0.school_name,
        u1_0.standard,
        u1_0.status,
        u1_0.updated_at,
        u1_0.user_type,
        u1_0.welcome_completed,
        u1_2.department,
        u1_2.designation,
        u1_2.employee_id,
        u1_2.experience,
        u1_2.joined_at,
        u1_2.qualification 
    from
        users u1_0 
    left join
        school_admins u1_1 
            on u1_0.id=u1_1.user_id 
    left join
        teachers u1_2 
            on u1_0.id=u1_2.id 
    where
        u1_0.email=?
Hibernate: 
    select
        u1_0.id,
        case 
            when u1_1.user_id is not null 
                then 1 
            when u1_2.id is not null 
                then 2 
            when u1_0.id is not null 
                then 0 
        end,
        u1_0.active,
        u1_0.age_group,
        u1_0.auth_provider,
        u1_0.avatar,
        u1_0.created_at,
        u1_0.daily_goal_minutes,
        u1_0.division,
        u1_0.email,
        u1_0.email_verification_token,
        u1_0.email_verified,
        u1_0.english_level,
        u1_0.expo_push_token,
        u1_0.first_name,
        u1_0.interests,
        u1_0.last_name,
        u1_0.learning_goal,
        u1_0.native_language,
        u1_0.onboarding_completed,
        u1_0.parent_name,
        u1_0.parent_phone,
        u1_0.password,
        u1_0.phone,
        u1_0.preferred_accent,
        u1_0.preferred_voice,
        u1_0.reset_otp,
        u1_0.reset_otp_expiry,
        u1_0.reset_password_token,
        u1_0.reset_password_token_expiry,
        u1_0.role,
        u1_0.roll_number,
        u1_0.school_id,
        u1_0.school_name,
        u1_0.standard,
        u1_0.status,
        u1_0.updated_at,
        u1_0.user_type,
        u1_0.welcome_completed,
        u1_2.department,
        u1_2.designation,
        u1_2.employee_id,
        u1_2.experience,
        u1_2.joined_at,
        u1_2.qualification 
    from
        users u1_0 
    left join
        school_admins u1_1 
            on u1_0.id=u1_1.user_id 
    left join
        teachers u1_2 
            on u1_0.id=u1_2.id 
    where
        u1_0.email=?
Hibernate: 
    select
        s1_0.id,
        s1_0.active,
        s1_0.age_group,
        s1_0.auth_provider,
        s1_0.avatar,
        s1_0.created_at,
        s1_0.daily_goal_minutes,
        s1_0.division,
        s1_0.email,
        s1_0.email_verification_token,
        s1_0.email_verified,
        s1_0.english_level,
        s1_0.expo_push_token,
        s1_0.first_name,
        s1_0.interests,
        s1_0.last_name,
        s1_0.learning_goal,
        s1_0.native_language,
        s1_0.onboarding_completed,
        s1_0.parent_name,
        s1_0.parent_phone,
        s1_0.password,
        s1_0.phone,
        s1_0.preferred_accent,
        s1_0.preferred_voice,
        s1_0.reset_otp,
        s1_0.reset_otp_expiry,
        s1_0.reset_password_token,
        s1_0.reset_password_token_expiry,
        s1_0.roll_number,
        s1_0.school_id,
        s1_0.school_name,
        s1_0.standard,
        s1_0.status,
        s1_0.updated_at,
        s1_0.welcome_completed 
    from
        students s1_0 
    where
        s1_0.school_id=?
Hibernate: 
    select
        s1_0.id,
        s1_0.ai_voice,
        s1_0.auto_play_audio,
        s1_0.created_at,
        s1_0.daily_reminder,
        s1_0.dark_mode,
        s1_0.language,
        s1_0.notifications_enabled,
        s1_0.sound_effects,
        s1_0.student_id,
        s1_0.two_factor_enabled,
        s1_0.updated_at,
        s1_0.user_id 
    from
        settings s1_0 
    where
        s1_0.student_id=?
Hibernate: 
    select
        s1_0.id,
        s1_0.ai_voice,
        s1_0.auto_play_audio,
        s1_0.created_at,
        s1_0.daily_reminder,
        s1_0.dark_mode,
        s1_0.language,
        s1_0.notifications_enabled,
        s1_0.sound_effects,
        s1_0.student_id,
        s1_0.two_factor_enabled,
        s1_0.updated_at,
        s1_0.user_id 
    from
        settings s1_0 
    where
        s1_0.student_id=?
Hibernate: 
    select
        s1_0.id,
        s1_0.ai_voice,
        s1_0.auto_play_audio,
        s1_0.created_at,
        s1_0.daily_reminder,
        s1_0.dark_mode,
        s1_0.language,
        s1_0.notifications_enabled,
        s1_0.sound_effects,
        s1_0.student_id,
        s1_0.two_factor_enabled,
        s1_0.updated_at,
        s1_0.user_id 
    from
        settings s1_0 
    where
        s1_0.student_id=?
Hibernate: 
    select
        s1_0.id,
        s1_0.ai_voice,
        s1_0.auto_play_audio,
        s1_0.created_at,
        s1_0.daily_reminder,
        s1_0.dark_mode,
        s1_0.language,
        s1_0.notifications_enabled,
        s1_0.sound_effects,
        s1_0.student_id,
        s1_0.two_factor_enabled,
        s1_0.updated_at,
        s1_0.user_id 
    from
        settings s1_0 
    where
        s1_0.student_id=?
Hibernate: 
    select
        s1_0.id,
        s1_0.ai_voice,
        s1_0.auto_play_audio,
        s1_0.created_at,
        s1_0.daily_reminder,
        s1_0.dark_mode,
        s1_0.language,
        s1_0.notifications_enabled,
        s1_0.sound_effects,
        s1_0.student_id,
        s1_0.two_factor_enabled,
        s1_0.updated_at,
        s1_0.user_id 
    from
        settings s1_0 
    where
        s1_0.student_id=?
Hibernate: 
    select
        s1_0.id,
        s1_0.ai_voice,
        s1_0.auto_play_audio,
        s1_0.created_at,
        s1_0.daily_reminder,
        s1_0.dark_mode,
        s1_0.language,
        s1_0.notifications_enabled,
        s1_0.sound_effects,
        s1_0.student_id,
        s1_0.two_factor_enabled,
        s1_0.updated_at,
        s1_0.user_id 
    from
        settings s1_0 
    where
        s1_0.student_id=?
Hibernate: 
    select
        u1_0.id,
        case 
            when u1_1.user_id is not null 
                then 1 
            when u1_2.id is not null 
                then 2 
            when u1_0.id is not null 
                then 0 
        end,
        u1_0.active,
        u1_0.age_group,
        u1_0.auth_provider,
        u1_0.avatar,
        u1_0.created_at,
        u1_0.daily_goal_minutes,
        u1_0.division,
        u1_0.email,
        u1_0.email_verification_token,
        u1_0.email_verified,
        u1_0.english_level,
        u1_0.expo_push_token,
        u1_0.first_name,
        u1_0.interests,
        u1_0.last_name,
        u1_0.learning_goal,
        u1_0.native_language,
        u1_0.onboarding_completed,
        u1_0.parent_name,
        u1_0.parent_phone,
        u1_0.password,
        u1_0.phone,
        u1_0.preferred_accent,
        u1_0.preferred_voice,
        u1_0.reset_otp,
        u1_0.reset_otp_expiry,
        u1_0.reset_password_token,
        u1_0.reset_password_token_expiry,
        u1_0.role,
        u1_0.roll_number,
        u1_0.school_id,
        u1_0.school_name,
        u1_0.standard,
        u1_0.status,
        u1_0.updated_at,
        u1_0.user_type,
        u1_0.welcome_completed,
        u1_2.department,
        u1_2.designation,
        u1_2.employee_id,
        u1_2.experience,
        u1_2.joined_at,
        u1_2.qualification 
    from
        users u1_0 
    left join
        school_admins u1_1 
            on u1_0.id=u1_1.user_id 
    left join
        teachers u1_2 
            on u1_0.id=u1_2.id 
    where
        u1_0.school_id=? 
        and u1_0.role=?
Hibernate: 
    select
        cr1_0.id,
        cr1_0.academic_year,
        cr1_0.created_at,
        cr1_0.grade,
        cr1_0.name,
        cr1_0.school_id,
        cr1_0.status,
        cr1_0.teacher_id,
        cr1_0.updated_at 
    from
        class_rooms cr1_0 
    where
        cr1_0.school_id=?
Hibernate: 
    select
        r1_0.id,
        r1_0.active,
        r1_0.created_at,
        r1_0.marks_obtained,
        r1_0.status,
        r1_0.student_id,
        r1_0.submitted_at,
        r1_0.test_title,
        r1_0.total_marks,
        r1_0.updated_at 
    from
        results r1_0 
    join
        users s1_0 
            on s1_0.id=r1_0.student_id 
    where
        s1_0.school_id=? 
        and r1_0.active
Hibernate: 
    select
        count(lp1_0.id) 
    from
        lesson_progress lp1_0 
    join
        students s1_0 
            on s1_0.id=lp1_0.user_id 
    where
        s1_0.school_id=? 
        and lp1_0.completed=true
Hibernate: 
    select
        s1_0.id,
        s1_0.active,
        s1_0.address,
        s1_0.contact_phone,
        s1_0.created_at,
        s1_0.name,
        s1_0.school_code,
        s1_0.school_name,
        s1_0.updated_at 
    from
        schools s1_0 
    where
        s1_0.id=?
2026-08-24T18:24:07.866+05:30  INFO 15172 --- [SpeakMateAI] [.0-9091-exec-10] c.r.s.security.RequestLoggingFilter      : [REQUEST LOG] Incoming request: GET /api/admin/users
2026-08-24T18:24:07.889+05:30  INFO 15172 --- [SpeakMateAI] [0.0-9091-exec-7] c.r.s.security.RequestLoggingFilter      : [REQUEST LOG] Incoming request: GET /api/admin/dashboard
Hibernate: 
    select
        a1_0.id,
        a1_0.created_at,
        a1_0.department,
        a1_0.designation,
        a1_0.email,
        a1_0.email_notifications,
        a1_0.full_name,
        a1_0.language,
        a1_0.last_login,
        a1_0.location,
        a1_0.notifications_enabled,
        a1_0.password,
        a1_0.phone,
        a1_0.profile_image,
        a1_0.reset_otp,
        a1_0.reset_otp_expiry,
        a1_0.reset_password_token,
        a1_0.reset_password_token_expiry,
        a1_0.role,
        a1_0.session_timeout,
        a1_0.sidebar_collapsed,
        a1_0.status,
        a1_0.system_notifications,
        a1_0.theme,
        a1_0.two_factor_enabled,
        a1_0.updated_at 
    from
        admins a1_0 
    where
        a1_0.email=?
Hibernate: 
    select
        a1_0.id,
        a1_0.created_at,
        a1_0.department,
        a1_0.designation,
        a1_0.email,
        a1_0.email_notifications,
        a1_0.full_name,
        a1_0.language,
        a1_0.last_login,
        a1_0.location,
        a1_0.notifications_enabled,
        a1_0.password,
        a1_0.phone,
        a1_0.profile_image,
        a1_0.reset_otp,
        a1_0.reset_otp_expiry,
        a1_0.reset_password_token,
        a1_0.reset_password_token_expiry,
        a1_0.role,
        a1_0.session_timeout,
        a1_0.sidebar_collapsed,
        a1_0.status,
        a1_0.system_notifications,
        a1_0.theme,
        a1_0.two_factor_enabled,
        a1_0.updated_at 
    from
        admins a1_0 
    where
        a1_0.email=?
Hibernate: 
    select
        count(*) 
    from
        users u1_0
Hibernate: 
    select
        u1_0.id,
        case 
            when u1_1.user_id is not null 
                then 1 
            when u1_2.id is not null 
                then 2 
            when u1_0.id is not null 
                then 0 
        end,
        u1_0.active,
        u1_0.age_group,
        u1_0.auth_provider,
        u1_0.avatar,
        u1_0.created_at,
        u1_0.daily_goal_minutes,
        u1_0.division,
        u1_0.email,
        u1_0.email_verification_token,
        u1_0.email_verified,
        u1_0.english_level,
        u1_0.expo_push_token,
        u1_0.first_name,
        u1_0.interests,
        u1_0.last_name,
        u1_0.learning_goal,
        u1_0.native_language,
        u1_0.onboarding_completed,
        u1_0.parent_name,
        u1_0.parent_phone,
        u1_0.password,
        u1_0.phone,
        u1_0.preferred_accent,
        u1_0.preferred_voice,
        u1_0.reset_otp,
        u1_0.reset_otp_expiry,
        u1_0.reset_password_token,
        u1_0.reset_password_token_expiry,
        u1_0.role,
        u1_0.roll_number,
        u1_0.school_id,
        u1_0.school_name,
        u1_0.standard,
        u1_0.status,
        u1_0.updated_at,
        u1_0.user_type,
        u1_0.welcome_completed,
        u1_2.department,
        u1_2.designation,
        u1_2.employee_id,
        u1_2.experience,
        u1_2.joined_at,
        u1_2.qualification 
    from
        users u1_0 
    left join
        school_admins u1_1 
            on u1_0.id=u1_1.user_id 
    left join
        teachers u1_2 
            on u1_0.id=u1_2.id 
    where
        1=1 
    order by
        u1_0.id desc 
    offset
        ? rows 
    fetch
        first ? rows only
Hibernate: 
    select
        count(u1_0.id) 
    from
        users u1_0 
    where
        u1_0.active
Hibernate: 
    select
        count(u1_0.id) 
    from
        users u1_0 
    where
        1=1
Hibernate: 
    select
        count(u1_0.id) 
    from
        users u1_0 
    where
        not(u1_0.active)
Hibernate: 
    select
        count(u1_0.id) 
    from
        users u1_0 
    where
        u1_0.user_type=?
Hibernate: 
    select
        count(u1_0.id) 
    from
        users u1_0 
    where
        u1_0.created_at between ? and ?
Hibernate: 
    select
        count(*) 
    from
        lessons l1_0
2026-08-24T18:24:10.190+05:30  INFO 15172 --- [SpeakMateAI] [0.0-9091-exec-4] c.r.s.security.RequestLoggingFilter      : [REQUEST LOG] Incoming request: GET /api/admin/users
Hibernate: 
    select
        l1_0.id,
        l1_0.active,
        l1_0.category,
        l1_0.content,
        l1_0.cover_image,
        l1_0.created_at,
        l1_0.description,
        l1_0.duration,
        l1_0.estimated_minutes,
        l1_0.featured,
        l1_0.level,
        l1_0.locked,
        l1_0.objectives,
        l1_0.order_index,
        l1_0.popular,
        l1_0.required_level,
        l1_0.requiredxp,
        l1_0.requirements,
        l1_0.skills,
        l1_0.thumbnail,
        l1_0.title,
        l1_0.updated_at,
        l1_0.xp_reward 
    from
        lessons l1_0 
    where
        l1_0.active
Hibernate: 
    select
        a1_0.id,
        a1_0.created_at,
        a1_0.department,
        a1_0.designation,
        a1_0.email,
        a1_0.email_notifications,
        a1_0.full_name,
        a1_0.language,
        a1_0.last_login,
        a1_0.location,
        a1_0.notifications_enabled,
        a1_0.password,
        a1_0.phone,
        a1_0.profile_image,
        a1_0.reset_otp,
        a1_0.reset_otp_expiry,
        a1_0.reset_password_token,
        a1_0.reset_password_token_expiry,
        a1_0.role,
        a1_0.session_timeout,
        a1_0.sidebar_collapsed,
        a1_0.status,
        a1_0.system_notifications,
        a1_0.theme,
        a1_0.two_factor_enabled,
        a1_0.updated_at 
    from
        admins a1_0 
    where
        a1_0.email=?
Hibernate: 
    select
        count(*) 
    from
        speaking_sessions ss1_0
Hibernate: 
    select
        count(*) 
    from
        vocabulary v1_0
Hibernate: 
    select
        u1_0.id,
        case 
            when u1_1.user_id is not null 
                then 1 
            when u1_2.id is not null 
                then 2 
            when u1_0.id is not null 
                then 0 
        end,
        u1_0.active,
        u1_0.age_group,
        u1_0.auth_provider,
        u1_0.avatar,
        u1_0.created_at,
        u1_0.daily_goal_minutes,
        u1_0.division,
        u1_0.email,
        u1_0.email_verification_token,
        u1_0.email_verified,
        u1_0.english_level,
        u1_0.expo_push_token,
        u1_0.first_name,
        u1_0.interests,
        u1_0.last_name,
        u1_0.learning_goal,
        u1_0.native_language,
        u1_0.onboarding_completed,
        u1_0.parent_name,
        u1_0.parent_phone,
        u1_0.password,
        u1_0.phone,
        u1_0.preferred_accent,
        u1_0.preferred_voice,
        u1_0.reset_otp,
        u1_0.reset_otp_expiry,
        u1_0.reset_password_token,
        u1_0.reset_password_token_expiry,
        u1_0.role,
        u1_0.roll_number,
        u1_0.school_id,
        u1_0.school_name,
        u1_0.standard,
        u1_0.status,
        u1_0.updated_at,
        u1_0.user_type,
        u1_0.welcome_completed,
        u1_2.department,
        u1_2.designation,
        u1_2.employee_id,
        u1_2.experience,
        u1_2.joined_at,
        u1_2.qualification 
    from
        users u1_0 
    left join
        school_admins u1_1 
            on u1_0.id=u1_1.user_id 
    left join
        teachers u1_2 
            on u1_0.id=u1_2.id 
    where
        1=1 
    order by
        u1_0.id desc 
    offset
        ? rows 
    fetch
        first ? rows only
Hibernate: 
    select
        count(*) 
    from
        achievement a1_0
Hibernate: 
    select
        count(u1_0.id) 
    from
        users u1_0 
    where
        1=1
Hibernate: 
    select
        count(*) 
    from
        notification n1_0
2026-08-24T18:24:10.947+05:30  INFO 15172 --- [SpeakMateAI] [0.0-9091-exec-2] c.r.s.security.RequestLoggingFilter      : [REQUEST LOG] Incoming request: GET /api/admin/dashboard
Hibernate: 
    select
        a1_0.id,
        a1_0.created_at,
        a1_0.department,
        a1_0.designation,
        a1_0.email,
        a1_0.email_notifications,
        a1_0.full_name,
        a1_0.language,
        a1_0.last_login,
        a1_0.location,
        a1_0.notifications_enabled,
        a1_0.password,
        a1_0.phone,
        a1_0.profile_image,
        a1_0.reset_otp,
        a1_0.reset_otp_expiry,
        a1_0.reset_password_token,
        a1_0.reset_password_token_expiry,
        a1_0.role,
        a1_0.session_timeout,
        a1_0.sidebar_collapsed,
        a1_0.status,
        a1_0.system_notifications,
        a1_0.theme,
        a1_0.two_factor_enabled,
        a1_0.updated_at 
    from
        admins a1_0 
    where
        a1_0.email=?
Hibernate: 
    select
        count(*) 
    from
        users u1_0
Hibernate: 
    select
        count(u1_0.id) 
    from
        users u1_0 
    where
        u1_0.active
Hibernate: 
    select
        count(u1_0.id) 
    from
        users u1_0 
    where
        not(u1_0.active)
Hibernate: 
    select
        count(u1_0.id) 
    from
        users u1_0 
    where
        u1_0.user_type=?
Hibernate: 
    select
        count(u1_0.id) 
    from
        users u1_0 
    where
        u1_0.created_at between ? and ?
Hibernate: 
    select
        count(*) 
    from
        lessons l1_0
Hibernate: 
    select
        l1_0.id,
        l1_0.active,
        l1_0.category,
        l1_0.content,
        l1_0.cover_image,
        l1_0.created_at,
        l1_0.description,
        l1_0.duration,
        l1_0.estimated_minutes,
        l1_0.featured,
        l1_0.level,
        l1_0.locked,
        l1_0.objectives,
        l1_0.order_index,
        l1_0.popular,
        l1_0.required_level,
        l1_0.requiredxp,
        l1_0.requirements,
        l1_0.skills,
        l1_0.thumbnail,
        l1_0.title,
        l1_0.updated_at,
        l1_0.xp_reward 
    from
        lessons l1_0 
    where
        l1_0.active
Hibernate: 
    select
        count(*) 
    from
        speaking_sessions ss1_0
Hibernate: 
    select
        count(*) 
    from
        vocabulary v1_0
Hibernate: 
    select
        count(*) 
    from
        achievement a1_0
Hibernate: 
    select
        count(*) 
    from
        notification n1_0
2026-08-24T18:25:13.589+05:30  INFO 15172 --- [SpeakMateAI] [0.0-9091-exec-6] c.r.s.security.RequestLoggingFilter      : [REQUEST LOG] Incoming request: POST /api/auth/school-admin/login
Hibernate: 
    select
        sa1_0.user_id,
        sa1_1.active,
        sa1_1.age_group,
        sa1_1.auth_provider,
        sa1_1.avatar,
        sa1_1.created_at,
        sa1_1.daily_goal_minutes,
        sa1_1.division,
        sa1_1.email,
        sa1_1.email_verification_token,
        sa1_1.email_verified,
        sa1_1.english_level,
        sa1_1.expo_push_token,
        sa1_1.first_name,
        sa1_1.interests,
        sa1_1.last_name,
        sa1_1.learning_goal,
        sa1_1.native_language,
        sa1_1.onboarding_completed,
        sa1_1.parent_name,
        sa1_1.parent_phone,
        sa1_1.password,
        sa1_1.phone,
        sa1_1.preferred_accent,
        sa1_1.preferred_voice,
        sa1_1.reset_otp,
        sa1_1.reset_otp_expiry,
        sa1_1.reset_password_token,
        sa1_1.reset_password_token_expiry,
        sa1_1.role,
        sa1_1.roll_number,
        sa1_1.school_id,
        sa1_1.school_name,
        sa1_1.standard,
        sa1_1.status,
        sa1_1.updated_at,
        sa1_1.user_type,
        sa1_1.welcome_completed 
    from
        school_admins sa1_0 
    join
        users sa1_1 
            on sa1_0.user_id=sa1_1.id 
    where
        sa1_1.email=?
2026-08-24T18:25:29.020+05:30  INFO 15172 --- [SpeakMateAI] [0.0-9091-exec-7] c.r.s.security.RequestLoggingFilter      : [REQUEST LOG] Incoming request: POST /api/auth/school-admin/login
Hibernate: 
    select
        u1_0.id,
        case 
            when u1_1.user_id is not null 
                then 1 
            when u1_2.id is not null 
                then 2 
            when u1_0.id is not null 
                then 0 
        end,
        u1_0.active,
        u1_0.age_group,
        u1_0.auth_provider,
        u1_0.avatar,
        u1_0.created_at,
        u1_0.daily_goal_minutes,
        u1_0.division,
        u1_0.email,
        u1_0.email_verification_token,
        u1_0.email_verified,
        u1_0.english_level,
        u1_0.expo_push_token,
        u1_0.first_name,
        u1_0.interests,
        u1_0.last_name,
        u1_0.learning_goal,
        u1_0.native_language,
        u1_0.onboarding_completed,
        u1_0.parent_name,
        u1_0.parent_phone,
        u1_0.password,
        u1_0.phone,
        u1_0.preferred_accent,
        u1_0.preferred_voice,
        u1_0.reset_otp,
        u1_0.reset_otp_expiry,
        u1_0.reset_password_token,
        u1_0.reset_password_token_expiry,
        u1_0.role,
        u1_0.roll_number,
        u1_0.school_id,
        u1_0.school_name,
        u1_0.standard,
        u1_0.status,
        u1_0.updated_at,
        u1_0.user_type,
        u1_0.welcome_completed,
        u1_2.department,
        u1_2.designation,
        u1_2.employee_id,
        u1_2.experience,
        u1_2.joined_at,
        u1_2.qualification 
    from
        users u1_0 
    left join
        school_admins u1_1 
            on u1_0.id=u1_1.user_id 
    left join
        teachers u1_2 
            on u1_0.id=u1_2.id 
    where
        u1_0.email=?
Hibernate: 
    select
        sa1_0.user_id,
        sa1_1.active,
        sa1_1.age_group,
        sa1_1.auth_provider,
        sa1_1.avatar,
        sa1_1.created_at,
        sa1_1.daily_goal_minutes,
        sa1_1.division,
        sa1_1.email,
        sa1_1.email_verification_token,
        sa1_1.email_verified,
        sa1_1.english_level,
        sa1_1.expo_push_token,
        sa1_1.first_name,
        sa1_1.interests,
        sa1_1.last_name,
        sa1_1.learning_goal,
        sa1_1.native_language,
        sa1_1.onboarding_completed,
        sa1_1.parent_name,
        sa1_1.parent_phone,
        sa1_1.password,
        sa1_1.phone,
        sa1_1.preferred_accent,
        sa1_1.preferred_voice,
        sa1_1.reset_otp,
        sa1_1.reset_otp_expiry,
        sa1_1.reset_password_token,
        sa1_1.reset_password_token_expiry,
        sa1_1.role,
        sa1_1.roll_number,
        sa1_1.school_id,
        sa1_1.school_name,
        sa1_1.standard,
        sa1_1.status,
        sa1_1.updated_at,
        sa1_1.user_type,
        sa1_1.welcome_completed 
    from
        school_admins sa1_0 
    join
        users sa1_1 
            on sa1_0.user_id=sa1_1.id 
    where
        sa1_1.email=?
2026-08-24T18:25:30.302+05:30  INFO 15172 --- [SpeakMateAI] [0.0-9091-exec-9] c.r.s.security.RequestLoggingFilter      : [REQUEST LOG] Incoming request: GET /api/v1/school/teachers
2026-08-24T18:25:30.354+05:30  INFO 15172 --- [SpeakMateAI] [0.0-9091-exec-8] c.r.s.security.RequestLoggingFilter      : [REQUEST LOG] Incoming request: GET /api/v1/school/dashboard
Hibernate: 
    select
        u1_0.id,
        case 
            when u1_1.user_id is not null 
                then 1 
            when u1_2.id is not null 
                then 2 
            when u1_0.id is not null 
                then 0 
        end,
        u1_0.active,
        u1_0.age_group,
        u1_0.auth_provider,
        u1_0.avatar,
        u1_0.created_at,
        u1_0.daily_goal_minutes,
        u1_0.division,
        u1_0.email,
        u1_0.email_verification_token,
        u1_0.email_verified,
        u1_0.english_level,
        u1_0.expo_push_token,
        u1_0.first_name,
        u1_0.interests,
        u1_0.last_name,
        u1_0.learning_goal,
        u1_0.native_language,
        u1_0.onboarding_completed,
        u1_0.parent_name,
        u1_0.parent_phone,
        u1_0.password,
        u1_0.phone,
        u1_0.preferred_accent,
        u1_0.preferred_voice,
        u1_0.reset_otp,
        u1_0.reset_otp_expiry,
        u1_0.reset_password_token,
        u1_0.reset_password_token_expiry,
        u1_0.role,
        u1_0.roll_number,
        u1_0.school_id,
        u1_0.school_name,
        u1_0.standard,
        u1_0.status,
        u1_0.updated_at,
        u1_0.user_type,
        u1_0.welcome_completed,
        u1_2.department,
        u1_2.designation,
        u1_2.employee_id,
        u1_2.experience,
        u1_2.joined_at,
        u1_2.qualification 
    from
        users u1_0 
    left join
        school_admins u1_1 
            on u1_0.id=u1_1.user_id 
    left join
        teachers u1_2 
            on u1_0.id=u1_2.id 
    where
        u1_0.email=?
Hibernate: 
    select
        u1_0.id,
        case 
            when u1_1.user_id is not null 
                then 1 
            when u1_2.id is not null 
                then 2 
            when u1_0.id is not null 
                then 0 
        end,
        u1_0.active,
        u1_0.age_group,
        u1_0.auth_provider,
        u1_0.avatar,
        u1_0.created_at,
        u1_0.daily_goal_minutes,
        u1_0.division,
        u1_0.email,
        u1_0.email_verification_token,
        u1_0.email_verified,
        u1_0.english_level,
        u1_0.expo_push_token,
        u1_0.first_name,
        u1_0.interests,
        u1_0.last_name,
        u1_0.learning_goal,
        u1_0.native_language,
        u1_0.onboarding_completed,
        u1_0.parent_name,
        u1_0.parent_phone,
        u1_0.password,
        u1_0.phone,
        u1_0.preferred_accent,
        u1_0.preferred_voice,
        u1_0.reset_otp,
        u1_0.reset_otp_expiry,
        u1_0.reset_password_token,
        u1_0.reset_password_token_expiry,
        u1_0.role,
        u1_0.roll_number,
        u1_0.school_id,
        u1_0.school_name,
        u1_0.standard,
        u1_0.status,
        u1_0.updated_at,
        u1_0.user_type,
        u1_0.welcome_completed,
        u1_2.department,
        u1_2.designation,
        u1_2.employee_id,
        u1_2.experience,
        u1_2.joined_at,
        u1_2.qualification 
    from
        users u1_0 
    left join
        school_admins u1_1 
            on u1_0.id=u1_1.user_id 
    left join
        teachers u1_2 
            on u1_0.id=u1_2.id 
    where
        u1_0.email=?
2026-08-24T18:25:30.867+05:30  INFO 15172 --- [SpeakMateAI] [.0-9091-exec-10] c.r.s.security.RequestLoggingFilter      : [REQUEST LOG] Incoming request: GET /api/v1/school/results
Hibernate: 
    select
        u1_0.id,
        case 
            when u1_1.user_id is not null 
                then 1 
            when u1_2.id is not null 
                then 2 
            when u1_0.id is not null 
                then 0 
        end,
        u1_0.active,
        u1_0.age_group,
        u1_0.auth_provider,
        u1_0.avatar,
        u1_0.created_at,
        u1_0.daily_goal_minutes,
        u1_0.division,
        u1_0.email,
        u1_0.email_verification_token,
        u1_0.email_verified,
        u1_0.english_level,
        u1_0.expo_push_token,
        u1_0.first_name,
        u1_0.interests,
        u1_0.last_name,
        u1_0.learning_goal,
        u1_0.native_language,
        u1_0.onboarding_completed,
        u1_0.parent_name,
        u1_0.parent_phone,
        u1_0.password,
        u1_0.phone,
        u1_0.preferred_accent,
        u1_0.preferred_voice,
        u1_0.reset_otp,
        u1_0.reset_otp_expiry,
        u1_0.reset_password_token,
        u1_0.reset_password_token_expiry,
        u1_0.role,
        u1_0.roll_number,
        u1_0.school_id,
        u1_0.school_name,
        u1_0.standard,
        u1_0.status,
        u1_0.updated_at,
        u1_0.user_type,
        u1_0.welcome_completed,
        u1_2.department,
        u1_2.designation,
        u1_2.employee_id,
        u1_2.experience,
        u1_2.joined_at,
        u1_2.qualification 
    from
        users u1_0 
    left join
        school_admins u1_1 
            on u1_0.id=u1_1.user_id 
    left join
        teachers u1_2 
            on u1_0.id=u1_2.id 
    where
        u1_0.email=?
Hibernate: 
    select
        u1_0.id,
        case 
            when u1_1.user_id is not null 
                then 1 
            when u1_2.id is not null 
                then 2 
            when u1_0.id is not null 
                then 0 
        end,
        u1_0.active,
        u1_0.age_group,
        u1_0.auth_provider,
        u1_0.avatar,
        u1_0.created_at,
        u1_0.daily_goal_minutes,
        u1_0.division,
        u1_0.email,
        u1_0.email_verification_token,
        u1_0.email_verified,
        u1_0.english_level,
        u1_0.expo_push_token,
        u1_0.first_name,
        u1_0.interests,
        u1_0.last_name,
        u1_0.learning_goal,
        u1_0.native_language,
        u1_0.onboarding_completed,
        u1_0.parent_name,
        u1_0.parent_phone,
        u1_0.password,
        u1_0.phone,
        u1_0.preferred_accent,
        u1_0.preferred_voice,
        u1_0.reset_otp,
        u1_0.reset_otp_expiry,
        u1_0.reset_password_token,
        u1_0.reset_password_token_expiry,
        u1_0.role,
        u1_0.roll_number,
        u1_0.school_id,
        u1_0.school_name,
        u1_0.standard,
        u1_0.status,
        u1_0.updated_at,
        u1_0.user_type,
        u1_0.welcome_completed,
        u1_2.department,
        u1_2.designation,
        u1_2.employee_id,
        u1_2.experience,
        u1_2.joined_at,
        u1_2.qualification 
    from
        users u1_0 
    left join
        school_admins u1_1 
            on u1_0.id=u1_1.user_id 
    left join
        teachers u1_2 
            on u1_0.id=u1_2.id 
    where
        u1_0.email=?
Hibernate: 
    select
        u1_0.id,
        case 
            when u1_1.user_id is not null 
                then 1 
            when u1_2.id is not null 
                then 2 
            when u1_0.id is not null 
                then 0 
        end,
        u1_0.active,
        u1_0.age_group,
        u1_0.auth_provider,
        u1_0.avatar,
        u1_0.created_at,
        u1_0.daily_goal_minutes,
        u1_0.division,
        u1_0.email,
        u1_0.email_verification_token,
        u1_0.email_verified,
        u1_0.english_level,
        u1_0.expo_push_token,
        u1_0.first_name,
        u1_0.interests,
        u1_0.last_name,
        u1_0.learning_goal,
        u1_0.native_language,
        u1_0.onboarding_completed,
        u1_0.parent_name,
        u1_0.parent_phone,
        u1_0.password,
        u1_0.phone,
        u1_0.preferred_accent,
        u1_0.preferred_voice,
        u1_0.reset_otp,
        u1_0.reset_otp_expiry,
        u1_0.reset_password_token,
        u1_0.reset_password_token_expiry,
        u1_0.role,
        u1_0.roll_number,
        u1_0.school_id,
        u1_0.school_name,
        u1_0.standard,
        u1_0.status,
        u1_0.updated_at,
        u1_0.user_type,
        u1_0.welcome_completed,
        u1_2.department,
        u1_2.designation,
        u1_2.employee_id,
        u1_2.experience,
        u1_2.joined_at,
        u1_2.qualification 
    from
        users u1_0 
    left join
        school_admins u1_1 
            on u1_0.id=u1_1.user_id 
    left join
        teachers u1_2 
            on u1_0.id=u1_2.id 
    where
        u1_0.email=?
2026-08-24T18:25:31.207+05:30  INFO 15172 --- [SpeakMateAI] [0.0-9091-exec-7] c.r.s.security.RequestLoggingFilter      : [REQUEST LOG] Incoming request: GET /api/school/students
Hibernate: 
    select
        u1_0.id,
        case 
            when u1_1.user_id is not null 
                then 1 
            when u1_2.id is not null 
                then 2 
            when u1_0.id is not null 
                then 0 
        end,
        u1_0.active,
        u1_0.age_group,
        u1_0.auth_provider,
        u1_0.avatar,
        u1_0.created_at,
        u1_0.daily_goal_minutes,
        u1_0.division,
        u1_0.email,
        u1_0.email_verification_token,
        u1_0.email_verified,
        u1_0.english_level,
        u1_0.expo_push_token,
        u1_0.first_name,
        u1_0.interests,
        u1_0.last_name,
        u1_0.learning_goal,
        u1_0.native_language,
        u1_0.onboarding_completed,
        u1_0.parent_name,
        u1_0.parent_phone,
        u1_0.password,
        u1_0.phone,
        u1_0.preferred_accent,
        u1_0.preferred_voice,
        u1_0.reset_otp,
        u1_0.reset_otp_expiry,
        u1_0.reset_password_token,
        u1_0.reset_password_token_expiry,
        u1_0.role,
        u1_0.roll_number,
        u1_0.school_id,
        u1_0.school_name,
        u1_0.standard,
        u1_0.status,
        u1_0.updated_at,
        u1_0.user_type,
        u1_0.welcome_completed,
        u1_2.department,
        u1_2.designation,
        u1_2.employee_id,
        u1_2.experience,
        u1_2.joined_at,
        u1_2.qualification 
    from
        users u1_0 
    left join
        school_admins u1_1 
            on u1_0.id=u1_1.user_id 
    left join
        teachers u1_2 
            on u1_0.id=u1_2.id 
    where
        u1_0.school_id=? 
        and u1_0.role=?
Hibernate: 
    select
        r1_0.id,
        r1_0.active,
        r1_0.created_at,
        r1_0.marks_obtained,
        r1_0.status,
        r1_0.student_id,
        r1_0.submitted_at,
        r1_0.test_title,
        r1_0.total_marks,
        r1_0.updated_at 
    from
        results r1_0 
    join
        users s1_0 
            on s1_0.id=r1_0.student_id 
    where
        s1_0.school_id=? 
        and r1_0.active
Hibernate: 
    select
        s1_0.id,
        s1_0.active,
        s1_0.address,
        s1_0.contact_phone,
        s1_0.created_at,
        s1_0.name,
        s1_0.school_code,
        s1_0.school_name,
        s1_0.updated_at 
    from
        schools s1_0 
    where
        s1_0.id=?
Hibernate: 
    select
        u1_0.id,
        case 
            when u1_1.user_id is not null 
                then 1 
            when u1_2.id is not null 
                then 2 
            when u1_0.id is not null 
                then 0 
        end,
        u1_0.active,
        u1_0.age_group,
        u1_0.auth_provider,
        u1_0.avatar,
        u1_0.created_at,
        u1_0.daily_goal_minutes,
        u1_0.division,
        u1_0.email,
        u1_0.email_verification_token,
        u1_0.email_verified,
        u1_0.english_level,
        u1_0.expo_push_token,
        u1_0.first_name,
        u1_0.interests,
        u1_0.last_name,
        u1_0.learning_goal,
        u1_0.native_language,
        u1_0.onboarding_completed,
        u1_0.parent_name,
        u1_0.parent_phone,
        u1_0.password,
        u1_0.phone,
        u1_0.preferred_accent,
        u1_0.preferred_voice,
        u1_0.reset_otp,
        u1_0.reset_otp_expiry,
        u1_0.reset_password_token,
        u1_0.reset_password_token_expiry,
        u1_0.role,
        u1_0.roll_number,
        u1_0.school_id,
        u1_0.school_name,
        u1_0.standard,
        u1_0.status,
        u1_0.updated_at,
        u1_0.user_type,
        u1_0.welcome_completed,
        u1_2.department,
        u1_2.designation,
        u1_2.employee_id,
        u1_2.experience,
        u1_2.joined_at,
        u1_2.qualification 
    from
        users u1_0 
    left join
        school_admins u1_1 
            on u1_0.id=u1_1.user_id 
    left join
        teachers u1_2 
            on u1_0.id=u1_2.id 
    where
        u1_0.email=?
2026-08-24T18:25:32.075+05:30  INFO 15172 --- [SpeakMateAI] [0.0-9091-exec-2] c.r.s.security.RequestLoggingFilter      : [REQUEST LOG] Incoming request: GET /api/v1/school/teachers
Hibernate: 
    select
        u1_0.id,
        case 
            when u1_1.user_id is not null 
                then 1 
            when u1_2.id is not null 
                then 2 
            when u1_0.id is not null 
                then 0 
        end,
        u1_0.active,
        u1_0.age_group,
        u1_0.auth_provider,
        u1_0.avatar,
        u1_0.created_at,
        u1_0.daily_goal_minutes,
        u1_0.division,
        u1_0.email,
        u1_0.email_verification_token,
        u1_0.email_verified,
        u1_0.english_level,
        u1_0.expo_push_token,
        u1_0.first_name,
        u1_0.interests,
        u1_0.last_name,
        u1_0.learning_goal,
        u1_0.native_language,
        u1_0.onboarding_completed,
        u1_0.parent_name,
        u1_0.parent_phone,
        u1_0.password,
        u1_0.phone,
        u1_0.preferred_accent,
        u1_0.preferred_voice,
        u1_0.reset_otp,
        u1_0.reset_otp_expiry,
        u1_0.reset_password_token,
        u1_0.reset_password_token_expiry,
        u1_0.role,
        u1_0.roll_number,
        u1_0.school_id,
        u1_0.school_name,
        u1_0.standard,
        u1_0.status,
        u1_0.updated_at,
        u1_0.user_type,
        u1_0.welcome_completed,
        u1_2.department,
        u1_2.designation,
        u1_2.employee_id,
        u1_2.experience,
        u1_2.joined_at,
        u1_2.qualification 
    from
        users u1_0 
    left join
        school_admins u1_1 
            on u1_0.id=u1_1.user_id 
    left join
        teachers u1_2 
            on u1_0.id=u1_2.id 
    where
        u1_0.email=?
Hibernate: 
    select
        u1_0.id,
        case 
            when u1_1.user_id is not null 
                then 1 
            when u1_2.id is not null 
                then 2 
            when u1_0.id is not null 
                then 0 
        end,
        u1_0.active,
        u1_0.age_group,
        u1_0.auth_provider,
        u1_0.avatar,
        u1_0.created_at,
        u1_0.daily_goal_minutes,
        u1_0.division,
        u1_0.email,
        u1_0.email_verification_token,
        u1_0.email_verified,
        u1_0.english_level,
        u1_0.expo_push_token,
        u1_0.first_name,
        u1_0.interests,
        u1_0.last_name,
        u1_0.learning_goal,
        u1_0.native_language,
        u1_0.onboarding_completed,
        u1_0.parent_name,
        u1_0.parent_phone,
        u1_0.password,
        u1_0.phone,
        u1_0.preferred_accent,
        u1_0.preferred_voice,
        u1_0.reset_otp,
        u1_0.reset_otp_expiry,
        u1_0.reset_password_token,
        u1_0.reset_password_token_expiry,
        u1_0.role,
        u1_0.roll_number,
        u1_0.school_id,
        u1_0.school_name,
        u1_0.standard,
        u1_0.status,
        u1_0.updated_at,
        u1_0.user_type,
        u1_0.welcome_completed,
        u1_2.department,
        u1_2.designation,
        u1_2.employee_id,
        u1_2.experience,
        u1_2.joined_at,
        u1_2.qualification 
    from
        users u1_0 
    left join
        school_admins u1_1 
            on u1_0.id=u1_1.user_id 
    left join
        teachers u1_2 
            on u1_0.id=u1_2.id 
    where
        u1_0.email=?
Hibernate: 
    select
        u1_0.id,
        case 
            when u1_1.user_id is not null 
                then 1 
            when u1_2.id is not null 
                then 2 
            when u1_0.id is not null 
                then 0 
        end,
        u1_0.active,
        u1_0.age_group,
        u1_0.auth_provider,
        u1_0.avatar,
        u1_0.created_at,
        u1_0.daily_goal_minutes,
        u1_0.division,
        u1_0.email,
        u1_0.email_verification_token,
        u1_0.email_verified,
        u1_0.english_level,
        u1_0.expo_push_token,
        u1_0.first_name,
        u1_0.interests,
        u1_0.last_name,
        u1_0.learning_goal,
        u1_0.native_language,
        u1_0.onboarding_completed,
        u1_0.parent_name,
        u1_0.parent_phone,
        u1_0.password,
        u1_0.phone,
        u1_0.preferred_accent,
        u1_0.preferred_voice,
        u1_0.reset_otp,
        u1_0.reset_otp_expiry,
        u1_0.reset_password_token,
        u1_0.reset_password_token_expiry,
        u1_0.role,
        u1_0.roll_number,
        u1_0.school_id,
        u1_0.school_name,
        u1_0.standard,
        u1_0.status,
        u1_0.updated_at,
        u1_0.user_type,
        u1_0.welcome_completed,
        u1_2.department,
        u1_2.designation,
        u1_2.employee_id,
        u1_2.experience,
        u1_2.joined_at,
        u1_2.qualification 
    from
        users u1_0 
    left join
        school_admins u1_1 
            on u1_0.id=u1_1.user_id 
    left join
        teachers u1_2 
            on u1_0.id=u1_2.id 
    where
        u1_0.email=?
Hibernate: 
    select
        u1_0.id,
        case 
            when u1_1.user_id is not null 
                then 1 
            when u1_2.id is not null 
                then 2 
            when u1_0.id is not null 
                then 0 
        end,
        u1_0.active,
        u1_0.age_group,
        u1_0.auth_provider,
        u1_0.avatar,
        u1_0.created_at,
        u1_0.daily_goal_minutes,
        u1_0.division,
        u1_0.email,
        u1_0.email_verification_token,
        u1_0.email_verified,
        u1_0.english_level,
        u1_0.expo_push_token,
        u1_0.first_name,
        u1_0.interests,
        u1_0.last_name,
        u1_0.learning_goal,
        u1_0.native_language,
        u1_0.onboarding_completed,
        u1_0.parent_name,
        u1_0.parent_phone,
        u1_0.password,
        u1_0.phone,
        u1_0.preferred_accent,
        u1_0.preferred_voice,
        u1_0.reset_otp,
        u1_0.reset_otp_expiry,
        u1_0.reset_password_token,
        u1_0.reset_password_token_expiry,
        u1_0.role,
        u1_0.roll_number,
        u1_0.school_id,
        u1_0.school_name,
        u1_0.standard,
        u1_0.status,
        u1_0.updated_at,
        u1_0.user_type,
        u1_0.welcome_completed,
        u1_2.department,
        u1_2.designation,
        u1_2.employee_id,
        u1_2.experience,
        u1_2.joined_at,
        u1_2.qualification 
    from
        users u1_0 
    left join
        school_admins u1_1 
            on u1_0.id=u1_1.user_id 
    left join
        teachers u1_2 
            on u1_0.id=u1_2.id 
    where
        u1_0.school_id=? 
        and u1_0.role=?
Hibernate: 
    select
        s1_0.id,
        s1_0.active,
        s1_0.address,
        s1_0.contact_phone,
        s1_0.created_at,
        s1_0.name,
        s1_0.school_code,
        s1_0.school_name,
        s1_0.updated_at 
    from
        schools s1_0 
    where
        s1_0.id=?
Hibernate: 
    select
        u1_0.id,
        case 
            when u1_1.user_id is not null 
                then 1 
            when u1_2.id is not null 
                then 2 
            when u1_0.id is not null 
                then 0 
        end,
        u1_0.active,
        u1_0.age_group,
        u1_0.auth_provider,
        u1_0.avatar,
        u1_0.created_at,
        u1_0.daily_goal_minutes,
        u1_0.division,
        u1_0.email,
        u1_0.email_verification_token,
        u1_0.email_verified,
        u1_0.english_level,
        u1_0.expo_push_token,
        u1_0.first_name,
        u1_0.interests,
        u1_0.last_name,
        u1_0.learning_goal,
        u1_0.native_language,
        u1_0.onboarding_completed,
        u1_0.parent_name,
        u1_0.parent_phone,
        u1_0.password,
        u1_0.phone,
        u1_0.preferred_accent,
        u1_0.preferred_voice,
        u1_0.reset_otp,
        u1_0.reset_otp_expiry,
        u1_0.reset_password_token,
        u1_0.reset_password_token_expiry,
        u1_0.role,
        u1_0.roll_number,
        u1_0.school_id,
        u1_0.school_name,
        u1_0.standard,
        u1_0.status,
        u1_0.updated_at,
        u1_0.user_type,
        u1_0.welcome_completed,
        u1_2.department,
        u1_2.designation,
        u1_2.employee_id,
        u1_2.experience,
        u1_2.joined_at,
        u1_2.qualification 
    from
        users u1_0 
    left join
        school_admins u1_1 
            on u1_0.id=u1_1.user_id 
    left join
        teachers u1_2 
            on u1_0.id=u1_2.id 
    where
        u1_0.email=?
Hibernate: 
    select
        s1_0.id,
        s1_0.active,
        s1_0.age_group,
        s1_0.auth_provider,
        s1_0.avatar,
        s1_0.created_at,
        s1_0.daily_goal_minutes,
        s1_0.division,
        s1_0.email,
        s1_0.email_verification_token,
        s1_0.email_verified,
        s1_0.english_level,
        s1_0.expo_push_token,
        s1_0.first_name,
        s1_0.interests,
        s1_0.last_name,
        s1_0.learning_goal,
        s1_0.native_language,
        s1_0.onboarding_completed,
        s1_0.parent_name,
        s1_0.parent_phone,
        s1_0.password,
        s1_0.phone,
        s1_0.preferred_accent,
        s1_0.preferred_voice,
        s1_0.reset_otp,
        s1_0.reset_otp_expiry,
        s1_0.reset_password_token,
        s1_0.reset_password_token_expiry,
        s1_0.roll_number,
        s1_0.school_id,
        s1_0.school_name,
        s1_0.standard,
        s1_0.status,
        s1_0.updated_at,
        s1_0.welcome_completed 
    from
        students s1_0 
    where
        s1_0.school_id=?
Hibernate: 
    select
        s1_0.id,
        s1_0.ai_voice,
        s1_0.auto_play_audio,
        s1_0.created_at,
        s1_0.daily_reminder,
        s1_0.dark_mode,
        s1_0.language,
        s1_0.notifications_enabled,
        s1_0.sound_effects,
        s1_0.student_id,
        s1_0.two_factor_enabled,
        s1_0.updated_at,
        s1_0.user_id 
    from
        settings s1_0 
    where
        s1_0.student_id=?
Hibernate: 
    select
        s1_0.id,
        s1_0.active,
        s1_0.age_group,
        s1_0.auth_provider,
        s1_0.avatar,
        s1_0.created_at,
        s1_0.daily_goal_minutes,
        s1_0.division,
        s1_0.email,
        s1_0.email_verification_token,
        s1_0.email_verified,
        s1_0.english_level,
        s1_0.expo_push_token,
        s1_0.first_name,
        s1_0.interests,
        s1_0.last_name,
        s1_0.learning_goal,
        s1_0.native_language,
        s1_0.onboarding_completed,
        s1_0.parent_name,
        s1_0.parent_phone,
        s1_0.password,
        s1_0.phone,
        s1_0.preferred_accent,
        s1_0.preferred_voice,
        s1_0.reset_otp,
        s1_0.reset_otp_expiry,
        s1_0.reset_password_token,
        s1_0.reset_password_token_expiry,
        s1_0.roll_number,
        s1_0.school_id,
        s1_0.school_name,
        s1_0.standard,
        s1_0.status,
        s1_0.updated_at,
        s1_0.welcome_completed 
    from
        students s1_0 
    where
        s1_0.school_id=?
Hibernate: 
    select
        s1_0.id,
        s1_0.ai_voice,
        s1_0.auto_play_audio,
        s1_0.created_at,
        s1_0.daily_reminder,
        s1_0.dark_mode,
        s1_0.language,
        s1_0.notifications_enabled,
        s1_0.sound_effects,
        s1_0.student_id,
        s1_0.two_factor_enabled,
        s1_0.updated_at,
        s1_0.user_id 
    from
        settings s1_0 
    where
        s1_0.student_id=?
Hibernate: 
    select
        s1_0.id,
        s1_0.ai_voice,
        s1_0.auto_play_audio,
        s1_0.created_at,
        s1_0.daily_reminder,
        s1_0.dark_mode,
        s1_0.language,
        s1_0.notifications_enabled,
        s1_0.sound_effects,
        s1_0.student_id,
        s1_0.two_factor_enabled,
        s1_0.updated_at,
        s1_0.user_id 
    from
        settings s1_0 
    where
        s1_0.student_id=?
Hibernate: 
    select
        s1_0.id,
        s1_0.ai_voice,
        s1_0.auto_play_audio,
        s1_0.created_at,
        s1_0.daily_reminder,
        s1_0.dark_mode,
        s1_0.language,
        s1_0.notifications_enabled,
        s1_0.sound_effects,
        s1_0.student_id,
        s1_0.two_factor_enabled,
        s1_0.updated_at,
        s1_0.user_id 
    from
        settings s1_0 
    where
        s1_0.student_id=?
Hibernate: 
    select
        s1_0.id,
        s1_0.ai_voice,
        s1_0.auto_play_audio,
        s1_0.created_at,
        s1_0.daily_reminder,
        s1_0.dark_mode,
        s1_0.language,
        s1_0.notifications_enabled,
        s1_0.sound_effects,
        s1_0.student_id,
        s1_0.two_factor_enabled,
        s1_0.updated_at,
        s1_0.user_id 
    from
        settings s1_0 
    where
        s1_0.student_id=?
Hibernate: 
    select
        s1_0.id,
        s1_0.ai_voice,
        s1_0.auto_play_audio,
        s1_0.created_at,
        s1_0.daily_reminder,
        s1_0.dark_mode,
        s1_0.language,
        s1_0.notifications_enabled,
        s1_0.sound_effects,
        s1_0.student_id,
        s1_0.two_factor_enabled,
        s1_0.updated_at,
        s1_0.user_id 
    from
        settings s1_0 
    where
        s1_0.student_id=?
Hibernate: 
    select
        s1_0.id,
        s1_0.ai_voice,
        s1_0.auto_play_audio,
        s1_0.created_at,
        s1_0.daily_reminder,
        s1_0.dark_mode,
        s1_0.language,
        s1_0.notifications_enabled,
        s1_0.sound_effects,
        s1_0.student_id,
        s1_0.two_factor_enabled,
        s1_0.updated_at,
        s1_0.user_id 
    from
        settings s1_0 
    where
        s1_0.student_id=?
Hibernate: 
    select
        s1_0.id,
        s1_0.ai_voice,
        s1_0.auto_play_audio,
        s1_0.created_at,
        s1_0.daily_reminder,
        s1_0.dark_mode,
        s1_0.language,
        s1_0.notifications_enabled,
        s1_0.sound_effects,
        s1_0.student_id,
        s1_0.two_factor_enabled,
        s1_0.updated_at,
        s1_0.user_id 
    from
        settings s1_0 
    where
        s1_0.student_id=?
Hibernate: 
    select
        s1_0.id,
        s1_0.ai_voice,
        s1_0.auto_play_audio,
        s1_0.created_at,
        s1_0.daily_reminder,
        s1_0.dark_mode,
        s1_0.language,
        s1_0.notifications_enabled,
        s1_0.sound_effects,
        s1_0.student_id,
        s1_0.two_factor_enabled,
        s1_0.updated_at,
        s1_0.user_id 
    from
        settings s1_0 
    where
        s1_0.student_id=?
Hibernate: 
    select
        s1_0.id,
        s1_0.ai_voice,
        s1_0.auto_play_audio,
        s1_0.created_at,
        s1_0.daily_reminder,
        s1_0.dark_mode,
        s1_0.language,
        s1_0.notifications_enabled,
        s1_0.sound_effects,
        s1_0.student_id,
        s1_0.two_factor_enabled,
        s1_0.updated_at,
        s1_0.user_id 
    from
        settings s1_0 
    where
        s1_0.student_id=?
Hibernate: 
    select
        u1_0.id,
        case 
            when u1_1.user_id is not null 
                then 1 
            when u1_2.id is not null 
                then 2 
            when u1_0.id is not null 
                then 0 
        end,
        u1_0.active,
        u1_0.age_group,
        u1_0.auth_provider,
        u1_0.avatar,
        u1_0.created_at,
        u1_0.daily_goal_minutes,
        u1_0.division,
        u1_0.email,
        u1_0.email_verification_token,
        u1_0.email_verified,
        u1_0.english_level,
        u1_0.expo_push_token,
        u1_0.first_name,
        u1_0.interests,
        u1_0.last_name,
        u1_0.learning_goal,
        u1_0.native_language,
        u1_0.onboarding_completed,
        u1_0.parent_name,
        u1_0.parent_phone,
        u1_0.password,
        u1_0.phone,
        u1_0.preferred_accent,
        u1_0.preferred_voice,
        u1_0.reset_otp,
        u1_0.reset_otp_expiry,
        u1_0.reset_password_token,
        u1_0.reset_password_token_expiry,
        u1_0.role,
        u1_0.roll_number,
        u1_0.school_id,
        u1_0.school_name,
        u1_0.standard,
        u1_0.status,
        u1_0.updated_at,
        u1_0.user_type,
        u1_0.welcome_completed,
        u1_2.department,
        u1_2.designation,
        u1_2.employee_id,
        u1_2.experience,
        u1_2.joined_at,
        u1_2.qualification 
    from
        users u1_0 
    left join
        school_admins u1_1 
            on u1_0.id=u1_1.user_id 
    left join
        teachers u1_2 
            on u1_0.id=u1_2.id 
    where
        u1_0.school_id=? 
        and u1_0.role=?
Hibernate: 
    select
        s1_0.id,
        s1_0.ai_voice,
        s1_0.auto_play_audio,
        s1_0.created_at,
        s1_0.daily_reminder,
        s1_0.dark_mode,
        s1_0.language,
        s1_0.notifications_enabled,
        s1_0.sound_effects,
        s1_0.student_id,
        s1_0.two_factor_enabled,
        s1_0.updated_at,
        s1_0.user_id 
    from
        settings s1_0 
    where
        s1_0.student_id=?
Hibernate: 
    select
        s1_0.id,
        s1_0.ai_voice,
        s1_0.auto_play_audio,
        s1_0.created_at,
        s1_0.daily_reminder,
        s1_0.dark_mode,
        s1_0.language,
        s1_0.notifications_enabled,
        s1_0.sound_effects,
        s1_0.student_id,
        s1_0.two_factor_enabled,
        s1_0.updated_at,
        s1_0.user_id 
    from
        settings s1_0 
    where
        s1_0.student_id=?
Hibernate: 
    select
        cr1_0.id,
        cr1_0.academic_year,
        cr1_0.created_at,
        cr1_0.grade,
        cr1_0.name,
        cr1_0.school_id,
        cr1_0.status,
        cr1_0.teacher_id,
        cr1_0.updated_at 
    from
        class_rooms cr1_0 
    where
        cr1_0.school_id=?
Hibernate: 
    select
        r1_0.id,
        r1_0.active,
        r1_0.created_at,
        r1_0.marks_obtained,
        r1_0.status,
        r1_0.student_id,
        r1_0.submitted_at,
        r1_0.test_title,
        r1_0.total_marks,
        r1_0.updated_at 
    from
        results r1_0 
    join
        users s1_0 
            on s1_0.id=r1_0.student_id 
    where
        s1_0.school_id=? 
        and r1_0.active
Hibernate: 
    select
        s1_0.id,
        s1_0.active,
        s1_0.address,
        s1_0.contact_phone,
        s1_0.created_at,
        s1_0.name,
        s1_0.school_code,
        s1_0.school_name,
        s1_0.updated_at 
    from
        schools s1_0 
    where
        s1_0.id=?
Hibernate: 
    select
        count(lp1_0.id) 
    from
        lesson_progress lp1_0 
    join
        students s1_0 
            on s1_0.id=lp1_0.user_id 
    where
        s1_0.school_id=? 
        and lp1_0.completed=true
Hibernate: 
    select
        s1_0.id,
        s1_0.active,
        s1_0.address,
        s1_0.contact_phone,
        s1_0.created_at,
        s1_0.name,
        s1_0.school_code,
        s1_0.school_name,
        s1_0.updated_at 
    from
        schools s1_0 
    where
        s1_0.id=?
2026-08-24T18:25:33.656+05:30  INFO 15172 --- [SpeakMateAI] [0.0-9091-exec-1] c.r.s.security.RequestLoggingFilter      : [REQUEST LOG] Incoming request: GET /api/school/students
Hibernate: 
    select
        u1_0.id,
        case 
            when u1_1.user_id is not null 
                then 1 
            when u1_2.id is not null 
                then 2 
            when u1_0.id is not null 
                then 0 
        end,
        u1_0.active,
        u1_0.age_group,
        u1_0.auth_provider,
        u1_0.avatar,
        u1_0.created_at,
        u1_0.daily_goal_minutes,
        u1_0.division,
        u1_0.email,
        u1_0.email_verification_token,
        u1_0.email_verified,
        u1_0.english_level,
        u1_0.expo_push_token,
        u1_0.first_name,
        u1_0.interests,
        u1_0.last_name,
        u1_0.learning_goal,
        u1_0.native_language,
        u1_0.onboarding_completed,
        u1_0.parent_name,
        u1_0.parent_phone,
        u1_0.password,
        u1_0.phone,
        u1_0.preferred_accent,
        u1_0.preferred_voice,
        u1_0.reset_otp,
        u1_0.reset_otp_expiry,
        u1_0.reset_password_token,
        u1_0.reset_password_token_expiry,
        u1_0.role,
        u1_0.roll_number,
        u1_0.school_id,
        u1_0.school_name,
        u1_0.standard,
        u1_0.status,
        u1_0.updated_at,
        u1_0.user_type,
        u1_0.welcome_completed,
        u1_2.department,
        u1_2.designation,
        u1_2.employee_id,
        u1_2.experience,
        u1_2.joined_at,
        u1_2.qualification 
    from
        users u1_0 
    left join
        school_admins u1_1 
            on u1_0.id=u1_1.user_id 
    left join
        teachers u1_2 
            on u1_0.id=u1_2.id 
    where
        u1_0.email=?
Hibernate: 
    select
        u1_0.id,
        case 
            when u1_1.user_id is not null 
                then 1 
            when u1_2.id is not null 
                then 2 
            when u1_0.id is not null 
                then 0 
        end,
        u1_0.active,
        u1_0.age_group,
        u1_0.auth_provider,
        u1_0.avatar,
        u1_0.created_at,
        u1_0.daily_goal_minutes,
        u1_0.division,
        u1_0.email,
        u1_0.email_verification_token,
        u1_0.email_verified,
        u1_0.english_level,
        u1_0.expo_push_token,
        u1_0.first_name,
        u1_0.interests,
        u1_0.last_name,
        u1_0.learning_goal,
        u1_0.native_language,
        u1_0.onboarding_completed,
        u1_0.parent_name,
        u1_0.parent_phone,
        u1_0.password,
        u1_0.phone,
        u1_0.preferred_accent,
        u1_0.preferred_voice,
        u1_0.reset_otp,
        u1_0.reset_otp_expiry,
        u1_0.reset_password_token,
        u1_0.reset_password_token_expiry,
        u1_0.role,
        u1_0.roll_number,
        u1_0.school_id,
        u1_0.school_name,
        u1_0.standard,
        u1_0.status,
        u1_0.updated_at,
        u1_0.user_type,
        u1_0.welcome_completed,
        u1_2.department,
        u1_2.designation,
        u1_2.employee_id,
        u1_2.experience,
        u1_2.joined_at,
        u1_2.qualification 
    from
        users u1_0 
    left join
        school_admins u1_1 
            on u1_0.id=u1_1.user_id 
    left join
        teachers u1_2 
            on u1_0.id=u1_2.id 
    where
        u1_0.email=?
2026-08-24T18:25:33.983+05:30  INFO 15172 --- [SpeakMateAI] [0.0-9091-exec-3] c.r.s.security.RequestLoggingFilter      : [REQUEST LOG] Incoming request: GET /api/v1/school/dashboard
Hibernate: 
    select
        s1_0.id,
        s1_0.active,
        s1_0.age_group,
        s1_0.auth_provider,
        s1_0.avatar,
        s1_0.created_at,
        s1_0.daily_goal_minutes,
        s1_0.division,
        s1_0.email,
        s1_0.email_verification_token,
        s1_0.email_verified,
        s1_0.english_level,
        s1_0.expo_push_token,
        s1_0.first_name,
        s1_0.interests,
        s1_0.last_name,
        s1_0.learning_goal,
        s1_0.native_language,
        s1_0.onboarding_completed,
        s1_0.parent_name,
        s1_0.parent_phone,
        s1_0.password,
        s1_0.phone,
        s1_0.preferred_accent,
        s1_0.preferred_voice,
        s1_0.reset_otp,
        s1_0.reset_otp_expiry,
        s1_0.reset_password_token,
        s1_0.reset_password_token_expiry,
        s1_0.roll_number,
        s1_0.school_id,
        s1_0.school_name,
        s1_0.standard,
        s1_0.status,
        s1_0.updated_at,
        s1_0.welcome_completed 
    from
        students s1_0 
    where
        s1_0.school_id=?
Hibernate: 
    select
        s1_0.id,
        s1_0.ai_voice,
        s1_0.auto_play_audio,
        s1_0.created_at,
        s1_0.daily_reminder,
        s1_0.dark_mode,
        s1_0.language,
        s1_0.notifications_enabled,
        s1_0.sound_effects,
        s1_0.student_id,
        s1_0.two_factor_enabled,
        s1_0.updated_at,
        s1_0.user_id 
    from
        settings s1_0 
    where
        s1_0.student_id=?
Hibernate: 
    select
        s1_0.id,
        s1_0.ai_voice,
        s1_0.auto_play_audio,
        s1_0.created_at,
        s1_0.daily_reminder,
        s1_0.dark_mode,
        s1_0.language,
        s1_0.notifications_enabled,
        s1_0.sound_effects,
        s1_0.student_id,
        s1_0.two_factor_enabled,
        s1_0.updated_at,
        s1_0.user_id 
    from
        settings s1_0 
    where
        s1_0.student_id=?
Hibernate: 
    select
        s1_0.id,
        s1_0.ai_voice,
        s1_0.auto_play_audio,
        s1_0.created_at,
        s1_0.daily_reminder,
        s1_0.dark_mode,
        s1_0.language,
        s1_0.notifications_enabled,
        s1_0.sound_effects,
        s1_0.student_id,
        s1_0.two_factor_enabled,
        s1_0.updated_at,
        s1_0.user_id 
    from
        settings s1_0 
    where
        s1_0.student_id=?
Hibernate: 
    select
        u1_0.id,
        case 
            when u1_1.user_id is not null 
                then 1 
            when u1_2.id is not null 
                then 2 
            when u1_0.id is not null 
                then 0 
        end,
        u1_0.active,
        u1_0.age_group,
        u1_0.auth_provider,
        u1_0.avatar,
        u1_0.created_at,
        u1_0.daily_goal_minutes,
        u1_0.division,
        u1_0.email,
        u1_0.email_verification_token,
        u1_0.email_verified,
        u1_0.english_level,
        u1_0.expo_push_token,
        u1_0.first_name,
        u1_0.interests,
        u1_0.last_name,
        u1_0.learning_goal,
        u1_0.native_language,
        u1_0.onboarding_completed,
        u1_0.parent_name,
        u1_0.parent_phone,
        u1_0.password,
        u1_0.phone,
        u1_0.preferred_accent,
        u1_0.preferred_voice,
        u1_0.reset_otp,
        u1_0.reset_otp_expiry,
        u1_0.reset_password_token,
        u1_0.reset_password_token_expiry,
        u1_0.role,
        u1_0.roll_number,
        u1_0.school_id,
        u1_0.school_name,
        u1_0.standard,
        u1_0.status,
        u1_0.updated_at,
        u1_0.user_type,
        u1_0.welcome_completed,
        u1_2.department,
        u1_2.designation,
        u1_2.employee_id,
        u1_2.experience,
        u1_2.joined_at,
        u1_2.qualification 
    from
        users u1_0 
    left join
        school_admins u1_1 
            on u1_0.id=u1_1.user_id 
    left join
        teachers u1_2 
            on u1_0.id=u1_2.id 
    where
        u1_0.email=?
Hibernate: 
    select
        s1_0.id,
        s1_0.ai_voice,
        s1_0.auto_play_audio,
        s1_0.created_at,
        s1_0.daily_reminder,
        s1_0.dark_mode,
        s1_0.language,
        s1_0.notifications_enabled,
        s1_0.sound_effects,
        s1_0.student_id,
        s1_0.two_factor_enabled,
        s1_0.updated_at,
        s1_0.user_id 
    from
        settings s1_0 
    where
        s1_0.student_id=?
Hibernate: 
    select
        s1_0.id,
        s1_0.ai_voice,
        s1_0.auto_play_audio,
        s1_0.created_at,
        s1_0.daily_reminder,
        s1_0.dark_mode,
        s1_0.language,
        s1_0.notifications_enabled,
        s1_0.sound_effects,
        s1_0.student_id,
        s1_0.two_factor_enabled,
        s1_0.updated_at,
        s1_0.user_id 
    from
        settings s1_0 
    where
        s1_0.student_id=?
Hibernate: 
    select
        s1_0.id,
        s1_0.ai_voice,
        s1_0.auto_play_audio,
        s1_0.created_at,
        s1_0.daily_reminder,
        s1_0.dark_mode,
        s1_0.language,
        s1_0.notifications_enabled,
        s1_0.sound_effects,
        s1_0.student_id,
        s1_0.two_factor_enabled,
        s1_0.updated_at,
        s1_0.user_id 
    from
        settings s1_0 
    where
        s1_0.student_id=?
Hibernate: 
    select
        u1_0.id,
        case 
            when u1_1.user_id is not null 
                then 1 
            when u1_2.id is not null 
                then 2 
            when u1_0.id is not null 
                then 0 
        end,
        u1_0.active,
        u1_0.age_group,
        u1_0.auth_provider,
        u1_0.avatar,
        u1_0.created_at,
        u1_0.daily_goal_minutes,
        u1_0.division,
        u1_0.email,
        u1_0.email_verification_token,
        u1_0.email_verified,
        u1_0.english_level,
        u1_0.expo_push_token,
        u1_0.first_name,
        u1_0.interests,
        u1_0.last_name,
        u1_0.learning_goal,
        u1_0.native_language,
        u1_0.onboarding_completed,
        u1_0.parent_name,
        u1_0.parent_phone,
        u1_0.password,
        u1_0.phone,
        u1_0.preferred_accent,
        u1_0.preferred_voice,
        u1_0.reset_otp,
        u1_0.reset_otp_expiry,
        u1_0.reset_password_token,
        u1_0.reset_password_token_expiry,
        u1_0.role,
        u1_0.roll_number,
        u1_0.school_id,
        u1_0.school_name,
        u1_0.standard,
        u1_0.status,
        u1_0.updated_at,
        u1_0.user_type,
        u1_0.welcome_completed,
        u1_2.department,
        u1_2.designation,
        u1_2.employee_id,
        u1_2.experience,
        u1_2.joined_at,
        u1_2.qualification 
    from
        users u1_0 
    left join
        school_admins u1_1 
            on u1_0.id=u1_1.user_id 
    left join
        teachers u1_2 
            on u1_0.id=u1_2.id 
    where
        u1_0.email=?
Hibernate: 
    select
        s1_0.id,
        s1_0.active,
        s1_0.address,
        s1_0.contact_phone,
        s1_0.created_at,
        s1_0.name,
        s1_0.school_code,
        s1_0.school_name,
        s1_0.updated_at 
    from
        schools s1_0 
    where
        s1_0.id=?
Hibernate: 
    select
        s1_0.id,
        s1_0.active,
        s1_0.age_group,
        s1_0.auth_provider,
        s1_0.avatar,
        s1_0.created_at,
        s1_0.daily_goal_minutes,
        s1_0.division,
        s1_0.email,
        s1_0.email_verification_token,
        s1_0.email_verified,
        s1_0.english_level,
        s1_0.expo_push_token,
        s1_0.first_name,
        s1_0.interests,
        s1_0.last_name,
        s1_0.learning_goal,
        s1_0.native_language,
        s1_0.onboarding_completed,
        s1_0.parent_name,
        s1_0.parent_phone,
        s1_0.password,
        s1_0.phone,
        s1_0.preferred_accent,
        s1_0.preferred_voice,
        s1_0.reset_otp,
        s1_0.reset_otp_expiry,
        s1_0.reset_password_token,
        s1_0.reset_password_token_expiry,
        s1_0.roll_number,
        s1_0.school_id,
        s1_0.school_name,
        s1_0.standard,
        s1_0.status,
        s1_0.updated_at,
        s1_0.welcome_completed 
    from
        students s1_0 
    where
        s1_0.school_id=?
Hibernate: 
    select
        s1_0.id,
        s1_0.ai_voice,
        s1_0.auto_play_audio,
        s1_0.created_at,
        s1_0.daily_reminder,
        s1_0.dark_mode,
        s1_0.language,
        s1_0.notifications_enabled,
        s1_0.sound_effects,
        s1_0.student_id,
        s1_0.two_factor_enabled,
        s1_0.updated_at,
        s1_0.user_id 
    from
        settings s1_0 
    where
        s1_0.student_id=?
Hibernate: 
    select
        s1_0.id,
        s1_0.ai_voice,
        s1_0.auto_play_audio,
        s1_0.created_at,
        s1_0.daily_reminder,
        s1_0.dark_mode,
        s1_0.language,
        s1_0.notifications_enabled,
        s1_0.sound_effects,
        s1_0.student_id,
        s1_0.two_factor_enabled,
        s1_0.updated_at,
        s1_0.user_id 
    from
        settings s1_0 
    where
        s1_0.student_id=?
2026-08-24T18:25:34.786+05:30  INFO 15172 --- [SpeakMateAI] [0.0-9091-exec-4] c.r.s.security.RequestLoggingFilter      : [REQUEST LOG] Incoming request: GET /api/school/students
Hibernate: 
    select
        s1_0.id,
        s1_0.ai_voice,
        s1_0.auto_play_audio,
        s1_0.created_at,
        s1_0.daily_reminder,
        s1_0.dark_mode,
        s1_0.language,
        s1_0.notifications_enabled,
        s1_0.sound_effects,
        s1_0.student_id,
        s1_0.two_factor_enabled,
        s1_0.updated_at,
        s1_0.user_id 
    from
        settings s1_0 
    where
        s1_0.student_id=?
Hibernate: 
    select
        s1_0.id,
        s1_0.ai_voice,
        s1_0.auto_play_audio,
        s1_0.created_at,
        s1_0.daily_reminder,
        s1_0.dark_mode,
        s1_0.language,
        s1_0.notifications_enabled,
        s1_0.sound_effects,
        s1_0.student_id,
        s1_0.two_factor_enabled,
        s1_0.updated_at,
        s1_0.user_id 
    from
        settings s1_0 
    where
        s1_0.student_id=?
Hibernate: 
    select
        s1_0.id,
        s1_0.ai_voice,
        s1_0.auto_play_audio,
        s1_0.created_at,
        s1_0.daily_reminder,
        s1_0.dark_mode,
        s1_0.language,
        s1_0.notifications_enabled,
        s1_0.sound_effects,
        s1_0.student_id,
        s1_0.two_factor_enabled,
        s1_0.updated_at,
        s1_0.user_id 
    from
        settings s1_0 
    where
        s1_0.student_id=?
Hibernate: 
    select
        u1_0.id,
        case 
            when u1_1.user_id is not null 
                then 1 
            when u1_2.id is not null 
                then 2 
            when u1_0.id is not null 
                then 0 
        end,
        u1_0.active,
        u1_0.age_group,
        u1_0.auth_provider,
        u1_0.avatar,
        u1_0.created_at,
        u1_0.daily_goal_minutes,
        u1_0.division,
        u1_0.email,
        u1_0.email_verification_token,
        u1_0.email_verified,
        u1_0.english_level,
        u1_0.expo_push_token,
        u1_0.first_name,
        u1_0.interests,
        u1_0.last_name,
        u1_0.learning_goal,
        u1_0.native_language,
        u1_0.onboarding_completed,
        u1_0.parent_name,
        u1_0.parent_phone,
        u1_0.password,
        u1_0.phone,
        u1_0.preferred_accent,
        u1_0.preferred_voice,
        u1_0.reset_otp,
        u1_0.reset_otp_expiry,
        u1_0.reset_password_token,
        u1_0.reset_password_token_expiry,
        u1_0.role,
        u1_0.roll_number,
        u1_0.school_id,
        u1_0.school_name,
        u1_0.standard,
        u1_0.status,
        u1_0.updated_at,
        u1_0.user_type,
        u1_0.welcome_completed,
        u1_2.department,
        u1_2.designation,
        u1_2.employee_id,
        u1_2.experience,
        u1_2.joined_at,
        u1_2.qualification 
    from
        users u1_0 
    left join
        school_admins u1_1 
            on u1_0.id=u1_1.user_id 
    left join
        teachers u1_2 
            on u1_0.id=u1_2.id 
    where
        u1_0.email=?
Hibernate: 
    select
        s1_0.id,
        s1_0.ai_voice,
        s1_0.auto_play_audio,
        s1_0.created_at,
        s1_0.daily_reminder,
        s1_0.dark_mode,
        s1_0.language,
        s1_0.notifications_enabled,
        s1_0.sound_effects,
        s1_0.student_id,
        s1_0.two_factor_enabled,
        s1_0.updated_at,
        s1_0.user_id 
    from
        settings s1_0 
    where
        s1_0.student_id=?
Hibernate: 
    select
        u1_0.id,
        case 
            when u1_1.user_id is not null 
                then 1 
            when u1_2.id is not null 
                then 2 
            when u1_0.id is not null 
                then 0 
        end,
        u1_0.active,
        u1_0.age_group,
        u1_0.auth_provider,
        u1_0.avatar,
        u1_0.created_at,
        u1_0.daily_goal_minutes,
        u1_0.division,
        u1_0.email,
        u1_0.email_verification_token,
        u1_0.email_verified,
        u1_0.english_level,
        u1_0.expo_push_token,
        u1_0.first_name,
        u1_0.interests,
        u1_0.last_name,
        u1_0.learning_goal,
        u1_0.native_language,
        u1_0.onboarding_completed,
        u1_0.parent_name,
        u1_0.parent_phone,
        u1_0.password,
        u1_0.phone,
        u1_0.preferred_accent,
        u1_0.preferred_voice,
        u1_0.reset_otp,
        u1_0.reset_otp_expiry,
        u1_0.reset_password_token,
        u1_0.reset_password_token_expiry,
        u1_0.role,
        u1_0.roll_number,
        u1_0.school_id,
        u1_0.school_name,
        u1_0.standard,
        u1_0.status,
        u1_0.updated_at,
        u1_0.user_type,
        u1_0.welcome_completed,
        u1_2.department,
        u1_2.designation,
        u1_2.employee_id,
        u1_2.experience,
        u1_2.joined_at,
        u1_2.qualification 
    from
        users u1_0 
    left join
        school_admins u1_1 
            on u1_0.id=u1_1.user_id 
    left join
        teachers u1_2 
            on u1_0.id=u1_2.id 
    where
        u1_0.school_id=? 
        and u1_0.role=?
Hibernate: 
    select
        cr1_0.id,
        cr1_0.academic_year,
        cr1_0.created_at,
        cr1_0.grade,
        cr1_0.name,
        cr1_0.school_id,
        cr1_0.status,
        cr1_0.teacher_id,
        cr1_0.updated_at 
    from
        class_rooms cr1_0 
    where
        cr1_0.school_id=?
Hibernate: 
    select
        r1_0.id,
        r1_0.active,
        r1_0.created_at,
        r1_0.marks_obtained,
        r1_0.status,
        r1_0.student_id,
        r1_0.submitted_at,
        r1_0.test_title,
        r1_0.total_marks,
        r1_0.updated_at 
    from
        results r1_0 
    join
        users s1_0 
            on s1_0.id=r1_0.student_id 
    where
        s1_0.school_id=? 
        and r1_0.active
Hibernate: 
    select
        u1_0.id,
        case 
            when u1_1.user_id is not null 
                then 1 
            when u1_2.id is not null 
                then 2 
            when u1_0.id is not null 
                then 0 
        end,
        u1_0.active,
        u1_0.age_group,
        u1_0.auth_provider,
        u1_0.avatar,
        u1_0.created_at,
        u1_0.daily_goal_minutes,
        u1_0.division,
        u1_0.email,
        u1_0.email_verification_token,
        u1_0.email_verified,
        u1_0.english_level,
        u1_0.expo_push_token,
        u1_0.first_name,
        u1_0.interests,
        u1_0.last_name,
        u1_0.learning_goal,
        u1_0.native_language,
        u1_0.onboarding_completed,
        u1_0.parent_name,
        u1_0.parent_phone,
        u1_0.password,
        u1_0.phone,
        u1_0.preferred_accent,
        u1_0.preferred_voice,
        u1_0.reset_otp,
        u1_0.reset_otp_expiry,
        u1_0.reset_password_token,
        u1_0.reset_password_token_expiry,
        u1_0.role,
        u1_0.roll_number,
        u1_0.school_id,
        u1_0.school_name,
        u1_0.standard,
        u1_0.status,
        u1_0.updated_at,
        u1_0.user_type,
        u1_0.welcome_completed,
        u1_2.department,
        u1_2.designation,
        u1_2.employee_id,
        u1_2.experience,
        u1_2.joined_at,
        u1_2.qualification 
    from
        users u1_0 
    left join
        school_admins u1_1 
            on u1_0.id=u1_1.user_id 
    left join
        teachers u1_2 
            on u1_0.id=u1_2.id 
    where
        u1_0.email=?
Hibernate: 
    select
        count(lp1_0.id) 
    from
        lesson_progress lp1_0 
    join
        students s1_0 
            on s1_0.id=lp1_0.user_id 
    where
        s1_0.school_id=? 
        and lp1_0.completed=true
Hibernate: 
    select
        s1_0.id,
        s1_0.active,
        s1_0.address,
        s1_0.contact_phone,
        s1_0.created_at,
        s1_0.name,
        s1_0.school_code,
        s1_0.school_name,
        s1_0.updated_at 
    from
        schools s1_0 
    where
        s1_0.id=?
Hibernate: 
    select
        s1_0.id,
        s1_0.active,
        s1_0.age_group,
        s1_0.auth_provider,
        s1_0.avatar,
        s1_0.created_at,
        s1_0.daily_goal_minutes,
        s1_0.division,
        s1_0.email,
        s1_0.email_verification_token,
        s1_0.email_verified,
        s1_0.english_level,
        s1_0.expo_push_token,
        s1_0.first_name,
        s1_0.interests,
        s1_0.last_name,
        s1_0.learning_goal,
        s1_0.native_language,
        s1_0.onboarding_completed,
        s1_0.parent_name,
        s1_0.parent_phone,
        s1_0.password,
        s1_0.phone,
        s1_0.preferred_accent,
        s1_0.preferred_voice,
        s1_0.reset_otp,
        s1_0.reset_otp_expiry,
        s1_0.reset_password_token,
        s1_0.reset_password_token_expiry,
        s1_0.roll_number,
        s1_0.school_id,
        s1_0.school_name,
        s1_0.standard,
        s1_0.status,
        s1_0.updated_at,
        s1_0.welcome_completed 
    from
        students s1_0 
    where
        s1_0.school_id=?
Hibernate: 
    select
        s1_0.id,
        s1_0.ai_voice,
        s1_0.auto_play_audio,
        s1_0.created_at,
        s1_0.daily_reminder,
        s1_0.dark_mode,
        s1_0.language,
        s1_0.notifications_enabled,
        s1_0.sound_effects,
        s1_0.student_id,
        s1_0.two_factor_enabled,
        s1_0.updated_at,
        s1_0.user_id 
    from
        settings s1_0 
    where
        s1_0.student_id=?
Hibernate: 
    select
        s1_0.id,
        s1_0.ai_voice,
        s1_0.auto_play_audio,
        s1_0.created_at,
        s1_0.daily_reminder,
        s1_0.dark_mode,
        s1_0.language,
        s1_0.notifications_enabled,
        s1_0.sound_effects,
        s1_0.student_id,
        s1_0.two_factor_enabled,
        s1_0.updated_at,
        s1_0.user_id 
    from
        settings s1_0 
    where
        s1_0.student_id=?
Hibernate: 
    select
        s1_0.id,
        s1_0.ai_voice,
        s1_0.auto_play_audio,
        s1_0.created_at,
        s1_0.daily_reminder,
        s1_0.dark_mode,
        s1_0.language,
        s1_0.notifications_enabled,
        s1_0.sound_effects,
        s1_0.student_id,
        s1_0.two_factor_enabled,
        s1_0.updated_at,
        s1_0.user_id 
    from
        settings s1_0 
    where
        s1_0.student_id=?
Hibernate: 
    select
        s1_0.id,
        s1_0.ai_voice,
        s1_0.auto_play_audio,
        s1_0.created_at,
        s1_0.daily_reminder,
        s1_0.dark_mode,
        s1_0.language,
        s1_0.notifications_enabled,
        s1_0.sound_effects,
        s1_0.student_id,
        s1_0.two_factor_enabled,
        s1_0.updated_at,
        s1_0.user_id 
    from
        settings s1_0 
    where
        s1_0.student_id=?
Hibernate: 
    select
        s1_0.id,
        s1_0.ai_voice,
        s1_0.auto_play_audio,
        s1_0.created_at,
        s1_0.daily_reminder,
        s1_0.dark_mode,
        s1_0.language,
        s1_0.notifications_enabled,
        s1_0.sound_effects,
        s1_0.student_id,
        s1_0.two_factor_enabled,
        s1_0.updated_at,
        s1_0.user_id 
    from
        settings s1_0 
    where
        s1_0.student_id=?
Hibernate: 
    select
        s1_0.id,
        s1_0.ai_voice,
        s1_0.auto_play_audio,
        s1_0.created_at,
        s1_0.daily_reminder,
        s1_0.dark_mode,
        s1_0.language,
        s1_0.notifications_enabled,
        s1_0.sound_effects,
        s1_0.student_id,
        s1_0.two_factor_enabled,
        s1_0.updated_at,
        s1_0.user_id 
    from
        settings s1_0 
    where
        s1_0.student_id=?
Hibernate: 
    select
        s1_0.id,
        s1_0.active,
        s1_0.address,
        s1_0.contact_phone,
        s1_0.created_at,
        s1_0.name,
        s1_0.school_code,
        s1_0.school_name,
        s1_0.updated_at 
    from
        schools s1_0 
    where
        s1_0.id=?
2026-08-24T18:25:36.375+05:30  INFO 15172 --- [SpeakMateAI] [0.0-9091-exec-6] c.r.s.security.RequestLoggingFilter      : [REQUEST LOG] Incoming request: GET /api/school/students
Hibernate: 
    select
        u1_0.id,
        case 
            when u1_1.user_id is not null 
                then 1 
            when u1_2.id is not null 
                then 2 
            when u1_0.id is not null 
                then 0 
        end,
        u1_0.active,
        u1_0.age_group,
        u1_0.auth_provider,
        u1_0.avatar,
        u1_0.created_at,
        u1_0.daily_goal_minutes,
        u1_0.division,
        u1_0.email,
        u1_0.email_verification_token,
        u1_0.email_verified,
        u1_0.english_level,
        u1_0.expo_push_token,
        u1_0.first_name,
        u1_0.interests,
        u1_0.last_name,
        u1_0.learning_goal,
        u1_0.native_language,
        u1_0.onboarding_completed,
        u1_0.parent_name,
        u1_0.parent_phone,
        u1_0.password,
        u1_0.phone,
        u1_0.preferred_accent,
        u1_0.preferred_voice,
        u1_0.reset_otp,
        u1_0.reset_otp_expiry,
        u1_0.reset_password_token,
        u1_0.reset_password_token_expiry,
        u1_0.role,
        u1_0.roll_number,
        u1_0.school_id,
        u1_0.school_name,
        u1_0.standard,
        u1_0.status,
        u1_0.updated_at,
        u1_0.user_type,
        u1_0.welcome_completed,
        u1_2.department,
        u1_2.designation,
        u1_2.employee_id,
        u1_2.experience,
        u1_2.joined_at,
        u1_2.qualification 
    from
        users u1_0 
    left join
        school_admins u1_1 
            on u1_0.id=u1_1.user_id 
    left join
        teachers u1_2 
            on u1_0.id=u1_2.id 
    where
        u1_0.email=?
Hibernate: 
    select
        u1_0.id,
        case 
            when u1_1.user_id is not null 
                then 1 
            when u1_2.id is not null 
                then 2 
            when u1_0.id is not null 
                then 0 
        end,
        u1_0.active,
        u1_0.age_group,
        u1_0.auth_provider,
        u1_0.avatar,
        u1_0.created_at,
        u1_0.daily_goal_minutes,
        u1_0.division,
        u1_0.email,
        u1_0.email_verification_token,
        u1_0.email_verified,
        u1_0.english_level,
        u1_0.expo_push_token,
        u1_0.first_name,
        u1_0.interests,
        u1_0.last_name,
        u1_0.learning_goal,
        u1_0.native_language,
        u1_0.onboarding_completed,
        u1_0.parent_name,
        u1_0.parent_phone,
        u1_0.password,
        u1_0.phone,
        u1_0.preferred_accent,
        u1_0.preferred_voice,
        u1_0.reset_otp,
        u1_0.reset_otp_expiry,
        u1_0.reset_password_token,
        u1_0.reset_password_token_expiry,
        u1_0.role,
        u1_0.roll_number,
        u1_0.school_id,
        u1_0.school_name,
        u1_0.standard,
        u1_0.status,
        u1_0.updated_at,
        u1_0.user_type,
        u1_0.welcome_completed,
        u1_2.department,
        u1_2.designation,
        u1_2.employee_id,
        u1_2.experience,
        u1_2.joined_at,
        u1_2.qualification 
    from
        users u1_0 
    left join
        school_admins u1_1 
            on u1_0.id=u1_1.user_id 
    left join
        teachers u1_2 
            on u1_0.id=u1_2.id 
    where
        u1_0.email=?
Hibernate: 
    select
        s1_0.id,
        s1_0.active,
        s1_0.age_group,
        s1_0.auth_provider,
        s1_0.avatar,
        s1_0.created_at,
        s1_0.daily_goal_minutes,
        s1_0.division,
        s1_0.email,
        s1_0.email_verification_token,
        s1_0.email_verified,
        s1_0.english_level,
        s1_0.expo_push_token,
        s1_0.first_name,
        s1_0.interests,
        s1_0.last_name,
        s1_0.learning_goal,
        s1_0.native_language,
        s1_0.onboarding_completed,
        s1_0.parent_name,
        s1_0.parent_phone,
        s1_0.password,
        s1_0.phone,
        s1_0.preferred_accent,
        s1_0.preferred_voice,
        s1_0.reset_otp,
        s1_0.reset_otp_expiry,
        s1_0.reset_password_token,
        s1_0.reset_password_token_expiry,
        s1_0.roll_number,
        s1_0.school_id,
        s1_0.school_name,
        s1_0.standard,
        s1_0.status,
        s1_0.updated_at,
        s1_0.welcome_completed 
    from
        students s1_0 
    where
        s1_0.school_id=?
Hibernate: 
    select
        s1_0.id,
        s1_0.ai_voice,
        s1_0.auto_play_audio,
        s1_0.created_at,
        s1_0.daily_reminder,
        s1_0.dark_mode,
        s1_0.language,
        s1_0.notifications_enabled,
        s1_0.sound_effects,
        s1_0.student_id,
        s1_0.two_factor_enabled,
        s1_0.updated_at,
        s1_0.user_id 
    from
        settings s1_0 
    where
        s1_0.student_id=?
Hibernate: 
    select
        s1_0.id,
        s1_0.ai_voice,
        s1_0.auto_play_audio,
        s1_0.created_at,
        s1_0.daily_reminder,
        s1_0.dark_mode,
        s1_0.language,
        s1_0.notifications_enabled,
        s1_0.sound_effects,
        s1_0.student_id,
        s1_0.two_factor_enabled,
        s1_0.updated_at,
        s1_0.user_id 
    from
        settings s1_0 
    where
        s1_0.student_id=?
Hibernate: 
    select
        s1_0.id,
        s1_0.ai_voice,
        s1_0.auto_play_audio,
        s1_0.created_at,
        s1_0.daily_reminder,
        s1_0.dark_mode,
        s1_0.language,
        s1_0.notifications_enabled,
        s1_0.sound_effects,
        s1_0.student_id,
        s1_0.two_factor_enabled,
        s1_0.updated_at,
        s1_0.user_id 
    from
        settings s1_0 
    where
        s1_0.student_id=?
Hibernate: 
    select
        s1_0.id,
        s1_0.ai_voice,
        s1_0.auto_play_audio,
        s1_0.created_at,
        s1_0.daily_reminder,
        s1_0.dark_mode,
        s1_0.language,
        s1_0.notifications_enabled,
        s1_0.sound_effects,
        s1_0.student_id,
        s1_0.two_factor_enabled,
        s1_0.updated_at,
        s1_0.user_id 
    from
        settings s1_0 
    where
        s1_0.student_id=?
Hibernate: 
    select
        s1_0.id,
        s1_0.ai_voice,
        s1_0.auto_play_audio,
        s1_0.created_at,
        s1_0.daily_reminder,
        s1_0.dark_mode,
        s1_0.language,
        s1_0.notifications_enabled,
        s1_0.sound_effects,
        s1_0.student_id,
        s1_0.two_factor_enabled,
        s1_0.updated_at,
        s1_0.user_id 
    from
        settings s1_0 
    where
        s1_0.student_id=?
Hibernate: 
    select
        s1_0.id,
        s1_0.ai_voice,
        s1_0.auto_play_audio,
        s1_0.created_at,
        s1_0.daily_reminder,
        s1_0.dark_mode,
        s1_0.language,
        s1_0.notifications_enabled,
        s1_0.sound_effects,
        s1_0.student_id,
        s1_0.two_factor_enabled,
        s1_0.updated_at,
        s1_0.user_id 
    from
        settings s1_0 
    where
        s1_0.student_id=?
Hibernate: 
    select
        s1_0.id,
        s1_0.active,
        s1_0.address,
        s1_0.contact_phone,
        s1_0.created_at,
        s1_0.name,
        s1_0.school_code,
        s1_0.school_name,
        s1_0.updated_at 
    from
        schools s1_0 
    where
        s1_0.id=?
2026-08-24T18:27:04.849+05:30  INFO 15172 --- [SpeakMateAI] [0.0-9091-exec-7] c.r.s.security.RequestLoggingFilter      : [REQUEST LOG] Incoming request: POST /api/auth/school-admin/login
Hibernate: 
    select
        sa1_0.user_id,
        sa1_1.active,
        sa1_1.age_group,
        sa1_1.auth_provider,
        sa1_1.avatar,
        sa1_1.created_at,
        sa1_1.daily_goal_minutes,
        sa1_1.division,
        sa1_1.email,
        sa1_1.email_verification_token,
        sa1_1.email_verified,
        sa1_1.english_level,
        sa1_1.expo_push_token,
        sa1_1.first_name,
        sa1_1.interests,
        sa1_1.last_name,
        sa1_1.learning_goal,
        sa1_1.native_language,
        sa1_1.onboarding_completed,
        sa1_1.parent_name,
        sa1_1.parent_phone,
        sa1_1.password,
        sa1_1.phone,
        sa1_1.preferred_accent,
        sa1_1.preferred_voice,
        sa1_1.reset_otp,
        sa1_1.reset_otp_expiry,
        sa1_1.reset_password_token,
        sa1_1.reset_password_token_expiry,
        sa1_1.role,
        sa1_1.roll_number,
        sa1_1.school_id,
        sa1_1.school_name,
        sa1_1.standard,
        sa1_1.status,
        sa1_1.updated_at,
        sa1_1.user_type,
        sa1_1.welcome_completed 
    from
        school_admins sa1_0 
    join
        users sa1_1 
            on sa1_0.user_id=sa1_1.id 
    where
        sa1_1.email=?
2026-08-24T18:27:05.514+05:30  INFO 15172 --- [SpeakMateAI] [0.0-9091-exec-8] c.r.s.security.RequestLoggingFilter      : [REQUEST LOG] Incoming request: POST /api/school/students
Hibernate: 
    select
        u1_0.id,
        case 
            when u1_1.user_id is not null 
                then 1 
            when u1_2.id is not null 
                then 2 
            when u1_0.id is not null 
                then 0 
        end,
        u1_0.active,
        u1_0.age_group,
        u1_0.auth_provider,
        u1_0.avatar,
        u1_0.created_at,
        u1_0.daily_goal_minutes,
        u1_0.division,
        u1_0.email,
        u1_0.email_verification_token,
        u1_0.email_verified,
        u1_0.english_level,
        u1_0.expo_push_token,
        u1_0.first_name,
        u1_0.interests,
        u1_0.last_name,
        u1_0.learning_goal,
        u1_0.native_language,
        u1_0.onboarding_completed,
        u1_0.parent_name,
        u1_0.parent_phone,
        u1_0.password,
        u1_0.phone,
        u1_0.preferred_accent,
        u1_0.preferred_voice,
        u1_0.reset_otp,
        u1_0.reset_otp_expiry,
        u1_0.reset_password_token,
        u1_0.reset_password_token_expiry,
        u1_0.role,
        u1_0.roll_number,
        u1_0.school_id,
        u1_0.school_name,
        u1_0.standard,
        u1_0.status,
        u1_0.updated_at,
        u1_0.user_type,
        u1_0.welcome_completed,
        u1_2.department,
        u1_2.designation,
        u1_2.employee_id,
        u1_2.experience,
        u1_2.joined_at,
        u1_2.qualification 
    from
        users u1_0 
    left join
        school_admins u1_1 
            on u1_0.id=u1_1.user_id 
    left join
        teachers u1_2 
            on u1_0.id=u1_2.id 
    where
        u1_0.email=?
Hibernate: 
    select
        u1_0.id,
        case 
            when u1_1.user_id is not null 
                then 1 
            when u1_2.id is not null 
                then 2 
            when u1_0.id is not null 
                then 0 
        end,
        u1_0.active,
        u1_0.age_group,
        u1_0.auth_provider,
        u1_0.avatar,
        u1_0.created_at,
        u1_0.daily_goal_minutes,
        u1_0.division,
        u1_0.email,
        u1_0.email_verification_token,
        u1_0.email_verified,
        u1_0.english_level,
        u1_0.expo_push_token,
        u1_0.first_name,
        u1_0.interests,
        u1_0.last_name,
        u1_0.learning_goal,
        u1_0.native_language,
        u1_0.onboarding_completed,
        u1_0.parent_name,
        u1_0.parent_phone,
        u1_0.password,
        u1_0.phone,
        u1_0.preferred_accent,
        u1_0.preferred_voice,
        u1_0.reset_otp,
        u1_0.reset_otp_expiry,
        u1_0.reset_password_token,
        u1_0.reset_password_token_expiry,
        u1_0.role,
        u1_0.roll_number,
        u1_0.school_id,
        u1_0.school_name,
        u1_0.standard,
        u1_0.status,
        u1_0.updated_at,
        u1_0.user_type,
        u1_0.welcome_completed,
        u1_2.department,
        u1_2.designation,
        u1_2.employee_id,
        u1_2.experience,
        u1_2.joined_at,
        u1_2.qualification 
    from
        users u1_0 
    left join
        school_admins u1_1 
            on u1_0.id=u1_1.user_id 
    left join
        teachers u1_2 
            on u1_0.id=u1_2.id 
    where
        u1_0.email=?
Hibernate: 
    select
        s1_0.id,
        s1_0.active,
        s1_0.address,
        s1_0.contact_phone,
        s1_0.created_at,
        s1_0.name,
        s1_0.school_code,
        s1_0.school_name,
        s1_0.updated_at 
    from
        schools s1_0 
    where
        s1_0.id=?
Hibernate: 
    select
        u1_0.id 
    from
        users u1_0 
    where
        u1_0.email=? 
    fetch
        first ? rows only
Hibernate: 
    insert 
    into
        students
        (active, age_group, auth_provider, avatar, created_at, daily_goal_minutes, division, email, email_verification_token, email_verified, english_level, expo_push_token, first_name, interests, last_name, learning_goal, native_language, onboarding_completed, parent_name, parent_phone, password, phone, preferred_accent, preferred_voice, reset_otp, reset_otp_expiry, reset_password_token, reset_password_token_expiry, roll_number, school_id, school_name, standard, status, updated_at, welcome_completed) 
    values
        (?, ?, ?, ?, ?, ?, ?, ?, ?, ?, ?, ?, ?, ?, ?, ?, ?, ?, ?, ?, ?, ?, ?, ?, ?, ?, ?, ?, ?, ?, ?, ?, ?, ?, ?) 
    returning id
2026-08-24T18:27:50.903+05:30  INFO 15172 --- [SpeakMateAI] [0.0-9091-exec-3] c.r.s.security.RequestLoggingFilter      : [REQUEST LOG] Incoming request: POST /api/auth/school-admin/login
Hibernate: 
    select
        sa1_0.user_id,
        sa1_1.active,
        sa1_1.age_group,
        sa1_1.auth_provider,
        sa1_1.avatar,
        sa1_1.created_at,
        sa1_1.daily_goal_minutes,
        sa1_1.division,
        sa1_1.email,
        sa1_1.email_verification_token,
        sa1_1.email_verified,
        sa1_1.english_level,
        sa1_1.expo_push_token,
        sa1_1.first_name,
        sa1_1.interests,
        sa1_1.last_name,
        sa1_1.learning_goal,
        sa1_1.native_language,
        sa1_1.onboarding_completed,
        sa1_1.parent_name,
        sa1_1.parent_phone,
        sa1_1.password,
        sa1_1.phone,
        sa1_1.preferred_accent,
        sa1_1.preferred_voice,
        sa1_1.reset_otp,
        sa1_1.reset_otp_expiry,
        sa1_1.reset_password_token,
        sa1_1.reset_password_token_expiry,
        sa1_1.role,
        sa1_1.roll_number,
        sa1_1.school_id,
        sa1_1.school_name,
        sa1_1.standard,
        sa1_1.status,
        sa1_1.updated_at,
        sa1_1.user_type,
        sa1_1.welcome_completed 
    from
        school_admins sa1_0 
    join
        users sa1_1 
            on sa1_0.user_id=sa1_1.id 
    where
        sa1_1.email=?
2026-08-24T18:27:51.683+05:30  INFO 15172 --- [SpeakMateAI] [0.0-9091-exec-4] c.r.s.security.RequestLoggingFilter      : [REQUEST LOG] Incoming request: POST /api/school/students
Hibernate: 
    select
        u1_0.id,
        case 
            when u1_1.user_id is not null 
                then 1 
            when u1_2.id is not null 
                then 2 
            when u1_0.id is not null 
                then 0 
        end,
        u1_0.active,
        u1_0.age_group,
        u1_0.auth_provider,
        u1_0.avatar,
        u1_0.created_at,
        u1_0.daily_goal_minutes,
        u1_0.division,
        u1_0.email,
        u1_0.email_verification_token,
        u1_0.email_verified,
        u1_0.english_level,
        u1_0.expo_push_token,
        u1_0.first_name,
        u1_0.interests,
        u1_0.last_name,
        u1_0.learning_goal,
        u1_0.native_language,
        u1_0.onboarding_completed,
        u1_0.parent_name,
        u1_0.parent_phone,
        u1_0.password,
        u1_0.phone,
        u1_0.preferred_accent,
        u1_0.preferred_voice,
        u1_0.reset_otp,
        u1_0.reset_otp_expiry,
        u1_0.reset_password_token,
        u1_0.reset_password_token_expiry,
        u1_0.role,
        u1_0.roll_number,
        u1_0.school_id,
        u1_0.school_name,
        u1_0.standard,
        u1_0.status,
        u1_0.updated_at,
        u1_0.user_type,
        u1_0.welcome_completed,
        u1_2.department,
        u1_2.designation,
        u1_2.employee_id,
        u1_2.experience,
        u1_2.joined_at,
        u1_2.qualification 
    from
        users u1_0 
    left join
        school_admins u1_1 
            on u1_0.id=u1_1.user_id 
    left join
        teachers u1_2 
            on u1_0.id=u1_2.id 
    where
        u1_0.email=?
Hibernate: 
    select
        u1_0.id,
        case 
            when u1_1.user_id is not null 
                then 1 
            when u1_2.id is not null 
                then 2 
            when u1_0.id is not null 
                then 0 
        end,
        u1_0.active,
        u1_0.age_group,
        u1_0.auth_provider,
        u1_0.avatar,
        u1_0.created_at,
        u1_0.daily_goal_minutes,
        u1_0.division,
        u1_0.email,
        u1_0.email_verification_token,
        u1_0.email_verified,
        u1_0.english_level,
        u1_0.expo_push_token,
        u1_0.first_name,
        u1_0.interests,
        u1_0.last_name,
        u1_0.learning_goal,
        u1_0.native_language,
        u1_0.onboarding_completed,
        u1_0.parent_name,
        u1_0.parent_phone,
        u1_0.password,
        u1_0.phone,
        u1_0.preferred_accent,
        u1_0.preferred_voice,
        u1_0.reset_otp,
        u1_0.reset_otp_expiry,
        u1_0.reset_password_token,
        u1_0.reset_password_token_expiry,
        u1_0.role,
        u1_0.roll_number,
        u1_0.school_id,
        u1_0.school_name,
        u1_0.standard,
        u1_0.status,
        u1_0.updated_at,
        u1_0.user_type,
        u1_0.welcome_completed,
        u1_2.department,
        u1_2.designation,
        u1_2.employee_id,
        u1_2.experience,
        u1_2.joined_at,
        u1_2.qualification 
    from
        users u1_0 
    left join
        school_admins u1_1 
            on u1_0.id=u1_1.user_id 
    left join
        teachers u1_2 
            on u1_0.id=u1_2.id 
    where
        u1_0.email=?
Hibernate: 
    select
        s1_0.id,
        s1_0.active,
        s1_0.address,
        s1_0.contact_phone,
        s1_0.created_at,
        s1_0.name,
        s1_0.school_code,
        s1_0.school_name,
        s1_0.updated_at 
    from
        schools s1_0 
    where
        s1_0.id=?
Hibernate: 
    select
        u1_0.id 
    from
        users u1_0 
    where
        u1_0.email=? 
    fetch
        first ? rows only
Hibernate: 
    insert 
    into
        students
        (active, age_group, auth_provider, avatar, created_at, daily_goal_minutes, division, email, email_verification_token, email_verified, english_level, expo_push_token, first_name, interests, last_name, learning_goal, native_language, onboarding_completed, parent_name, parent_phone, password, phone, preferred_accent, preferred_voice, reset_otp, reset_otp_expiry, reset_password_token, reset_password_token_expiry, roll_number, school_id, school_name, standard, status, updated_at, welcome_completed) 
    values
        (?, ?, ?, ?, ?, ?, ?, ?, ?, ?, ?, ?, ?, ?, ?, ?, ?, ?, ?, ?, ?, ?, ?, ?, ?, ?, ?, ?, ?, ?, ?, ?, ?, ?, ?) 
    returning id
2026-08-24T18:28:56.932+05:30  INFO 15172 --- [SpeakMateAI] [0.0-9091-exec-5] c.r.s.security.RequestLoggingFilter      : [REQUEST LOG] Incoming request: POST /api/auth/school-admin/login
Hibernate: 
    select
        sa1_0.user_id,
        sa1_1.active,
        sa1_1.age_group,
        sa1_1.auth_provider,
        sa1_1.avatar,
        sa1_1.created_at,
        sa1_1.daily_goal_minutes,
        sa1_1.division,
        sa1_1.email,
        sa1_1.email_verification_token,
        sa1_1.email_verified,
        sa1_1.english_level,
        sa1_1.expo_push_token,
        sa1_1.first_name,
        sa1_1.interests,
        sa1_1.last_name,
        sa1_1.learning_goal,
        sa1_1.native_language,
        sa1_1.onboarding_completed,
        sa1_1.parent_name,
        sa1_1.parent_phone,
        sa1_1.password,
        sa1_1.phone,
        sa1_1.preferred_accent,
        sa1_1.preferred_voice,
        sa1_1.reset_otp,
        sa1_1.reset_otp_expiry,
        sa1_1.reset_password_token,
        sa1_1.reset_password_token_expiry,
        sa1_1.role,
        sa1_1.roll_number,
        sa1_1.school_id,
        sa1_1.school_name,
        sa1_1.standard,
        sa1_1.status,
        sa1_1.updated_at,
        sa1_1.user_type,
        sa1_1.welcome_completed 
    from
        school_admins sa1_0 
    join
        users sa1_1 
            on sa1_0.user_id=sa1_1.id 
    where
        sa1_1.email=?
2026-08-24T18:28:57.788+05:30  INFO 15172 --- [SpeakMateAI] [.0-9091-exec-10] c.r.s.security.RequestLoggingFilter      : [REQUEST LOG] Incoming request: PUT /api/school/students/109
Hibernate: 
    select
        u1_0.id,
        case 
            when u1_1.user_id is not null 
                then 1 
            when u1_2.id is not null 
                then 2 
            when u1_0.id is not null 
                then 0 
        end,
        u1_0.active,
        u1_0.age_group,
        u1_0.auth_provider,
        u1_0.avatar,
        u1_0.created_at,
        u1_0.daily_goal_minutes,
        u1_0.division,
        u1_0.email,
        u1_0.email_verification_token,
        u1_0.email_verified,
        u1_0.english_level,
        u1_0.expo_push_token,
        u1_0.first_name,
        u1_0.interests,
        u1_0.last_name,
        u1_0.learning_goal,
        u1_0.native_language,
        u1_0.onboarding_completed,
        u1_0.parent_name,
        u1_0.parent_phone,
        u1_0.password,
        u1_0.phone,
        u1_0.preferred_accent,
        u1_0.preferred_voice,
        u1_0.reset_otp,
        u1_0.reset_otp_expiry,
        u1_0.reset_password_token,
        u1_0.reset_password_token_expiry,
        u1_0.role,
        u1_0.roll_number,
        u1_0.school_id,
        u1_0.school_name,
        u1_0.standard,
        u1_0.status,
        u1_0.updated_at,
        u1_0.user_type,
        u1_0.welcome_completed,
        u1_2.department,
        u1_2.designation,
        u1_2.employee_id,
        u1_2.experience,
        u1_2.joined_at,
        u1_2.qualification 
    from
        users u1_0 
    left join
        school_admins u1_1 
            on u1_0.id=u1_1.user_id 
    left join
        teachers u1_2 
            on u1_0.id=u1_2.id 
    where
        u1_0.email=?
Hibernate: 
    select
        u1_0.id,
        case 
            when u1_1.user_id is not null 
                then 1 
            when u1_2.id is not null 
                then 2 
            when u1_0.id is not null 
                then 0 
        end,
        u1_0.active,
        u1_0.age_group,
        u1_0.auth_provider,
        u1_0.avatar,
        u1_0.created_at,
        u1_0.daily_goal_minutes,
        u1_0.division,
        u1_0.email,
        u1_0.email_verification_token,
        u1_0.email_verified,
        u1_0.english_level,
        u1_0.expo_push_token,
        u1_0.first_name,
        u1_0.interests,
        u1_0.last_name,
        u1_0.learning_goal,
        u1_0.native_language,
        u1_0.onboarding_completed,
        u1_0.parent_name,
        u1_0.parent_phone,
        u1_0.password,
        u1_0.phone,
        u1_0.preferred_accent,
        u1_0.preferred_voice,
        u1_0.reset_otp,
        u1_0.reset_otp_expiry,
        u1_0.reset_password_token,
        u1_0.reset_password_token_expiry,
        u1_0.role,
        u1_0.roll_number,
        u1_0.school_id,
        u1_0.school_name,
        u1_0.standard,
        u1_0.status,
        u1_0.updated_at,
        u1_0.user_type,
        u1_0.welcome_completed,
        u1_2.department,
        u1_2.designation,
        u1_2.employee_id,
        u1_2.experience,
        u1_2.joined_at,
        u1_2.qualification 
    from
        users u1_0 
    left join
        school_admins u1_1 
            on u1_0.id=u1_1.user_id 
    left join
        teachers u1_2 
            on u1_0.id=u1_2.id 
    where
        u1_0.email=?
Hibernate: 
    select
        s1_0.id,
        s1_0.active,
        s1_0.address,
        s1_0.contact_phone,
        s1_0.created_at,
        s1_0.name,
        s1_0.school_code,
        s1_0.school_name,
        s1_0.updated_at 
    from
        schools s1_0 
    where
        s1_0.id=?
Hibernate: 
    select
        s1_0.id,
        s1_0.active,
        s1_0.age_group,
        s1_0.auth_provider,
        s1_0.avatar,
        s1_0.created_at,
        s1_0.daily_goal_minutes,
        s1_0.division,
        s1_0.email,
        s1_0.email_verification_token,
        s1_0.email_verified,
        s1_0.english_level,
        s1_0.expo_push_token,
        s1_0.first_name,
        s1_0.interests,
        s1_0.last_name,
        s1_0.learning_goal,
        s1_0.native_language,
        s1_0.onboarding_completed,
        s1_0.parent_name,
        s1_0.parent_phone,
        s1_0.password,
        s1_0.phone,
        s1_0.preferred_accent,
        s1_0.preferred_voice,
        s1_0.reset_otp,
        s1_0.reset_otp_expiry,
        s1_0.reset_password_token,
        s1_0.reset_password_token_expiry,
        s1_0.roll_number,
        s1_0.school_id,
        s1_0.school_name,
        s1_0.standard,
        s1_0.status,
        s1_0.updated_at,
        s1_0.welcome_completed 
    from
        students s1_0 
    where
        s1_0.id=? 
        and s1_0.school_id=?
Hibernate: 
    select
        s1_0.id,
        s1_0.ai_voice,
        s1_0.auto_play_audio,
        s1_0.created_at,
        s1_0.daily_reminder,
        s1_0.dark_mode,
        s1_0.language,
        s1_0.notifications_enabled,
        s1_0.sound_effects,
        s1_0.student_id,
        s1_0.two_factor_enabled,
        s1_0.updated_at,
        s1_0.user_id 
    from
        settings s1_0 
    where
        s1_0.student_id=?
Hibernate: 
    select
        u1_0.id 
    from
        users u1_0 
    where
        u1_0.email=? 
    fetch
        first ? rows only
Hibernate: 
    update
        students 
    set
        active=?,
        age_group=?,
        auth_provider=?,
        avatar=?,
        daily_goal_minutes=?,
        division=?,
        email=?,
        email_verification_token=?,
        email_verified=?,
        english_level=?,
        expo_push_token=?,
        first_name=?,
        interests=?,
        last_name=?,
        learning_goal=?,
        native_language=?,
        onboarding_completed=?,
        parent_name=?,
        parent_phone=?,
        password=?,
        phone=?,
        preferred_accent=?,
        preferred_voice=?,
        reset_otp=?,
        reset_otp_expiry=?,
        reset_password_token=?,
        reset_password_token_expiry=?,
        roll_number=?,
        school_id=?,
        school_name=?,
        standard=?,
        status=?,
        updated_at=?,
        welcome_completed=? 
    where
        id=?
2026-08-24T18:29:50.543+05:30  INFO 15172 --- [SpeakMateAI] [0.0-9091-exec-2] c.r.s.security.RequestLoggingFilter      : [REQUEST LOG] Incoming request: POST /api/auth/school-admin/login
Hibernate: 
    select
        sa1_0.user_id,
        sa1_1.active,
        sa1_1.age_group,
        sa1_1.auth_provider,
        sa1_1.avatar,
        sa1_1.created_at,
        sa1_1.daily_goal_minutes,
        sa1_1.division,
        sa1_1.email,
        sa1_1.email_verification_token,
        sa1_1.email_verified,
        sa1_1.english_level,
        sa1_1.expo_push_token,
        sa1_1.first_name,
        sa1_1.interests,
        sa1_1.last_name,
        sa1_1.learning_goal,
        sa1_1.native_language,
        sa1_1.onboarding_completed,
        sa1_1.parent_name,
        sa1_1.parent_phone,
        sa1_1.password,
        sa1_1.phone,
        sa1_1.preferred_accent,
        sa1_1.preferred_voice,
        sa1_1.reset_otp,
        sa1_1.reset_otp_expiry,
        sa1_1.reset_password_token,
        sa1_1.reset_password_token_expiry,
        sa1_1.role,
        sa1_1.roll_number,
        sa1_1.school_id,
        sa1_1.school_name,
        sa1_1.standard,
        sa1_1.status,
        sa1_1.updated_at,
        sa1_1.user_type,
        sa1_1.welcome_completed 
    from
        school_admins sa1_0 
    join
        users sa1_1 
            on sa1_0.user_id=sa1_1.id 
    where
        sa1_1.email=?
2026-08-24T18:29:51.156+05:30  INFO 15172 --- [SpeakMateAI] [0.0-9091-exec-7] c.r.s.security.RequestLoggingFilter      : [REQUEST LOG] Incoming request: GET /api/school/students/109
Hibernate: 
    select
        u1_0.id,
        case 
            when u1_1.user_id is not null 
                then 1 
            when u1_2.id is not null 
                then 2 
            when u1_0.id is not null 
                then 0 
        end,
        u1_0.active,
        u1_0.age_group,
        u1_0.auth_provider,
        u1_0.avatar,
        u1_0.created_at,
        u1_0.daily_goal_minutes,
        u1_0.division,
        u1_0.email,
        u1_0.email_verification_token,
        u1_0.email_verified,
        u1_0.english_level,
        u1_0.expo_push_token,
        u1_0.first_name,
        u1_0.interests,
        u1_0.last_name,
        u1_0.learning_goal,
        u1_0.native_language,
        u1_0.onboarding_completed,
        u1_0.parent_name,
        u1_0.parent_phone,
        u1_0.password,
        u1_0.phone,
        u1_0.preferred_accent,
        u1_0.preferred_voice,
        u1_0.reset_otp,
        u1_0.reset_otp_expiry,
        u1_0.reset_password_token,
        u1_0.reset_password_token_expiry,
        u1_0.role,
        u1_0.roll_number,
        u1_0.school_id,
        u1_0.school_name,
        u1_0.standard,
        u1_0.status,
        u1_0.updated_at,
        u1_0.user_type,
        u1_0.welcome_completed,
        u1_2.department,
        u1_2.designation,
        u1_2.employee_id,
        u1_2.experience,
        u1_2.joined_at,
        u1_2.qualification 
    from
        users u1_0 
    left join
        school_admins u1_1 
            on u1_0.id=u1_1.user_id 
    left join
        teachers u1_2 
            on u1_0.id=u1_2.id 
    where
        u1_0.email=?
Hibernate: 
    select
        u1_0.id,
        case 
            when u1_1.user_id is not null 
                then 1 
            when u1_2.id is not null 
                then 2 
            when u1_0.id is not null 
                then 0 
        end,
        u1_0.active,
        u1_0.age_group,
        u1_0.auth_provider,
        u1_0.avatar,
        u1_0.created_at,
        u1_0.daily_goal_minutes,
        u1_0.division,
        u1_0.email,
        u1_0.email_verification_token,
        u1_0.email_verified,
        u1_0.english_level,
        u1_0.expo_push_token,
        u1_0.first_name,
        u1_0.interests,
        u1_0.last_name,
        u1_0.learning_goal,
        u1_0.native_language,
        u1_0.onboarding_completed,
        u1_0.parent_name,
        u1_0.parent_phone,
        u1_0.password,
        u1_0.phone,
        u1_0.preferred_accent,
        u1_0.preferred_voice,
        u1_0.reset_otp,
        u1_0.reset_otp_expiry,
        u1_0.reset_password_token,
        u1_0.reset_password_token_expiry,
        u1_0.role,
        u1_0.roll_number,
        u1_0.school_id,
        u1_0.school_name,
        u1_0.standard,
        u1_0.status,
        u1_0.updated_at,
        u1_0.user_type,
        u1_0.welcome_completed,
        u1_2.department,
        u1_2.designation,
        u1_2.employee_id,
        u1_2.experience,
        u1_2.joined_at,
        u1_2.qualification 
    from
        users u1_0 
    left join
        school_admins u1_1 
            on u1_0.id=u1_1.user_id 
    left join
        teachers u1_2 
            on u1_0.id=u1_2.id 
    where
        u1_0.email=?
Hibernate: 
    select
        s1_0.id,
        s1_0.active,
        s1_0.age_group,
        s1_0.auth_provider,
        s1_0.avatar,
        s1_0.created_at,
        s1_0.daily_goal_minutes,
        s1_0.division,
        s1_0.email,
        s1_0.email_verification_token,
        s1_0.email_verified,
        s1_0.english_level,
        s1_0.expo_push_token,
        s1_0.first_name,
        s1_0.interests,
        s1_0.last_name,
        s1_0.learning_goal,
        s1_0.native_language,
        s1_0.onboarding_completed,
        s1_0.parent_name,
        s1_0.parent_phone,
        s1_0.password,
        s1_0.phone,
        s1_0.preferred_accent,
        s1_0.preferred_voice,
        s1_0.reset_otp,
        s1_0.reset_otp_expiry,
        s1_0.reset_password_token,
        s1_0.reset_password_token_expiry,
        s1_0.roll_number,
        s1_0.school_id,
        s1_0.school_name,
        s1_0.standard,
        s1_0.status,
        s1_0.updated_at,
        s1_0.welcome_completed 
    from
        students s1_0 
    where
        s1_0.id=? 
        and s1_0.school_id=?
Hibernate: 
    select
        s1_0.id,
        s1_0.ai_voice,
        s1_0.auto_play_audio,
        s1_0.created_at,
        s1_0.daily_reminder,
        s1_0.dark_mode,
        s1_0.language,
        s1_0.notifications_enabled,
        s1_0.sound_effects,
        s1_0.student_id,
        s1_0.two_factor_enabled,
        s1_0.updated_at,
        s1_0.user_id 
    from
        settings s1_0 
    where
        s1_0.student_id=?
Hibernate: 
    select
        s1_0.id,
        s1_0.active,
        s1_0.address,
        s1_0.contact_phone,
        s1_0.created_at,
        s1_0.name,
        s1_0.school_code,
        s1_0.school_name,
        s1_0.updated_at 
    from
        schools s1_0 
    where
        s1_0.id=?
2026-08-24T18:29:52.221+05:30  INFO 15172 --- [SpeakMateAI] [0.0-9091-exec-8] c.r.s.security.RequestLoggingFilter      : [REQUEST LOG] Incoming request: DELETE /api/school/students/109
Hibernate: 
    select
        u1_0.id,
        case 
            when u1_1.user_id is not null 
                then 1 
            when u1_2.id is not null 
                then 2 
            when u1_0.id is not null 
                then 0 
        end,
        u1_0.active,
        u1_0.age_group,
        u1_0.auth_provider,
        u1_0.avatar,
        u1_0.created_at,
        u1_0.daily_goal_minutes,
        u1_0.division,
        u1_0.email,
        u1_0.email_verification_token,
        u1_0.email_verified,
        u1_0.english_level,
        u1_0.expo_push_token,
        u1_0.first_name,
        u1_0.interests,
        u1_0.last_name,
        u1_0.learning_goal,
        u1_0.native_language,
        u1_0.onboarding_completed,
        u1_0.parent_name,
        u1_0.parent_phone,
        u1_0.password,
        u1_0.phone,
        u1_0.preferred_accent,
        u1_0.preferred_voice,
        u1_0.reset_otp,
        u1_0.reset_otp_expiry,
        u1_0.reset_password_token,
        u1_0.reset_password_token_expiry,
        u1_0.role,
        u1_0.roll_number,
        u1_0.school_id,
        u1_0.school_name,
        u1_0.standard,
        u1_0.status,
        u1_0.updated_at,
        u1_0.user_type,
        u1_0.welcome_completed,
        u1_2.department,
        u1_2.designation,
        u1_2.employee_id,
        u1_2.experience,
        u1_2.joined_at,
        u1_2.qualification 
    from
        users u1_0 
    left join
        school_admins u1_1 
            on u1_0.id=u1_1.user_id 
    left join
        teachers u1_2 
            on u1_0.id=u1_2.id 
    where
        u1_0.email=?
Hibernate: 
    select
        u1_0.id,
        case 
            when u1_1.user_id is not null 
                then 1 
            when u1_2.id is not null 
                then 2 
            when u1_0.id is not null 
                then 0 
        end,
        u1_0.active,
        u1_0.age_group,
        u1_0.auth_provider,
        u1_0.avatar,
        u1_0.created_at,
        u1_0.daily_goal_minutes,
        u1_0.division,
        u1_0.email,
        u1_0.email_verification_token,
        u1_0.email_verified,
        u1_0.english_level,
        u1_0.expo_push_token,
        u1_0.first_name,
        u1_0.interests,
        u1_0.last_name,
        u1_0.learning_goal,
        u1_0.native_language,
        u1_0.onboarding_completed,
        u1_0.parent_name,
        u1_0.parent_phone,
        u1_0.password,
        u1_0.phone,
        u1_0.preferred_accent,
        u1_0.preferred_voice,
        u1_0.reset_otp,
        u1_0.reset_otp_expiry,
        u1_0.reset_password_token,
        u1_0.reset_password_token_expiry,
        u1_0.role,
        u1_0.roll_number,
        u1_0.school_id,
        u1_0.school_name,
        u1_0.standard,
        u1_0.status,
        u1_0.updated_at,
        u1_0.user_type,
        u1_0.welcome_completed,
        u1_2.department,
        u1_2.designation,
        u1_2.employee_id,
        u1_2.experience,
        u1_2.joined_at,
        u1_2.qualification 
    from
        users u1_0 
    left join
        school_admins u1_1 
            on u1_0.id=u1_1.user_id 
    left join
        teachers u1_2 
            on u1_0.id=u1_2.id 
    where
        u1_0.email=?
Hibernate: 
    select
        s1_0.id,
        s1_0.active,
        s1_0.age_group,
        s1_0.auth_provider,
        s1_0.avatar,
        s1_0.created_at,
        s1_0.daily_goal_minutes,
        s1_0.division,
        s1_0.email,
        s1_0.email_verification_token,
        s1_0.email_verified,
        s1_0.english_level,
        s1_0.expo_push_token,
        s1_0.first_name,
        s1_0.interests,
        s1_0.last_name,
        s1_0.learning_goal,
        s1_0.native_language,
        s1_0.onboarding_completed,
        s1_0.parent_name,
        s1_0.parent_phone,
        s1_0.password,
        s1_0.phone,
        s1_0.preferred_accent,
        s1_0.preferred_voice,
        s1_0.reset_otp,
        s1_0.reset_otp_expiry,
        s1_0.reset_password_token,
        s1_0.reset_password_token_expiry,
        s1_0.roll_number,
        s1_0.school_id,
        s1_0.school_name,
        s1_0.standard,
        s1_0.status,
        s1_0.updated_at,
        s1_0.welcome_completed 
    from
        students s1_0 
    where
        s1_0.id=? 
        and s1_0.school_id=?
Hibernate: 
    select
        s1_0.id,
        s1_0.ai_voice,
        s1_0.auto_play_audio,
        s1_0.created_at,
        s1_0.daily_reminder,
        s1_0.dark_mode,
        s1_0.language,
        s1_0.notifications_enabled,
        s1_0.sound_effects,
        s1_0.student_id,
        s1_0.two_factor_enabled,
        s1_0.updated_at,
        s1_0.user_id 
    from
        settings s1_0 
    where
        s1_0.student_id=?
Hibernate: 
    select
        a1_0.student_id,
        a1_0.id,
        a1_0.created_at,
        a1_0.description,
        a1_0.tier,
        a1_0.title,
        a1_0.unlocked,
        a1_0.unlocked_at,
        a1_0.xp_reward 
    from
        achievement a1_0 
    where
        a1_0.student_id=?
Hibernate: 
    select
        cb1_0.user_id,
        cb1_0.id,
        cb1_0.created_at,
        cb1_0.message_id 
    from
        chat_bookmarks cb1_0 
    where
        cb1_0.user_id=?
Hibernate: 
    select
        cs1_0.user_id,
        cs1_0.id,
        cs1_0.created_at,
        cs1_0.mode,
        cs1_0.title,
        cs1_0.updated_at 
    from
        chat_sessions cs1_0 
    where
        cs1_0.user_id=?
Hibernate: 
    select
        gh1_0.user_id,
        gh1_0.id,
        gh1_0.corrected_text,
        gh1_0.created_at,
        gh1_0.explanation,
        gh1_0.grammar_score,
        gh1_0.mistakes_count,
        gh1_0.original_text 
    from
        grammar_history gh1_0 
    where
        gh1_0.user_id=?
Hibernate: 
    select
        lp1_0.user_id,
        lp1_0.id,
        lp1_0.completed,
        lp1_0.completed_at,
        lp1_0.created_at,
        lp1_0.last_opened_at,
        lp1_0.last_section_index,
        lp1_0.lesson_id,
        lp1_0.progress_percent,
        lp1_0.time_spent_minutes,
        lp1_0.updated_at,
        lp1_0.xp_earned 
    from
        lesson_progress lp1_0 
    where
        lp1_0.user_id=?
Hibernate: 
    select
        n1_0.user_id,
        n1_0.id,
        n1_0.created_at,
        n1_0.is_read,
        n1_0.message,
        n1_0.title 
    from
        notification n1_0 
    where
        n1_0.user_id=?
Hibernate: 
    select
        ol1_0.user_id,
        ol1_0.id,
        ol1_0.age_group,
        ol1_0.created_at,
        ol1_0.daily_goal_minutes,
        ol1_0.english_level,
        ol1_0.interests,
        ol1_0.learning_goal,
        ol1_0.native_language,
        ol1_0.onboarding_completed,
        ol1_0.preferred_learning_time,
        ol1_0.updated_at 
    from
        onboarding ol1_0 
    where
        ol1_0.user_id=?
Hibernate: 
    select
        pl1_0.user_id,
        pl1_0.id,
        pl1_0.created_at,
        pl1_0.current_streak,
        pl1_0.level,
        pl1_0.longest_streak,
        pl1_0.total_grammar_checks,
        pl1_0.total_practice_minutes,
        pl1_0.total_speaking_sessions,
        pl1_0.total_vocabulary_words,
        pl1_0.updated_at,
        pl1_0.xp 
    from
        progress pl1_0 
    where
        pl1_0.user_id=?
2026-08-24T18:29:54.233+05:30  WARN 15172 --- [SpeakMateAI] [0.0-9091-exec-8] o.h.engine.jdbc.spi.SqlExceptionHelper   : SQL Error: 0, SQLState: 42703
2026-08-24T18:29:54.234+05:30 ERROR 15172 --- [SpeakMateAI] [0.0-9091-exec-8] o.h.engine.jdbc.spi.SqlExceptionHelper   : ERROR: column pl1_0.user_id does not exist
  Position: 8
2026-08-24T18:29:54.746+05:30 ERROR 15172 --- [SpeakMateAI] [0.0-9091-exec-8] c.r.s.exception.GlobalExceptionHandler   : [EXCEPTION LOG] Handled by handleException: JDBC exception executing SQL [select pl1_0.user_id,pl1_0.id,pl1_0.created_at,pl1_0.current_streak,pl1_0.level,pl1_0.longest_streak,pl1_0.total_grammar_checks,pl1_0.total_practice_minutes,pl1_0.total_speaking_sessions,pl1_0.total_vocabulary_words,pl1_0.updated_at,pl1_0.xp from progress pl1_0 where pl1_0.user_id=?] [ERROR: column pl1_0.user_id does not exist
  Position: 8] [n/a]; SQL [n/a]

org.springframework.dao.InvalidDataAccessResourceUsageException: JDBC exception executing SQL [select pl1_0.user_id,pl1_0.id,pl1_0.created_at,pl1_0.current_streak,pl1_0.level,pl1_0.longest_streak,pl1_0.total_grammar_checks,pl1_0.total_practice_minutes,pl1_0.total_speaking_sessions,pl1_0.total_vocabulary_words,pl1_0.updated_at,pl1_0.xp from progress pl1_0 where pl1_0.user_id=?] [ERROR: column pl1_0.user_id does not exist
  Position: 8] [n/a]; SQL [n/a]
	at org.springframework.orm.jpa.vendor.HibernateJpaDialect.convertHibernateAccessException(HibernateJpaDialect.java:277) ~[spring-orm-6.1.14.jar!/:6.1.14]
	at org.springframework.orm.jpa.vendor.HibernateJpaDialect.translateExceptionIfPossible(HibernateJpaDialect.java:241) ~[spring-orm-6.1.14.jar!/:6.1.14]
	at org.springframework.orm.jpa.AbstractEntityManagerFactoryBean.translateExceptionIfPossible(AbstractEntityManagerFactoryBean.java:550) ~[spring-orm-6.1.14.jar!/:6.1.14]
	at org.springframework.dao.support.ChainedPersistenceExceptionTranslator.translateExceptionIfPossible(ChainedPersistenceExceptionTranslator.java:61) ~[spring-tx-6.1.14.jar!/:6.1.14]
	at org.springframework.dao.support.DataAccessUtils.translateIfNecessary(DataAccessUtils.java:335) ~[spring-tx-6.1.14.jar!/:6.1.14]
	at org.springframework.dao.support.PersistenceExceptionTranslationInterceptor.invoke(PersistenceExceptionTranslationInterceptor.java:160) ~[spring-tx-6.1.14.jar!/:6.1.14]
	at org.springframework.aop.framework.ReflectiveMethodInvocation.proceed(ReflectiveMethodInvocation.java:184) ~[spring-aop-6.1.14.jar!/:6.1.14]
	at org.springframework.data.jpa.repository.support.CrudMethodMetadataPostProcessor$CrudMethodMetadataPopulatingMethodInterceptor.invoke(CrudMethodMetadataPostProcessor.java:165) ~[spring-data-jpa-3.3.5.jar!/:3.3.5]
	at org.springframework.aop.framework.ReflectiveMethodInvocation.proceed(ReflectiveMethodInvocation.java:184) ~[spring-aop-6.1.14.jar!/:6.1.14]
	at org.springframework.aop.interceptor.ExposeInvocationInterceptor.invoke(ExposeInvocationInterceptor.java:97) ~[spring-aop-6.1.14.jar!/:6.1.14]
	at org.springframework.aop.framework.ReflectiveMethodInvocation.proceed(ReflectiveMethodInvocation.java:184) ~[spring-aop-6.1.14.jar!/:6.1.14]
	at org.springframework.aop.framework.JdkDynamicAopProxy.invoke(JdkDynamicAopProxy.java:223) ~[spring-aop-6.1.14.jar!/:6.1.14]
	at jdk.proxy2/jdk.proxy2.$Proxy153.delete(Unknown Source) ~[na:na]
	at com.rslsolution.speakmateai.service.impl.StudentServiceImpl.deleteStudent(StudentServiceImpl.java:209) ~[!/:0.0.1-SNAPSHOT]
	at com.rslsolution.speakmateai.controller.StudentController.deleteStudent(StudentController.java:51) ~[!/:0.0.1-SNAPSHOT]
	at java.base/jdk.internal.reflect.DirectMethodHandleAccessor.invoke(DirectMethodHandleAccessor.java:103) ~[na:na]
	at java.base/java.lang.reflect.Method.invoke(Method.java:580) ~[na:na]
	at org.springframework.aop.support.AopUtils.invokeJoinpointUsingReflection(AopUtils.java:355) ~[spring-aop-6.1.14.jar!/:6.1.14]
	at org.springframework.aop.framework.ReflectiveMethodInvocation.invokeJoinpoint(ReflectiveMethodInvocation.java:196) ~[spring-aop-6.1.14.jar!/:6.1.14]
	at org.springframework.aop.framework.ReflectiveMethodInvocation.proceed(ReflectiveMethodInvocation.java:163) ~[spring-aop-6.1.14.jar!/:6.1.14]
	at org.springframework.aop.framework.CglibAopProxy$CglibMethodInvocation.proceed(CglibAopProxy.java:768) ~[spring-aop-6.1.14.jar!/:6.1.14]
	at org.springframework.security.authorization.method.AuthorizationManagerBeforeMethodInterceptor.proceed(AuthorizationManagerBeforeMethodInterceptor.java:269) ~[spring-security-core-6.3.4.jar!/:6.3.4]
	at org.springframework.security.authorization.method.AuthorizationManagerBeforeMethodInterceptor.attemptAuthorization(AuthorizationManagerBeforeMethodInterceptor.java:264) ~[spring-security-core-6.3.4.jar!/:6.3.4]
	at org.springframework.security.authorization.method.AuthorizationManagerBeforeMethodInterceptor.invoke(AuthorizationManagerBeforeMethodInterceptor.java:197) ~[spring-security-core-6.3.4.jar!/:6.3.4]
	at org.springframework.security.config.annotation.method.configuration.DeferringMethodInterceptor.invoke(DeferringMethodInterceptor.java:44) ~[spring-security-config-6.3.4.jar!/:6.3.4]
	at org.springframework.aop.framework.ReflectiveMethodInvocation.proceed(ReflectiveMethodInvocation.java:184) ~[spring-aop-6.1.14.jar!/:6.1.14]
	at org.springframework.aop.framework.CglibAopProxy$CglibMethodInvocation.proceed(CglibAopProxy.java:768) ~[spring-aop-6.1.14.jar!/:6.1.14]
	at org.springframework.aop.framework.CglibAopProxy$DynamicAdvisedInterceptor.intercept(CglibAopProxy.java:720) ~[spring-aop-6.1.14.jar!/:6.1.14]
	at com.rslsolution.speakmateai.controller.StudentController$$SpringCGLIB$$0.deleteStudent(<generated>) ~[!/:0.0.1-SNAPSHOT]
	at java.base/jdk.internal.reflect.DirectMethodHandleAccessor.invoke(DirectMethodHandleAccessor.java:103) ~[na:na]
	at java.base/java.lang.reflect.Method.invoke(Method.java:580) ~[na:na]
	at org.springframework.web.method.support.InvocableHandlerMethod.doInvoke(InvocableHandlerMethod.java:255) ~[spring-web-6.1.14.jar!/:6.1.14]
	at org.springframework.web.method.support.InvocableHandlerMethod.invokeForRequest(InvocableHandlerMethod.java:188) ~[spring-web-6.1.14.jar!/:6.1.14]
	at org.springframework.web.servlet.mvc.method.annotation.ServletInvocableHandlerMethod.invokeAndHandle(ServletInvocableHandlerMethod.java:118) ~[spring-webmvc-6.1.14.jar!/:6.1.14]
	at org.springframework.web.servlet.mvc.method.annotation.RequestMappingHandlerAdapter.invokeHandlerMethod(RequestMappingHandlerAdapter.java:926) ~[spring-webmvc-6.1.14.jar!/:6.1.14]
	at org.springframework.web.servlet.mvc.method.annotation.RequestMappingHandlerAdapter.handleInternal(RequestMappingHandlerAdapter.java:831) ~[spring-webmvc-6.1.14.jar!/:6.1.14]
	at org.springframework.web.servlet.mvc.method.AbstractHandlerMethodAdapter.handle(AbstractHandlerMethodAdapter.java:87) ~[spring-webmvc-6.1.14.jar!/:6.1.14]
	at org.springframework.web.servlet.DispatcherServlet.doDispatch(DispatcherServlet.java:1089) ~[spring-webmvc-6.1.14.jar!/:6.1.14]
	at org.springframework.web.servlet.DispatcherServlet.doService(DispatcherServlet.java:979) ~[spring-webmvc-6.1.14.jar!/:6.1.14]
	at org.springframework.web.servlet.FrameworkServlet.processRequest(FrameworkServlet.java:1014) ~[spring-webmvc-6.1.14.jar!/:6.1.14]
	at org.springframework.web.servlet.FrameworkServlet.doDelete(FrameworkServlet.java:936) ~[spring-webmvc-6.1.14.jar!/:6.1.14]
	at jakarta.servlet.http.HttpServlet.service(HttpServlet.java:596) ~[tomcat-embed-core-10.1.31.jar!/:na]
	at org.springframework.web.servlet.FrameworkServlet.service(FrameworkServlet.java:885) ~[spring-webmvc-6.1.14.jar!/:6.1.14]
	at jakarta.servlet.http.HttpServlet.service(HttpServlet.java:658) ~[tomcat-embed-core-10.1.31.jar!/:na]
	at org.apache.catalina.core.ApplicationFilterChain.internalDoFilter(ApplicationFilterChain.java:195) ~[tomcat-embed-core-10.1.31.jar!/:na]
	at org.apache.catalina.core.ApplicationFilterChain.doFilter(ApplicationFilterChain.java:140) ~[tomcat-embed-core-10.1.31.jar!/:na]
	at org.apache.tomcat.websocket.server.WsFilter.doFilter(WsFilter.java:51) ~[tomcat-embed-websocket-10.1.31.jar!/:na]
	at org.apache.catalina.core.ApplicationFilterChain.internalDoFilter(ApplicationFilterChain.java:164) ~[tomcat-embed-core-10.1.31.jar!/:na]
	at org.apache.catalina.core.ApplicationFilterChain.doFilter(ApplicationFilterChain.java:140) ~[tomcat-embed-core-10.1.31.jar!/:na]
	at org.springframework.web.filter.OncePerRequestFilter.doFilter(OncePerRequestFilter.java:110) ~[spring-web-6.1.14.jar!/:6.1.14]
	at org.apache.catalina.core.ApplicationFilterChain.internalDoFilter(ApplicationFilterChain.java:164) ~[tomcat-embed-core-10.1.31.jar!/:na]
	at org.apache.catalina.core.ApplicationFilterChain.doFilter(ApplicationFilterChain.java:140) ~[tomcat-embed-core-10.1.31.jar!/:na]
	at org.springframework.web.filter.OncePerRequestFilter.doFilter(OncePerRequestFilter.java:110) ~[spring-web-6.1.14.jar!/:6.1.14]
	at org.apache.catalina.core.ApplicationFilterChain.internalDoFilter(ApplicationFilterChain.java:164) ~[tomcat-embed-core-10.1.31.jar!/:na]
	at org.apache.catalina.core.ApplicationFilterChain.doFilter(ApplicationFilterChain.java:140) ~[tomcat-embed-core-10.1.31.jar!/:na]
	at org.springframework.web.filter.OncePerRequestFilter.doFilter(OncePerRequestFilter.java:101) ~[spring-web-6.1.14.jar!/:6.1.14]
	at org.apache.catalina.core.ApplicationFilterChain.internalDoFilter(ApplicationFilterChain.java:164) ~[tomcat-embed-core-10.1.31.jar!/:na]
	at org.apache.catalina.core.ApplicationFilterChain.doFilter(ApplicationFilterChain.java:140) ~[tomcat-embed-core-10.1.31.jar!/:na]
	at org.springframework.web.filter.CompositeFilter$VirtualFilterChain.doFilter(CompositeFilter.java:108) ~[spring-web-6.1.14.jar!/:6.1.14]
	at org.springframework.security.web.FilterChainProxy.lambda$doFilterInternal$3(FilterChainProxy.java:231) ~[spring-security-web-6.3.4.jar!/:6.3.4]
	at org.springframework.security.web.FilterChainProxy$VirtualFilterChain.doFilter(FilterChainProxy.java:365) ~[spring-security-web-6.3.4.jar!/:6.3.4]
	at org.springframework.security.web.access.intercept.AuthorizationFilter.doFilter(AuthorizationFilter.java:100) ~[spring-security-web-6.3.4.jar!/:6.3.4]
	at org.springframework.security.web.FilterChainProxy$VirtualFilterChain.doFilter(FilterChainProxy.java:374) ~[spring-security-web-6.3.4.jar!/:6.3.4]
	at org.springframework.security.web.access.ExceptionTranslationFilter.doFilter(ExceptionTranslationFilter.java:126) ~[spring-security-web-6.3.4.jar!/:6.3.4]
	at org.springframework.security.web.access.ExceptionTranslationFilter.doFilter(ExceptionTranslationFilter.java:120) ~[spring-security-web-6.3.4.jar!/:6.3.4]
	at org.springframework.security.web.FilterChainProxy$VirtualFilterChain.doFilter(FilterChainProxy.java:374) ~[spring-security-web-6.3.4.jar!/:6.3.4]
	at org.springframework.security.web.session.SessionManagementFilter.doFilter(SessionManagementFilter.java:131) ~[spring-security-web-6.3.4.jar!/:6.3.4]
	at org.springframework.security.web.session.SessionManagementFilter.doFilter(SessionManagementFilter.java:85) ~[spring-security-web-6.3.4.jar!/:6.3.4]
	at org.springframework.security.web.FilterChainProxy$VirtualFilterChain.doFilter(FilterChainProxy.java:374) ~[spring-security-web-6.3.4.jar!/:6.3.4]
	at org.springframework.security.web.authentication.AnonymousAuthenticationFilter.doFilter(AnonymousAuthenticationFilter.java:100) ~[spring-security-web-6.3.4.jar!/:6.3.4]
	at org.springframework.security.web.FilterChainProxy$VirtualFilterChain.doFilter(FilterChainProxy.java:374) ~[spring-security-web-6.3.4.jar!/:6.3.4]
	at org.springframework.security.web.servletapi.SecurityContextHolderAwareRequestFilter.doFilter(SecurityContextHolderAwareRequestFilter.java:179) ~[spring-security-web-6.3.4.jar!/:6.3.4]
	at org.springframework.security.web.FilterChainProxy$VirtualFilterChain.doFilter(FilterChainProxy.java:374) ~[spring-security-web-6.3.4.jar!/:6.3.4]
	at org.springframework.security.web.savedrequest.RequestCacheAwareFilter.doFilter(RequestCacheAwareFilter.java:63) ~[spring-security-web-6.3.4.jar!/:6.3.4]
	at org.springframework.security.web.FilterChainProxy$VirtualFilterChain.doFilter(FilterChainProxy.java:374) ~[spring-security-web-6.3.4.jar!/:6.3.4]
	at org.springframework.security.web.authentication.www.BasicAuthenticationFilter.doFilterInternal(BasicAuthenticationFilter.java:181) ~[spring-security-web-6.3.4.jar!/:6.3.4]
	at org.springframework.web.filter.OncePerRequestFilter.doFilter(OncePerRequestFilter.java:116) ~[spring-web-6.1.14.jar!/:6.1.14]
	at org.springframework.security.web.FilterChainProxy$VirtualFilterChain.doFilter(FilterChainProxy.java:374) ~[spring-security-web-6.3.4.jar!/:6.3.4]
	at org.springframework.web.filter.OncePerRequestFilter.doFilter(OncePerRequestFilter.java:101) ~[spring-web-6.1.14.jar!/:6.1.14]
	at org.springframework.security.web.FilterChainProxy$VirtualFilterChain.doFilter(FilterChainProxy.java:374) ~[spring-security-web-6.3.4.jar!/:6.3.4]
	at com.rslsolution.speakmateai.security.JwtAuthenticationFilter.doFilterInternal(JwtAuthenticationFilter.java:75) ~[!/:0.0.1-SNAPSHOT]
	at org.springframework.web.filter.OncePerRequestFilter.doFilter(OncePerRequestFilter.java:116) ~[spring-web-6.1.14.jar!/:6.1.14]
	at org.springframework.security.web.FilterChainProxy$VirtualFilterChain.doFilter(FilterChainProxy.java:374) ~[spring-security-web-6.3.4.jar!/:6.3.4]
	at com.rslsolution.speakmateai.security.RequestLoggingFilter.doFilterInternal(RequestLoggingFilter.java:29) ~[!/:0.0.1-SNAPSHOT]
	at org.springframework.web.filter.OncePerRequestFilter.doFilter(OncePerRequestFilter.java:116) ~[spring-web-6.1.14.jar!/:6.1.14]
	at org.springframework.security.web.FilterChainProxy$VirtualFilterChain.doFilter(FilterChainProxy.java:374) ~[spring-security-web-6.3.4.jar!/:6.3.4]
	at org.springframework.security.web.authentication.logout.LogoutFilter.doFilter(LogoutFilter.java:107) ~[spring-security-web-6.3.4.jar!/:6.3.4]
	at org.springframework.security.web.authentication.logout.LogoutFilter.doFilter(LogoutFilter.java:93) ~[spring-security-web-6.3.4.jar!/:6.3.4]
	at org.springframework.security.web.FilterChainProxy$VirtualFilterChain.doFilter(FilterChainProxy.java:374) ~[spring-security-web-6.3.4.jar!/:6.3.4]
	at org.springframework.web.filter.CorsFilter.doFilterInternal(CorsFilter.java:91) ~[spring-web-6.1.14.jar!/:6.1.14]
	at org.springframework.web.filter.OncePerRequestFilter.doFilter(OncePerRequestFilter.java:116) ~[spring-web-6.1.14.jar!/:6.1.14]
	at org.springframework.security.web.FilterChainProxy$VirtualFilterChain.doFilter(FilterChainProxy.java:374) ~[spring-security-web-6.3.4.jar!/:6.3.4]
	at org.springframework.security.web.header.HeaderWriterFilter.doHeadersAfter(HeaderWriterFilter.java:90) ~[spring-security-web-6.3.4.jar!/:6.3.4]
	at org.springframework.security.web.header.HeaderWriterFilter.doFilterInternal(HeaderWriterFilter.java:75) ~[spring-security-web-6.3.4.jar!/:6.3.4]
	at org.springframework.web.filter.OncePerRequestFilter.doFilter(OncePerRequestFilter.java:116) ~[spring-web-6.1.14.jar!/:6.1.14]
	at org.springframework.security.web.FilterChainProxy$VirtualFilterChain.doFilter(FilterChainProxy.java:374) ~[spring-security-web-6.3.4.jar!/:6.3.4]
	at org.springframework.security.web.context.SecurityContextHolderFilter.doFilter(SecurityContextHolderFilter.java:82) ~[spring-security-web-6.3.4.jar!/:6.3.4]
	at org.springframework.security.web.context.SecurityContextHolderFilter.doFilter(SecurityContextHolderFilter.java:69) ~[spring-security-web-6.3.4.jar!/:6.3.4]
	at org.springframework.security.web.FilterChainProxy$VirtualFilterChain.doFilter(FilterChainProxy.java:374) ~[spring-security-web-6.3.4.jar!/:6.3.4]
	at org.springframework.security.web.context.request.async.WebAsyncManagerIntegrationFilter.doFilterInternal(WebAsyncManagerIntegrationFilter.java:62) ~[spring-security-web-6.3.4.jar!/:6.3.4]
	at org.springframework.web.filter.OncePerRequestFilter.doFilter(OncePerRequestFilter.java:116) ~[spring-web-6.1.14.jar!/:6.1.14]
	at org.springframework.security.web.FilterChainProxy$VirtualFilterChain.doFilter(FilterChainProxy.java:374) ~[spring-security-web-6.3.4.jar!/:6.3.4]
	at org.springframework.security.web.session.DisableEncodeUrlFilter.doFilterInternal(DisableEncodeUrlFilter.java:42) ~[spring-security-web-6.3.4.jar!/:6.3.4]
	at org.springframework.web.filter.OncePerRequestFilter.doFilter(OncePerRequestFilter.java:116) ~[spring-web-6.1.14.jar!/:6.1.14]
	at org.springframework.security.web.FilterChainProxy$VirtualFilterChain.doFilter(FilterChainProxy.java:374) ~[spring-security-web-6.3.4.jar!/:6.3.4]
	at org.springframework.security.web.FilterChainProxy.doFilterInternal(FilterChainProxy.java:233) ~[spring-security-web-6.3.4.jar!/:6.3.4]
	at org.springframework.security.web.FilterChainProxy.doFilter(FilterChainProxy.java:191) ~[spring-security-web-6.3.4.jar!/:6.3.4]
	at org.springframework.web.filter.CompositeFilter$VirtualFilterChain.doFilter(CompositeFilter.java:113) ~[spring-web-6.1.14.jar!/:6.1.14]
	at org.springframework.web.servlet.handler.HandlerMappingIntrospector.lambda$createCacheFilter$3(HandlerMappingIntrospector.java:195) ~[spring-webmvc-6.1.14.jar!/:6.1.14]
	at org.springframework.web.filter.CompositeFilter$VirtualFilterChain.doFilter(CompositeFilter.java:113) ~[spring-web-6.1.14.jar!/:6.1.14]
	at org.springframework.web.filter.CompositeFilter.doFilter(CompositeFilter.java:74) ~[spring-web-6.1.14.jar!/:6.1.14]
	at org.springframework.security.config.annotation.web.configuration.WebMvcSecurityConfiguration$CompositeFilterChainProxy.doFilter(WebMvcSecurityConfiguration.java:230) ~[spring-security-config-6.3.4.jar!/:6.3.4]
	at org.springframework.web.filter.DelegatingFilterProxy.invokeDelegate(DelegatingFilterProxy.java:362) ~[spring-web-6.1.14.jar!/:6.1.14]
	at org.springframework.web.filter.DelegatingFilterProxy.doFilter(DelegatingFilterProxy.java:278) ~[spring-web-6.1.14.jar!/:6.1.14]
	at org.apache.catalina.core.ApplicationFilterChain.internalDoFilter(ApplicationFilterChain.java:164) ~[tomcat-embed-core-10.1.31.jar!/:na]
	at org.apache.catalina.core.ApplicationFilterChain.doFilter(ApplicationFilterChain.java:140) ~[tomcat-embed-core-10.1.31.jar!/:na]
	at org.springframework.web.filter.RequestContextFilter.doFilterInternal(RequestContextFilter.java:100) ~[spring-web-6.1.14.jar!/:6.1.14]
	at org.springframework.web.filter.OncePerRequestFilter.doFilter(OncePerRequestFilter.java:116) ~[spring-web-6.1.14.jar!/:6.1.14]
	at org.apache.catalina.core.ApplicationFilterChain.internalDoFilter(ApplicationFilterChain.java:164) ~[tomcat-embed-core-10.1.31.jar!/:na]
	at org.apache.catalina.core.ApplicationFilterChain.doFilter(ApplicationFilterChain.java:140) ~[tomcat-embed-core-10.1.31.jar!/:na]
	at org.springframework.web.filter.FormContentFilter.doFilterInternal(FormContentFilter.java:93) ~[spring-web-6.1.14.jar!/:6.1.14]
	at org.springframework.web.filter.OncePerRequestFilter.doFilter(OncePerRequestFilter.java:116) ~[spring-web-6.1.14.jar!/:6.1.14]
	at org.apache.catalina.core.ApplicationFilterChain.internalDoFilter(ApplicationFilterChain.java:164) ~[tomcat-embed-core-10.1.31.jar!/:na]
	at org.apache.catalina.core.ApplicationFilterChain.doFilter(ApplicationFilterChain.java:140) ~[tomcat-embed-core-10.1.31.jar!/:na]
	at org.springframework.web.filter.CharacterEncodingFilter.doFilterInternal(CharacterEncodingFilter.java:201) ~[spring-web-6.1.14.jar!/:6.1.14]
	at org.springframework.web.filter.OncePerRequestFilter.doFilter(OncePerRequestFilter.java:116) ~[spring-web-6.1.14.jar!/:6.1.14]
	at org.apache.catalina.core.ApplicationFilterChain.internalDoFilter(ApplicationFilterChain.java:164) ~[tomcat-embed-core-10.1.31.jar!/:na]
	at org.apache.catalina.core.ApplicationFilterChain.doFilter(ApplicationFilterChain.java:140) ~[tomcat-embed-core-10.1.31.jar!/:na]
	at org.apache.catalina.core.StandardWrapperValve.invoke(StandardWrapperValve.java:167) ~[tomcat-embed-core-10.1.31.jar!/:na]
	at org.apache.catalina.core.StandardContextValve.invoke(StandardContextValve.java:90) ~[tomcat-embed-core-10.1.31.jar!/:na]
	at org.apache.catalina.authenticator.AuthenticatorBase.invoke(AuthenticatorBase.java:483) ~[tomcat-embed-core-10.1.31.jar!/:na]
	at org.apache.catalina.core.StandardHostValve.invoke(StandardHostValve.java:115) ~[tomcat-embed-core-10.1.31.jar!/:na]
	at org.apache.catalina.valves.ErrorReportValve.invoke(ErrorReportValve.java:93) ~[tomcat-embed-core-10.1.31.jar!/:na]
	at org.apache.catalina.core.StandardEngineValve.invoke(StandardEngineValve.java:74) ~[tomcat-embed-core-10.1.31.jar!/:na]
	at org.apache.catalina.connector.CoyoteAdapter.service(CoyoteAdapter.java:344) ~[tomcat-embed-core-10.1.31.jar!/:na]
	at org.apache.coyote.http11.Http11Processor.service(Http11Processor.java:384) ~[tomcat-embed-core-10.1.31.jar!/:na]
	at org.apache.coyote.AbstractProcessorLight.process(AbstractProcessorLight.java:63) ~[tomcat-embed-core-10.1.31.jar!/:na]
	at org.apache.coyote.AbstractProtocol$ConnectionHandler.process(AbstractProtocol.java:905) ~[tomcat-embed-core-10.1.31.jar!/:na]
	at org.apache.tomcat.util.net.NioEndpoint$SocketProcessor.doRun(NioEndpoint.java:1741) ~[tomcat-embed-core-10.1.31.jar!/:na]
	at org.apache.tomcat.util.net.SocketProcessorBase.run(SocketProcessorBase.java:52) ~[tomcat-embed-core-10.1.31.jar!/:na]
	at org.apache.tomcat.util.threads.ThreadPoolExecutor.runWorker(ThreadPoolExecutor.java:1190) ~[tomcat-embed-core-10.1.31.jar!/:na]
	at org.apache.tomcat.util.threads.ThreadPoolExecutor$Worker.run(ThreadPoolExecutor.java:659) ~[tomcat-embed-core-10.1.31.jar!/:na]
	at org.apache.tomcat.util.threads.TaskThread$WrappingRunnable.run(TaskThread.java:63) ~[tomcat-embed-core-10.1.31.jar!/:na]
	at java.base/java.lang.Thread.run(Thread.java:1583) ~[na:na]
Caused by: org.hibernate.exception.SQLGrammarException: JDBC exception executing SQL [select pl1_0.user_id,pl1_0.id,pl1_0.created_at,pl1_0.current_streak,pl1_0.level,pl1_0.longest_streak,pl1_0.total_grammar_checks,pl1_0.total_practice_minutes,pl1_0.total_speaking_sessions,pl1_0.total_vocabulary_words,pl1_0.updated_at,pl1_0.xp from progress pl1_0 where pl1_0.user_id=?] [ERROR: column pl1_0.user_id does not exist
  Position: 8] [n/a]
	at org.hibernate.exception.internal.SQLStateConversionDelegate.convert(SQLStateConversionDelegate.java:91) ~[hibernate-core-6.5.3.Final.jar!/:6.5.3.Final]
	at org.hibernate.exception.internal.StandardSQLExceptionConverter.convert(StandardSQLExceptionConverter.java:58) ~[hibernate-core-6.5.3.Final.jar!/:6.5.3.Final]
	at org.hibernate.engine.jdbc.spi.SqlExceptionHelper.convert(SqlExceptionHelper.java:108) ~[hibernate-core-6.5.3.Final.jar!/:6.5.3.Final]
	at org.hibernate.engine.jdbc.spi.SqlExceptionHelper.convert(SqlExceptionHelper.java:94) ~[hibernate-core-6.5.3.Final.jar!/:6.5.3.Final]
	at org.hibernate.sql.results.jdbc.internal.DeferredResultSetAccess.executeQuery(DeferredResultSetAccess.java:264) ~[hibernate-core-6.5.3.Final.jar!/:6.5.3.Final]
	at org.hibernate.sql.results.jdbc.internal.DeferredResultSetAccess.getResultSet(DeferredResultSetAccess.java:167) ~[hibernate-core-6.5.3.Final.jar!/:6.5.3.Final]
	at org.hibernate.sql.results.jdbc.internal.JdbcValuesResultSetImpl.advanceNext(JdbcValuesResultSetImpl.java:265) ~[hibernate-core-6.5.3.Final.jar!/:6.5.3.Final]
	at org.hibernate.sql.results.jdbc.internal.JdbcValuesResultSetImpl.processNext(JdbcValuesResultSetImpl.java:145) ~[hibernate-core-6.5.3.Final.jar!/:6.5.3.Final]
	at org.hibernate.sql.results.jdbc.internal.AbstractJdbcValues.next(AbstractJdbcValues.java:19) ~[hibernate-core-6.5.3.Final.jar!/:6.5.3.Final]
	at org.hibernate.sql.results.internal.RowProcessingStateStandardImpl.next(RowProcessingStateStandardImpl.java:67) ~[hibernate-core-6.5.3.Final.jar!/:6.5.3.Final]
	at org.hibernate.sql.results.spi.ListResultsConsumer.consume(ListResultsConsumer.java:182) ~[hibernate-core-6.5.3.Final.jar!/:6.5.3.Final]
	at org.hibernate.sql.results.spi.ListResultsConsumer.consume(ListResultsConsumer.java:33) ~[hibernate-core-6.5.3.Final.jar!/:6.5.3.Final]
	at org.hibernate.sql.exec.internal.JdbcSelectExecutorStandardImpl.doExecuteQuery(JdbcSelectExecutorStandardImpl.java:211) ~[hibernate-core-6.5.3.Final.jar!/:6.5.3.Final]
	at org.hibernate.sql.exec.internal.JdbcSelectExecutorStandardImpl.executeQuery(JdbcSelectExecutorStandardImpl.java:83) ~[hibernate-core-6.5.3.Final.jar!/:6.5.3.Final]
	at org.hibernate.sql.exec.spi.JdbcSelectExecutor.list(JdbcSelectExecutor.java:76) ~[hibernate-core-6.5.3.Final.jar!/:6.5.3.Final]
	at org.hibernate.sql.exec.spi.JdbcSelectExecutor.list(JdbcSelectExecutor.java:65) ~[hibernate-core-6.5.3.Final.jar!/:6.5.3.Final]
	at org.hibernate.loader.ast.internal.CollectionLoaderSingleKey.load(CollectionLoaderSingleKey.java:120) ~[hibernate-core-6.5.3.Final.jar!/:6.5.3.Final]
	at org.hibernate.persister.collection.AbstractCollectionPersister.initialize(AbstractCollectionPersister.java:703) ~[hibernate-core-6.5.3.Final.jar!/:6.5.3.Final]
	at org.hibernate.event.internal.DefaultInitializeCollectionEventListener.onInitializeCollection(DefaultInitializeCollectionEventListener.java:67) ~[hibernate-core-6.5.3.Final.jar!/:6.5.3.Final]
	at org.hibernate.event.service.internal.EventListenerGroupImpl.fireEventOnEachListener(EventListenerGroupImpl.java:127) ~[hibernate-core-6.5.3.Final.jar!/:6.5.3.Final]
	at org.hibernate.internal.SessionImpl.initializeCollection(SessionImpl.java:1720) ~[hibernate-core-6.5.3.Final.jar!/:6.5.3.Final]
	at org.hibernate.collection.spi.AbstractPersistentCollection.lambda$initialize$3(AbstractPersistentCollection.java:617) ~[hibernate-core-6.5.3.Final.jar!/:6.5.3.Final]
	at org.hibernate.collection.spi.AbstractPersistentCollection.withTemporarySessionIfNeeded(AbstractPersistentCollection.java:266) ~[hibernate-core-6.5.3.Final.jar!/:6.5.3.Final]
	at org.hibernate.collection.spi.AbstractPersistentCollection.initialize(AbstractPersistentCollection.java:615) ~[hibernate-core-6.5.3.Final.jar!/:6.5.3.Final]
	at org.hibernate.collection.spi.AbstractPersistentCollection.read(AbstractPersistentCollection.java:138) ~[hibernate-core-6.5.3.Final.jar!/:6.5.3.Final]
	at org.hibernate.collection.spi.PersistentBag.iterator(PersistentBag.java:369) ~[hibernate-core-6.5.3.Final.jar!/:6.5.3.Final]
	at org.hibernate.type.CollectionType.getElementsIterator(CollectionType.java:246) ~[hibernate-core-6.5.3.Final.jar!/:6.5.3.Final]
	at org.hibernate.engine.spi.CascadingActions.getAllElementsIterator(CascadingActions.java:477) ~[hibernate-core-6.5.3.Final.jar!/:6.5.3.Final]
	at org.hibernate.engine.spi.CascadingActions$1.getCascadableChildrenIterator(CascadingActions.java:70) ~[hibernate-core-6.5.3.Final.jar!/:6.5.3.Final]
	at org.hibernate.engine.internal.Cascade.cascadeCollectionElements(Cascade.java:556) ~[hibernate-core-6.5.3.Final.jar!/:6.5.3.Final]
	at org.hibernate.engine.internal.Cascade.cascadeCollection(Cascade.java:488) ~[hibernate-core-6.5.3.Final.jar!/:6.5.3.Final]
	at org.hibernate.engine.internal.Cascade.cascadeAssociation(Cascade.java:449) ~[hibernate-core-6.5.3.Final.jar!/:6.5.3.Final]
	at org.hibernate.engine.internal.Cascade.cascadeProperty(Cascade.java:231) ~[hibernate-core-6.5.3.Final.jar!/:6.5.3.Final]
	at org.hibernate.engine.internal.Cascade.cascade(Cascade.java:164) ~[hibernate-core-6.5.3.Final.jar!/:6.5.3.Final]
	at org.hibernate.event.internal.DefaultDeleteEventListener.cascadeBeforeDelete(DefaultDeleteEventListener.java:507) ~[hibernate-core-6.5.3.Final.jar!/:6.5.3.Final]
	at org.hibernate.event.internal.DefaultDeleteEventListener.deleteEntity(DefaultDeleteEventListener.java:396) ~[hibernate-core-6.5.3.Final.jar!/:6.5.3.Final]
	at org.hibernate.event.internal.DefaultDeleteEventListener.delete(DefaultDeleteEventListener.java:245) ~[hibernate-core-6.5.3.Final.jar!/:6.5.3.Final]
	at org.hibernate.event.internal.DefaultDeleteEventListener.deletePersistentInstance(DefaultDeleteEventListener.java:221) ~[hibernate-core-6.5.3.Final.jar!/:6.5.3.Final]
	at org.hibernate.event.internal.DefaultDeleteEventListener.delete(DefaultDeleteEventListener.java:161) ~[hibernate-core-6.5.3.Final.jar!/:6.5.3.Final]
	at org.hibernate.event.internal.DefaultDeleteEventListener.onDelete(DefaultDeleteEventListener.java:97) ~[hibernate-core-6.5.3.Final.jar!/:6.5.3.Final]
	at org.hibernate.event.internal.DefaultDeleteEventListener.onDelete(DefaultDeleteEventListener.java:84) ~[hibernate-core-6.5.3.Final.jar!/:6.5.3.Final]
	at org.hibernate.event.service.internal.EventListenerGroupImpl.fireEventOnEachListener(EventListenerGroupImpl.java:127) ~[hibernate-core-6.5.3.Final.jar!/:6.5.3.Final]
	at org.hibernate.internal.SessionImpl.fireDelete(SessionImpl.java:963) ~[hibernate-core-6.5.3.Final.jar!/:6.5.3.Final]
	at org.hibernate.internal.SessionImpl.delete(SessionImpl.java:894) ~[hibernate-core-6.5.3.Final.jar!/:6.5.3.Final]
	at org.hibernate.internal.SessionImpl.remove(SessionImpl.java:2382) ~[hibernate-core-6.5.3.Final.jar!/:6.5.3.Final]
	at java.base/jdk.internal.reflect.DirectMethodHandleAccessor.invoke(DirectMethodHandleAccessor.java:103) ~[na:na]
	at java.base/java.lang.reflect.Method.invoke(Method.java:580) ~[na:na]
	at org.springframework.orm.jpa.ExtendedEntityManagerCreator$ExtendedEntityManagerInvocationHandler.invoke(ExtendedEntityManagerCreator.java:364) ~[spring-orm-6.1.14.jar!/:6.1.14]
	at jdk.proxy2/jdk.proxy2.$Proxy146.remove(Unknown Source) ~[na:na]
	at java.base/jdk.internal.reflect.DirectMethodHandleAccessor.invoke(DirectMethodHandleAccessor.java:103) ~[na:na]
	at java.base/java.lang.reflect.Method.invoke(Method.java:580) ~[na:na]
	at org.springframework.orm.jpa.SharedEntityManagerCreator$SharedEntityManagerInvocationHandler.invoke(SharedEntityManagerCreator.java:319) ~[spring-orm-6.1.14.jar!/:6.1.14]
	at jdk.proxy2/jdk.proxy2.$Proxy146.remove(Unknown Source) ~[na:na]
	at org.springframework.data.jpa.repository.support.SimpleJpaRepository.delete(SimpleJpaRepository.java:200) ~[spring-data-jpa-3.3.5.jar!/:3.3.5]
	at java.base/jdk.internal.reflect.DirectMethodHandleAccessor.invoke(DirectMethodHandleAccessor.java:103) ~[na:na]
	at java.base/java.lang.reflect.Method.invoke(Method.java:580) ~[na:na]
	at org.springframework.aop.support.AopUtils.invokeJoinpointUsingReflection(AopUtils.java:355) ~[spring-aop-6.1.14.jar!/:6.1.14]
	at org.springframework.data.repository.core.support.RepositoryMethodInvoker$RepositoryFragmentMethodInvoker.lambda$new$0(RepositoryMethodInvoker.java:277) ~[spring-data-commons-3.3.5.jar!/:3.3.5]
	at org.springframework.data.repository.core.support.RepositoryMethodInvoker.doInvoke(RepositoryMethodInvoker.java:170) ~[spring-data-commons-3.3.5.jar!/:3.3.5]
	at org.springframework.data.repository.core.support.RepositoryMethodInvoker.invoke(RepositoryMethodInvoker.java:158) ~[spring-data-commons-3.3.5.jar!/:3.3.5]
	at org.springframework.data.repository.core.support.RepositoryComposition$RepositoryFragments.invoke(RepositoryComposition.java:516) ~[spring-data-commons-3.3.5.jar!/:3.3.5]
	at org.springframework.data.repository.core.support.RepositoryComposition.invoke(RepositoryComposition.java:285) ~[spring-data-commons-3.3.5.jar!/:3.3.5]
	at org.springframework.data.repository.core.support.RepositoryFactorySupport$ImplementationMethodExecutionInterceptor.invoke(RepositoryFactorySupport.java:628) ~[spring-data-commons-3.3.5.jar!/:3.3.5]
	at org.springframework.aop.framework.ReflectiveMethodInvocation.proceed(ReflectiveMethodInvocation.java:184) ~[spring-aop-6.1.14.jar!/:6.1.14]
	at org.springframework.data.repository.core.support.QueryExecutorMethodInterceptor.doInvoke(QueryExecutorMethodInterceptor.java:173) ~[spring-data-commons-3.3.5.jar!/:3.3.5]
	at org.springframework.data.repository.core.support.QueryExecutorMethodInterceptor.invoke(QueryExecutorMethodInterceptor.java:148) ~[spring-data-commons-3.3.5.jar!/:3.3.5]
	at org.springframework.aop.framework.ReflectiveMethodInvocation.proceed(ReflectiveMethodInvocation.java:184) ~[spring-aop-6.1.14.jar!/:6.1.14]
	at org.springframework.data.projection.DefaultMethodInvokingMethodInterceptor.invoke(DefaultMethodInvokingMethodInterceptor.java:70) ~[spring-data-commons-3.3.5.jar!/:3.3.5]
	at org.springframework.aop.framework.ReflectiveMethodInvocation.proceed(ReflectiveMethodInvocation.java:184) ~[spring-aop-6.1.14.jar!/:6.1.14]
	at org.springframework.transaction.interceptor.TransactionAspectSupport.invokeWithinTransaction(TransactionAspectSupport.java:379) ~[spring-tx-6.1.14.jar!/:6.1.14]
	at org.springframework.transaction.interceptor.TransactionInterceptor.invoke(TransactionInterceptor.java:119) ~[spring-tx-6.1.14.jar!/:6.1.14]
	at org.springframework.aop.framework.ReflectiveMethodInvocation.proceed(ReflectiveMethodInvocation.java:184) ~[spring-aop-6.1.14.jar!/:6.1.14]
	at org.springframework.dao.support.PersistenceExceptionTranslationInterceptor.invoke(PersistenceExceptionTranslationInterceptor.java:138) ~[spring-tx-6.1.14.jar!/:6.1.14]
	... 138 common frames omitted
Caused by: org.postgresql.util.PSQLException: ERROR: column pl1_0.user_id does not exist
  Position: 8
	at org.postgresql.core.v3.QueryExecutorImpl.receiveErrorResponse(QueryExecutorImpl.java:2733) ~[postgresql-42.7.4.jar!/:42.7.4]
	at org.postgresql.core.v3.QueryExecutorImpl.processResults(QueryExecutorImpl.java:2420) ~[postgresql-42.7.4.jar!/:42.7.4]
	at org.postgresql.core.v3.QueryExecutorImpl.execute(QueryExecutorImpl.java:372) ~[postgresql-42.7.4.jar!/:42.7.4]
	at org.postgresql.jdbc.PgStatement.executeInternal(PgStatement.java:517) ~[postgresql-42.7.4.jar!/:42.7.4]
	at org.postgresql.jdbc.PgStatement.execute(PgStatement.java:434) ~[postgresql-42.7.4.jar!/:42.7.4]
	at org.postgresql.jdbc.PgPreparedStatement.executeWithFlags(PgPreparedStatement.java:194) ~[postgresql-42.7.4.jar!/:42.7.4]
	at org.postgresql.jdbc.PgPreparedStatement.executeQuery(PgPreparedStatement.java:137) ~[postgresql-42.7.4.jar!/:42.7.4]
	at com.zaxxer.hikari.pool.ProxyPreparedStatement.executeQuery(ProxyPreparedStatement.java:52) ~[HikariCP-5.1.0.jar!/:na]
	at com.zaxxer.hikari.pool.HikariProxyPreparedStatement.executeQuery(HikariProxyPreparedStatement.java) ~[HikariCP-5.1.0.jar!/:na]
	at org.hibernate.sql.results.jdbc.internal.DeferredResultSetAccess.executeQuery(DeferredResultSetAccess.java:246) ~[hibernate-core-6.5.3.Final.jar!/:6.5.3.Final]
	... 206 common frames omitted

2026-08-24T18:30:59.785+05:30  INFO 15172 --- [SpeakMateAI] [0.0-9091-exec-1] c.r.s.security.RequestLoggingFilter      : [REQUEST LOG] Incoming request: POST /api/auth/school-admin/login
Hibernate: 
    select
        sa1_0.user_id,
        sa1_1.active,
        sa1_1.age_group,
        sa1_1.auth_provider,
        sa1_1.avatar,
        sa1_1.created_at,
        sa1_1.daily_goal_minutes,
        sa1_1.division,
        sa1_1.email,
        sa1_1.email_verification_token,
        sa1_1.email_verified,
        sa1_1.english_level,
        sa1_1.expo_push_token,
        sa1_1.first_name,
        sa1_1.interests,
        sa1_1.last_name,
        sa1_1.learning_goal,
        sa1_1.native_language,
        sa1_1.onboarding_completed,
        sa1_1.parent_name,
        sa1_1.parent_phone,
        sa1_1.password,
        sa1_1.phone,
        sa1_1.preferred_accent,
        sa1_1.preferred_voice,
        sa1_1.reset_otp,
        sa1_1.reset_otp_expiry,
        sa1_1.reset_password_token,
        sa1_1.reset_password_token_expiry,
        sa1_1.role,
        sa1_1.roll_number,
        sa1_1.school_id,
        sa1_1.school_name,
        sa1_1.standard,
        sa1_1.status,
        sa1_1.updated_at,
        sa1_1.user_type,
        sa1_1.welcome_completed 
    from
        school_admins sa1_0 
    join
        users sa1_1 
            on sa1_0.user_id=sa1_1.id 
    where
        sa1_1.email=?
2026-08-24T18:31:00.622+05:30  INFO 15172 --- [SpeakMateAI] [0.0-9091-exec-3] c.r.s.security.RequestLoggingFilter      : [REQUEST LOG] Incoming request: GET /api/school/students/109
Hibernate: 
    select
        u1_0.id,
        case 
            when u1_1.user_id is not null 
                then 1 
            when u1_2.id is not null 
                then 2 
            when u1_0.id is not null 
                then 0 
        end,
        u1_0.active,
        u1_0.age_group,
        u1_0.auth_provider,
        u1_0.avatar,
        u1_0.created_at,
        u1_0.daily_goal_minutes,
        u1_0.division,
        u1_0.email,
        u1_0.email_verification_token,
        u1_0.email_verified,
        u1_0.english_level,
        u1_0.expo_push_token,
        u1_0.first_name,
        u1_0.interests,
        u1_0.last_name,
        u1_0.learning_goal,
        u1_0.native_language,
        u1_0.onboarding_completed,
        u1_0.parent_name,
        u1_0.parent_phone,
        u1_0.password,
        u1_0.phone,
        u1_0.preferred_accent,
        u1_0.preferred_voice,
        u1_0.reset_otp,
        u1_0.reset_otp_expiry,
        u1_0.reset_password_token,
        u1_0.reset_password_token_expiry,
        u1_0.role,
        u1_0.roll_number,
        u1_0.school_id,
        u1_0.school_name,
        u1_0.standard,
        u1_0.status,
        u1_0.updated_at,
        u1_0.user_type,
        u1_0.welcome_completed,
        u1_2.department,
        u1_2.designation,
        u1_2.employee_id,
        u1_2.experience,
        u1_2.joined_at,
        u1_2.qualification 
    from
        users u1_0 
    left join
        school_admins u1_1 
            on u1_0.id=u1_1.user_id 
    left join
        teachers u1_2 
            on u1_0.id=u1_2.id 
    where
        u1_0.email=?
Hibernate: 
    select
        u1_0.id,
        case 
            when u1_1.user_id is not null 
                then 1 
            when u1_2.id is not null 
                then 2 
            when u1_0.id is not null 
                then 0 
        end,
        u1_0.active,
        u1_0.age_group,
        u1_0.auth_provider,
        u1_0.avatar,
        u1_0.created_at,
        u1_0.daily_goal_minutes,
        u1_0.division,
        u1_0.email,
        u1_0.email_verification_token,
        u1_0.email_verified,
        u1_0.english_level,
        u1_0.expo_push_token,
        u1_0.first_name,
        u1_0.interests,
        u1_0.last_name,
        u1_0.learning_goal,
        u1_0.native_language,
        u1_0.onboarding_completed,
        u1_0.parent_name,
        u1_0.parent_phone,
        u1_0.password,
        u1_0.phone,
        u1_0.preferred_accent,
        u1_0.preferred_voice,
        u1_0.reset_otp,
        u1_0.reset_otp_expiry,
        u1_0.reset_password_token,
        u1_0.reset_password_token_expiry,
        u1_0.role,
        u1_0.roll_number,
        u1_0.school_id,
        u1_0.school_name,
        u1_0.standard,
        u1_0.status,
        u1_0.updated_at,
        u1_0.user_type,
        u1_0.welcome_completed,
        u1_2.department,
        u1_2.designation,
        u1_2.employee_id,
        u1_2.experience,
        u1_2.joined_at,
        u1_2.qualification 
    from
        users u1_0 
    left join
        school_admins u1_1 
            on u1_0.id=u1_1.user_id 
    left join
        teachers u1_2 
            on u1_0.id=u1_2.id 
    where
        u1_0.email=?
Hibernate: 
    select
        s1_0.id,
        s1_0.active,
        s1_0.age_group,
        s1_0.auth_provider,
        s1_0.avatar,
        s1_0.created_at,
        s1_0.daily_goal_minutes,
        s1_0.division,
        s1_0.email,
        s1_0.email_verification_token,
        s1_0.email_verified,
        s1_0.english_level,
        s1_0.expo_push_token,
        s1_0.first_name,
        s1_0.interests,
        s1_0.last_name,
        s1_0.learning_goal,
        s1_0.native_language,
        s1_0.onboarding_completed,
        s1_0.parent_name,
        s1_0.parent_phone,
        s1_0.password,
        s1_0.phone,
        s1_0.preferred_accent,
        s1_0.preferred_voice,
        s1_0.reset_otp,
        s1_0.reset_otp_expiry,
        s1_0.reset_password_token,
        s1_0.reset_password_token_expiry,
        s1_0.roll_number,
        s1_0.school_id,
        s1_0.school_name,
        s1_0.standard,
        s1_0.status,
        s1_0.updated_at,
        s1_0.welcome_completed 
    from
        students s1_0 
    where
        s1_0.id=? 
        and s1_0.school_id=?
Hibernate: 
    select
        s1_0.id,
        s1_0.ai_voice,
        s1_0.auto_play_audio,
        s1_0.created_at,
        s1_0.daily_reminder,
        s1_0.dark_mode,
        s1_0.language,
        s1_0.notifications_enabled,
        s1_0.sound_effects,
        s1_0.student_id,
        s1_0.two_factor_enabled,
        s1_0.updated_at,
        s1_0.user_id 
    from
        settings s1_0 
    where
        s1_0.student_id=?
Hibernate: 
    select
        s1_0.id,
        s1_0.active,
        s1_0.address,
        s1_0.contact_phone,
        s1_0.created_at,
        s1_0.name,
        s1_0.school_code,
        s1_0.school_name,
        s1_0.updated_at 
    from
        schools s1_0 
    where
        s1_0.id=?
2026-08-24T18:31:31.208+05:30  INFO 15172 --- [SpeakMateAI] [0.0-9091-exec-6] c.r.s.security.RequestLoggingFilter      : [REQUEST LOG] Incoming request: POST /api/auth/school-admin/login
Hibernate: 
    select
        sa1_0.user_id,
        sa1_1.active,
        sa1_1.age_group,
        sa1_1.auth_provider,
        sa1_1.avatar,
        sa1_1.created_at,
        sa1_1.daily_goal_minutes,
        sa1_1.division,
        sa1_1.email,
        sa1_1.email_verification_token,
        sa1_1.email_verified,
        sa1_1.english_level,
        sa1_1.expo_push_token,
        sa1_1.first_name,
        sa1_1.interests,
        sa1_1.last_name,
        sa1_1.learning_goal,
        sa1_1.native_language,
        sa1_1.onboarding_completed,
        sa1_1.parent_name,
        sa1_1.parent_phone,
        sa1_1.password,
        sa1_1.phone,
        sa1_1.preferred_accent,
        sa1_1.preferred_voice,
        sa1_1.reset_otp,
        sa1_1.reset_otp_expiry,
        sa1_1.reset_password_token,
        sa1_1.reset_password_token_expiry,
        sa1_1.role,
        sa1_1.roll_number,
        sa1_1.school_id,
        sa1_1.school_name,
        sa1_1.standard,
        sa1_1.status,
        sa1_1.updated_at,
        sa1_1.user_type,
        sa1_1.welcome_completed 
    from
        school_admins sa1_0 
    join
        users sa1_1 
            on sa1_0.user_id=sa1_1.id 
    where
        sa1_1.email=?
2026-08-24T18:31:32.149+05:30  INFO 15172 --- [SpeakMateAI] [0.0-9091-exec-5] c.r.s.security.RequestLoggingFilter      : [REQUEST LOG] Incoming request: GET /api/school/students
Hibernate: 
    select
        u1_0.id,
        case 
            when u1_1.user_id is not null 
                then 1 
            when u1_2.id is not null 
                then 2 
            when u1_0.id is not null 
                then 0 
        end,
        u1_0.active,
        u1_0.age_group,
        u1_0.auth_provider,
        u1_0.avatar,
        u1_0.created_at,
        u1_0.daily_goal_minutes,
        u1_0.division,
        u1_0.email,
        u1_0.email_verification_token,
        u1_0.email_verified,
        u1_0.english_level,
        u1_0.expo_push_token,
        u1_0.first_name,
        u1_0.interests,
        u1_0.last_name,
        u1_0.learning_goal,
        u1_0.native_language,
        u1_0.onboarding_completed,
        u1_0.parent_name,
        u1_0.parent_phone,
        u1_0.password,
        u1_0.phone,
        u1_0.preferred_accent,
        u1_0.preferred_voice,
        u1_0.reset_otp,
        u1_0.reset_otp_expiry,
        u1_0.reset_password_token,
        u1_0.reset_password_token_expiry,
        u1_0.role,
        u1_0.roll_number,
        u1_0.school_id,
        u1_0.school_name,
        u1_0.standard,
        u1_0.status,
        u1_0.updated_at,
        u1_0.user_type,
        u1_0.welcome_completed,
        u1_2.department,
        u1_2.designation,
        u1_2.employee_id,
        u1_2.experience,
        u1_2.joined_at,
        u1_2.qualification 
    from
        users u1_0 
    left join
        school_admins u1_1 
            on u1_0.id=u1_1.user_id 
    left join
        teachers u1_2 
            on u1_0.id=u1_2.id 
    where
        u1_0.email=?
Hibernate: 
    select
        u1_0.id,
        case 
            when u1_1.user_id is not null 
                then 1 
            when u1_2.id is not null 
                then 2 
            when u1_0.id is not null 
                then 0 
        end,
        u1_0.active,
        u1_0.age_group,
        u1_0.auth_provider,
        u1_0.avatar,
        u1_0.created_at,
        u1_0.daily_goal_minutes,
        u1_0.division,
        u1_0.email,
        u1_0.email_verification_token,
        u1_0.email_verified,
        u1_0.english_level,
        u1_0.expo_push_token,
        u1_0.first_name,
        u1_0.interests,
        u1_0.last_name,
        u1_0.learning_goal,
        u1_0.native_language,
        u1_0.onboarding_completed,
        u1_0.parent_name,
        u1_0.parent_phone,
        u1_0.password,
        u1_0.phone,
        u1_0.preferred_accent,
        u1_0.preferred_voice,
        u1_0.reset_otp,
        u1_0.reset_otp_expiry,
        u1_0.reset_password_token,
        u1_0.reset_password_token_expiry,
        u1_0.role,
        u1_0.roll_number,
        u1_0.school_id,
        u1_0.school_name,
        u1_0.standard,
        u1_0.status,
        u1_0.updated_at,
        u1_0.user_type,
        u1_0.welcome_completed,
        u1_2.department,
        u1_2.designation,
        u1_2.employee_id,
        u1_2.experience,
        u1_2.joined_at,
        u1_2.qualification 
    from
        users u1_0 
    left join
        school_admins u1_1 
            on u1_0.id=u1_1.user_id 
    left join
        teachers u1_2 
            on u1_0.id=u1_2.id 
    where
        u1_0.email=?
Hibernate: 
    select
        s1_0.id,
        s1_0.active,
        s1_0.age_group,
        s1_0.auth_provider,
        s1_0.avatar,
        s1_0.created_at,
        s1_0.daily_goal_minutes,
        s1_0.division,
        s1_0.email,
        s1_0.email_verification_token,
        s1_0.email_verified,
        s1_0.english_level,
        s1_0.expo_push_token,
        s1_0.first_name,
        s1_0.interests,
        s1_0.last_name,
        s1_0.learning_goal,
        s1_0.native_language,
        s1_0.onboarding_completed,
        s1_0.parent_name,
        s1_0.parent_phone,
        s1_0.password,
        s1_0.phone,
        s1_0.preferred_accent,
        s1_0.preferred_voice,
        s1_0.reset_otp,
        s1_0.reset_otp_expiry,
        s1_0.reset_password_token,
        s1_0.reset_password_token_expiry,
        s1_0.roll_number,
        s1_0.school_id,
        s1_0.school_name,
        s1_0.standard,
        s1_0.status,
        s1_0.updated_at,
        s1_0.welcome_completed 
    from
        students s1_0 
    where
        s1_0.school_id=?
Hibernate: 
    select
        s1_0.id,
        s1_0.ai_voice,
        s1_0.auto_play_audio,
        s1_0.created_at,
        s1_0.daily_reminder,
        s1_0.dark_mode,
        s1_0.language,
        s1_0.notifications_enabled,
        s1_0.sound_effects,
        s1_0.student_id,
        s1_0.two_factor_enabled,
        s1_0.updated_at,
        s1_0.user_id 
    from
        settings s1_0 
    where
        s1_0.student_id=?
Hibernate: 
    select
        s1_0.id,
        s1_0.ai_voice,
        s1_0.auto_play_audio,
        s1_0.created_at,
        s1_0.daily_reminder,
        s1_0.dark_mode,
        s1_0.language,
        s1_0.notifications_enabled,
        s1_0.sound_effects,
        s1_0.student_id,
        s1_0.two_factor_enabled,
        s1_0.updated_at,
        s1_0.user_id 
    from
        settings s1_0 
    where
        s1_0.student_id=?
Hibernate: 
    select
        s1_0.id,
        s1_0.ai_voice,
        s1_0.auto_play_audio,
        s1_0.created_at,
        s1_0.daily_reminder,
        s1_0.dark_mode,
        s1_0.language,
        s1_0.notifications_enabled,
        s1_0.sound_effects,
        s1_0.student_id,
        s1_0.two_factor_enabled,
        s1_0.updated_at,
        s1_0.user_id 
    from
        settings s1_0 
    where
        s1_0.student_id=?
Hibernate: 
    select
        s1_0.id,
        s1_0.ai_voice,
        s1_0.auto_play_audio,
        s1_0.created_at,
        s1_0.daily_reminder,
        s1_0.dark_mode,
        s1_0.language,
        s1_0.notifications_enabled,
        s1_0.sound_effects,
        s1_0.student_id,
        s1_0.two_factor_enabled,
        s1_0.updated_at,
        s1_0.user_id 
    from
        settings s1_0 
    where
        s1_0.student_id=?
Hibernate: 
    select
        s1_0.id,
        s1_0.ai_voice,
        s1_0.auto_play_audio,
        s1_0.created_at,
        s1_0.daily_reminder,
        s1_0.dark_mode,
        s1_0.language,
        s1_0.notifications_enabled,
        s1_0.sound_effects,
        s1_0.student_id,
        s1_0.two_factor_enabled,
        s1_0.updated_at,
        s1_0.user_id 
    from
        settings s1_0 
    where
        s1_0.student_id=?
Hibernate: 
    select
        s1_0.id,
        s1_0.ai_voice,
        s1_0.auto_play_audio,
        s1_0.created_at,
        s1_0.daily_reminder,
        s1_0.dark_mode,
        s1_0.language,
        s1_0.notifications_enabled,
        s1_0.sound_effects,
        s1_0.student_id,
        s1_0.two_factor_enabled,
        s1_0.updated_at,
        s1_0.user_id 
    from
        settings s1_0 
    where
        s1_0.student_id=?
Hibernate: 
    select
        s1_0.id,
        s1_0.ai_voice,
        s1_0.auto_play_audio,
        s1_0.created_at,
        s1_0.daily_reminder,
        s1_0.dark_mode,
        s1_0.language,
        s1_0.notifications_enabled,
        s1_0.sound_effects,
        s1_0.student_id,
        s1_0.two_factor_enabled,
        s1_0.updated_at,
        s1_0.user_id 
    from
        settings s1_0 
    where
        s1_0.student_id=?
Hibernate: 
    select
        s1_0.id,
        s1_0.ai_voice,
        s1_0.auto_play_audio,
        s1_0.created_at,
        s1_0.daily_reminder,
        s1_0.dark_mode,
        s1_0.language,
        s1_0.notifications_enabled,
        s1_0.sound_effects,
        s1_0.student_id,
        s1_0.two_factor_enabled,
        s1_0.updated_at,
        s1_0.user_id 
    from
        settings s1_0 
    where
        s1_0.student_id=?
Hibernate: 
    select
        s1_0.id,
        s1_0.active,
        s1_0.address,
        s1_0.contact_phone,
        s1_0.created_at,
        s1_0.name,
        s1_0.school_code,
        s1_0.school_name,
        s1_0.updated_at 
    from
        schools s1_0 
    where
        s1_0.id=?
2026-08-24T18:31:49.972+05:30  INFO 15172 --- [SpeakMateAI] [0.0-9091-exec-1] c.r.s.security.RequestLoggingFilter      : [REQUEST LOG] Incoming request: GET /api/v1/school/dashboard
Hibernate: 
    select
        u1_0.id,
        case 
            when u1_1.user_id is not null 
                then 1 
            when u1_2.id is not null 
                then 2 
            when u1_0.id is not null 
                then 0 
        end,
        u1_0.active,
        u1_0.age_group,
        u1_0.auth_provider,
        u1_0.avatar,
        u1_0.created_at,
        u1_0.daily_goal_minutes,
        u1_0.division,
        u1_0.email,
        u1_0.email_verification_token,
        u1_0.email_verified,
        u1_0.english_level,
        u1_0.expo_push_token,
        u1_0.first_name,
        u1_0.interests,
        u1_0.last_name,
        u1_0.learning_goal,
        u1_0.native_language,
        u1_0.onboarding_completed,
        u1_0.parent_name,
        u1_0.parent_phone,
        u1_0.password,
        u1_0.phone,
        u1_0.preferred_accent,
        u1_0.preferred_voice,
        u1_0.reset_otp,
        u1_0.reset_otp_expiry,
        u1_0.reset_password_token,
        u1_0.reset_password_token_expiry,
        u1_0.role,
        u1_0.roll_number,
        u1_0.school_id,
        u1_0.school_name,
        u1_0.standard,
        u1_0.status,
        u1_0.updated_at,
        u1_0.user_type,
        u1_0.welcome_completed,
        u1_2.department,
        u1_2.designation,
        u1_2.employee_id,
        u1_2.experience,
        u1_2.joined_at,
        u1_2.qualification 
    from
        users u1_0 
    left join
        school_admins u1_1 
            on u1_0.id=u1_1.user_id 
    left join
        teachers u1_2 
            on u1_0.id=u1_2.id 
    where
        u1_0.email=?
2026-08-24T18:31:50.214+05:30  INFO 15172 --- [SpeakMateAI] [0.0-9091-exec-3] c.r.s.security.RequestLoggingFilter      : [REQUEST LOG] Incoming request: GET /api/v1/school/teachers
Hibernate: 
    select
        u1_0.id,
        case 
            when u1_1.user_id is not null 
                then 1 
            when u1_2.id is not null 
                then 2 
            when u1_0.id is not null 
                then 0 
        end,
        u1_0.active,
        u1_0.age_group,
        u1_0.auth_provider,
        u1_0.avatar,
        u1_0.created_at,
        u1_0.daily_goal_minutes,
        u1_0.division,
        u1_0.email,
        u1_0.email_verification_token,
        u1_0.email_verified,
        u1_0.english_level,
        u1_0.expo_push_token,
        u1_0.first_name,
        u1_0.interests,
        u1_0.last_name,
        u1_0.learning_goal,
        u1_0.native_language,
        u1_0.onboarding_completed,
        u1_0.parent_name,
        u1_0.parent_phone,
        u1_0.password,
        u1_0.phone,
        u1_0.preferred_accent,
        u1_0.preferred_voice,
        u1_0.reset_otp,
        u1_0.reset_otp_expiry,
        u1_0.reset_password_token,
        u1_0.reset_password_token_expiry,
        u1_0.role,
        u1_0.roll_number,
        u1_0.school_id,
        u1_0.school_name,
        u1_0.standard,
        u1_0.status,
        u1_0.updated_at,
        u1_0.user_type,
        u1_0.welcome_completed,
        u1_2.department,
        u1_2.designation,
        u1_2.employee_id,
        u1_2.experience,
        u1_2.joined_at,
        u1_2.qualification 
    from
        users u1_0 
    left join
        school_admins u1_1 
            on u1_0.id=u1_1.user_id 
    left join
        teachers u1_2 
            on u1_0.id=u1_2.id 
    where
        u1_0.email=?
Hibernate: 
    select
        u1_0.id,
        case 
            when u1_1.user_id is not null 
                then 1 
            when u1_2.id is not null 
                then 2 
            when u1_0.id is not null 
                then 0 
        end,
        u1_0.active,
        u1_0.age_group,
        u1_0.auth_provider,
        u1_0.avatar,
        u1_0.created_at,
        u1_0.daily_goal_minutes,
        u1_0.division,
        u1_0.email,
        u1_0.email_verification_token,
        u1_0.email_verified,
        u1_0.english_level,
        u1_0.expo_push_token,
        u1_0.first_name,
        u1_0.interests,
        u1_0.last_name,
        u1_0.learning_goal,
        u1_0.native_language,
        u1_0.onboarding_completed,
        u1_0.parent_name,
        u1_0.parent_phone,
        u1_0.password,
        u1_0.phone,
        u1_0.preferred_accent,
        u1_0.preferred_voice,
        u1_0.reset_otp,
        u1_0.reset_otp_expiry,
        u1_0.reset_password_token,
        u1_0.reset_password_token_expiry,
        u1_0.role,
        u1_0.roll_number,
        u1_0.school_id,
        u1_0.school_name,
        u1_0.standard,
        u1_0.status,
        u1_0.updated_at,
        u1_0.user_type,
        u1_0.welcome_completed,
        u1_2.department,
        u1_2.designation,
        u1_2.employee_id,
        u1_2.experience,
        u1_2.joined_at,
        u1_2.qualification 
    from
        users u1_0 
    left join
        school_admins u1_1 
            on u1_0.id=u1_1.user_id 
    left join
        teachers u1_2 
            on u1_0.id=u1_2.id 
    where
        u1_0.email=?
Hibernate: 
    select
        s1_0.id,
        s1_0.active,
        s1_0.age_group,
        s1_0.auth_provider,
        s1_0.avatar,
        s1_0.created_at,
        s1_0.daily_goal_minutes,
        s1_0.division,
        s1_0.email,
        s1_0.email_verification_token,
        s1_0.email_verified,
        s1_0.english_level,
        s1_0.expo_push_token,
        s1_0.first_name,
        s1_0.interests,
        s1_0.last_name,
        s1_0.learning_goal,
        s1_0.native_language,
        s1_0.onboarding_completed,
        s1_0.parent_name,
        s1_0.parent_phone,
        s1_0.password,
        s1_0.phone,
        s1_0.preferred_accent,
        s1_0.preferred_voice,
        s1_0.reset_otp,
        s1_0.reset_otp_expiry,
        s1_0.reset_password_token,
        s1_0.reset_password_token_expiry,
        s1_0.roll_number,
        s1_0.school_id,
        s1_0.school_name,
        s1_0.standard,
        s1_0.status,
        s1_0.updated_at,
        s1_0.welcome_completed 
    from
        students s1_0 
    where
        s1_0.school_id=?
Hibernate: 
    select
        u1_0.id,
        case 
            when u1_1.user_id is not null 
                then 1 
            when u1_2.id is not null 
                then 2 
            when u1_0.id is not null 
                then 0 
        end,
        u1_0.active,
        u1_0.age_group,
        u1_0.auth_provider,
        u1_0.avatar,
        u1_0.created_at,
        u1_0.daily_goal_minutes,
        u1_0.division,
        u1_0.email,
        u1_0.email_verification_token,
        u1_0.email_verified,
        u1_0.english_level,
        u1_0.expo_push_token,
        u1_0.first_name,
        u1_0.interests,
        u1_0.last_name,
        u1_0.learning_goal,
        u1_0.native_language,
        u1_0.onboarding_completed,
        u1_0.parent_name,
        u1_0.parent_phone,
        u1_0.password,
        u1_0.phone,
        u1_0.preferred_accent,
        u1_0.preferred_voice,
        u1_0.reset_otp,
        u1_0.reset_otp_expiry,
        u1_0.reset_password_token,
        u1_0.reset_password_token_expiry,
        u1_0.role,
        u1_0.roll_number,
        u1_0.school_id,
        u1_0.school_name,
        u1_0.standard,
        u1_0.status,
        u1_0.updated_at,
        u1_0.user_type,
        u1_0.welcome_completed,
        u1_2.department,
        u1_2.designation,
        u1_2.employee_id,
        u1_2.experience,
        u1_2.joined_at,
        u1_2.qualification 
    from
        users u1_0 
    left join
        school_admins u1_1 
            on u1_0.id=u1_1.user_id 
    left join
        teachers u1_2 
            on u1_0.id=u1_2.id 
    where
        u1_0.email=?
2026-08-24T18:31:50.598+05:30  INFO 15172 --- [SpeakMateAI] [0.0-9091-exec-6] c.r.s.security.RequestLoggingFilter      : [REQUEST LOG] Incoming request: GET /api/school/students
Hibernate: 
    select
        s1_0.id,
        s1_0.ai_voice,
        s1_0.auto_play_audio,
        s1_0.created_at,
        s1_0.daily_reminder,
        s1_0.dark_mode,
        s1_0.language,
        s1_0.notifications_enabled,
        s1_0.sound_effects,
        s1_0.student_id,
        s1_0.two_factor_enabled,
        s1_0.updated_at,
        s1_0.user_id 
    from
        settings s1_0 
    where
        s1_0.student_id=?
2026-08-24T18:31:50.604+05:30  INFO 15172 --- [SpeakMateAI] [0.0-9091-exec-5] c.r.s.security.RequestLoggingFilter      : [REQUEST LOG] Incoming request: GET /api/v1/school/results
Hibernate: 
    select
        u1_0.id,
        case 
            when u1_1.user_id is not null 
                then 1 
            when u1_2.id is not null 
                then 2 
            when u1_0.id is not null 
                then 0 
        end,
        u1_0.active,
        u1_0.age_group,
        u1_0.auth_provider,
        u1_0.avatar,
        u1_0.created_at,
        u1_0.daily_goal_minutes,
        u1_0.division,
        u1_0.email,
        u1_0.email_verification_token,
        u1_0.email_verified,
        u1_0.english_level,
        u1_0.expo_push_token,
        u1_0.first_name,
        u1_0.interests,
        u1_0.last_name,
        u1_0.learning_goal,
        u1_0.native_language,
        u1_0.onboarding_completed,
        u1_0.parent_name,
        u1_0.parent_phone,
        u1_0.password,
        u1_0.phone,
        u1_0.preferred_accent,
        u1_0.preferred_voice,
        u1_0.reset_otp,
        u1_0.reset_otp_expiry,
        u1_0.reset_password_token,
        u1_0.reset_password_token_expiry,
        u1_0.role,
        u1_0.roll_number,
        u1_0.school_id,
        u1_0.school_name,
        u1_0.standard,
        u1_0.status,
        u1_0.updated_at,
        u1_0.user_type,
        u1_0.welcome_completed,
        u1_2.department,
        u1_2.designation,
        u1_2.employee_id,
        u1_2.experience,
        u1_2.joined_at,
        u1_2.qualification 
    from
        users u1_0 
    left join
        school_admins u1_1 
            on u1_0.id=u1_1.user_id 
    left join
        teachers u1_2 
            on u1_0.id=u1_2.id 
    where
        u1_0.email=?
Hibernate: 
    select
        u1_0.id,
        case 
            when u1_1.user_id is not null 
                then 1 
            when u1_2.id is not null 
                then 2 
            when u1_0.id is not null 
                then 0 
        end,
        u1_0.active,
        u1_0.age_group,
        u1_0.auth_provider,
        u1_0.avatar,
        u1_0.created_at,
        u1_0.daily_goal_minutes,
        u1_0.division,
        u1_0.email,
        u1_0.email_verification_token,
        u1_0.email_verified,
        u1_0.english_level,
        u1_0.expo_push_token,
        u1_0.first_name,
        u1_0.interests,
        u1_0.last_name,
        u1_0.learning_goal,
        u1_0.native_language,
        u1_0.onboarding_completed,
        u1_0.parent_name,
        u1_0.parent_phone,
        u1_0.password,
        u1_0.phone,
        u1_0.preferred_accent,
        u1_0.preferred_voice,
        u1_0.reset_otp,
        u1_0.reset_otp_expiry,
        u1_0.reset_password_token,
        u1_0.reset_password_token_expiry,
        u1_0.role,
        u1_0.roll_number,
        u1_0.school_id,
        u1_0.school_name,
        u1_0.standard,
        u1_0.status,
        u1_0.updated_at,
        u1_0.user_type,
        u1_0.welcome_completed,
        u1_2.department,
        u1_2.designation,
        u1_2.employee_id,
        u1_2.experience,
        u1_2.joined_at,
        u1_2.qualification 
    from
        users u1_0 
    left join
        school_admins u1_1 
            on u1_0.id=u1_1.user_id 
    left join
        teachers u1_2 
            on u1_0.id=u1_2.id 
    where
        u1_0.email=?
Hibernate: 
    select
        s1_0.id,
        s1_0.ai_voice,
        s1_0.auto_play_audio,
        s1_0.created_at,
        s1_0.daily_reminder,
        s1_0.dark_mode,
        s1_0.language,
        s1_0.notifications_enabled,
        s1_0.sound_effects,
        s1_0.student_id,
        s1_0.two_factor_enabled,
        s1_0.updated_at,
        s1_0.user_id 
    from
        settings s1_0 
    where
        s1_0.student_id=?
Hibernate: 
    select
        u1_0.id,
        case 
            when u1_1.user_id is not null 
                then 1 
            when u1_2.id is not null 
                then 2 
            when u1_0.id is not null 
                then 0 
        end,
        u1_0.active,
        u1_0.age_group,
        u1_0.auth_provider,
        u1_0.avatar,
        u1_0.created_at,
        u1_0.daily_goal_minutes,
        u1_0.division,
        u1_0.email,
        u1_0.email_verification_token,
        u1_0.email_verified,
        u1_0.english_level,
        u1_0.expo_push_token,
        u1_0.first_name,
        u1_0.interests,
        u1_0.last_name,
        u1_0.learning_goal,
        u1_0.native_language,
        u1_0.onboarding_completed,
        u1_0.parent_name,
        u1_0.parent_phone,
        u1_0.password,
        u1_0.phone,
        u1_0.preferred_accent,
        u1_0.preferred_voice,
        u1_0.reset_otp,
        u1_0.reset_otp_expiry,
        u1_0.reset_password_token,
        u1_0.reset_password_token_expiry,
        u1_0.role,
        u1_0.roll_number,
        u1_0.school_id,
        u1_0.school_name,
        u1_0.standard,
        u1_0.status,
        u1_0.updated_at,
        u1_0.user_type,
        u1_0.welcome_completed,
        u1_2.department,
        u1_2.designation,
        u1_2.employee_id,
        u1_2.experience,
        u1_2.joined_at,
        u1_2.qualification 
    from
        users u1_0 
    left join
        school_admins u1_1 
            on u1_0.id=u1_1.user_id 
    left join
        teachers u1_2 
            on u1_0.id=u1_2.id 
    where
        u1_0.school_id=? 
        and u1_0.role=?
Hibernate: 
    select
        s1_0.id,
        s1_0.ai_voice,
        s1_0.auto_play_audio,
        s1_0.created_at,
        s1_0.daily_reminder,
        s1_0.dark_mode,
        s1_0.language,
        s1_0.notifications_enabled,
        s1_0.sound_effects,
        s1_0.student_id,
        s1_0.two_factor_enabled,
        s1_0.updated_at,
        s1_0.user_id 
    from
        settings s1_0 
    where
        s1_0.student_id=?
Hibernate: 
    select
        s1_0.id,
        s1_0.active,
        s1_0.address,
        s1_0.contact_phone,
        s1_0.created_at,
        s1_0.name,
        s1_0.school_code,
        s1_0.school_name,
        s1_0.updated_at 
    from
        schools s1_0 
    where
        s1_0.id=?
Hibernate: 
    select
        u1_0.id,
        case 
            when u1_1.user_id is not null 
                then 1 
            when u1_2.id is not null 
                then 2 
            when u1_0.id is not null 
                then 0 
        end,
        u1_0.active,
        u1_0.age_group,
        u1_0.auth_provider,
        u1_0.avatar,
        u1_0.created_at,
        u1_0.daily_goal_minutes,
        u1_0.division,
        u1_0.email,
        u1_0.email_verification_token,
        u1_0.email_verified,
        u1_0.english_level,
        u1_0.expo_push_token,
        u1_0.first_name,
        u1_0.interests,
        u1_0.last_name,
        u1_0.learning_goal,
        u1_0.native_language,
        u1_0.onboarding_completed,
        u1_0.parent_name,
        u1_0.parent_phone,
        u1_0.password,
        u1_0.phone,
        u1_0.preferred_accent,
        u1_0.preferred_voice,
        u1_0.reset_otp,
        u1_0.reset_otp_expiry,
        u1_0.reset_password_token,
        u1_0.reset_password_token_expiry,
        u1_0.role,
        u1_0.roll_number,
        u1_0.school_id,
        u1_0.school_name,
        u1_0.standard,
        u1_0.status,
        u1_0.updated_at,
        u1_0.user_type,
        u1_0.welcome_completed,
        u1_2.department,
        u1_2.designation,
        u1_2.employee_id,
        u1_2.experience,
        u1_2.joined_at,
        u1_2.qualification 
    from
        users u1_0 
    left join
        school_admins u1_1 
            on u1_0.id=u1_1.user_id 
    left join
        teachers u1_2 
            on u1_0.id=u1_2.id 
    where
        u1_0.email=?
Hibernate: 
    select
        s1_0.id,
        s1_0.ai_voice,
        s1_0.auto_play_audio,
        s1_0.created_at,
        s1_0.daily_reminder,
        s1_0.dark_mode,
        s1_0.language,
        s1_0.notifications_enabled,
        s1_0.sound_effects,
        s1_0.student_id,
        s1_0.two_factor_enabled,
        s1_0.updated_at,
        s1_0.user_id 
    from
        settings s1_0 
    where
        s1_0.student_id=?
Hibernate: 
    select
        u1_0.id,
        case 
            when u1_1.user_id is not null 
                then 1 
            when u1_2.id is not null 
                then 2 
            when u1_0.id is not null 
                then 0 
        end,
        u1_0.active,
        u1_0.age_group,
        u1_0.auth_provider,
        u1_0.avatar,
        u1_0.created_at,
        u1_0.daily_goal_minutes,
        u1_0.division,
        u1_0.email,
        u1_0.email_verification_token,
        u1_0.email_verified,
        u1_0.english_level,
        u1_0.expo_push_token,
        u1_0.first_name,
        u1_0.interests,
        u1_0.last_name,
        u1_0.learning_goal,
        u1_0.native_language,
        u1_0.onboarding_completed,
        u1_0.parent_name,
        u1_0.parent_phone,
        u1_0.password,
        u1_0.phone,
        u1_0.preferred_accent,
        u1_0.preferred_voice,
        u1_0.reset_otp,
        u1_0.reset_otp_expiry,
        u1_0.reset_password_token,
        u1_0.reset_password_token_expiry,
        u1_0.role,
        u1_0.roll_number,
        u1_0.school_id,
        u1_0.school_name,
        u1_0.standard,
        u1_0.status,
        u1_0.updated_at,
        u1_0.user_type,
        u1_0.welcome_completed,
        u1_2.department,
        u1_2.designation,
        u1_2.employee_id,
        u1_2.experience,
        u1_2.joined_at,
        u1_2.qualification 
    from
        users u1_0 
    left join
        school_admins u1_1 
            on u1_0.id=u1_1.user_id 
    left join
        teachers u1_2 
            on u1_0.id=u1_2.id 
    where
        u1_0.email=?
Hibernate: 
    select
        s1_0.id,
        s1_0.ai_voice,
        s1_0.auto_play_audio,
        s1_0.created_at,
        s1_0.daily_reminder,
        s1_0.dark_mode,
        s1_0.language,
        s1_0.notifications_enabled,
        s1_0.sound_effects,
        s1_0.student_id,
        s1_0.two_factor_enabled,
        s1_0.updated_at,
        s1_0.user_id 
    from
        settings s1_0 
    where
        s1_0.student_id=?
Hibernate: 
    select
        s1_0.id,
        s1_0.active,
        s1_0.age_group,
        s1_0.auth_provider,
        s1_0.avatar,
        s1_0.created_at,
        s1_0.daily_goal_minutes,
        s1_0.division,
        s1_0.email,
        s1_0.email_verification_token,
        s1_0.email_verified,
        s1_0.english_level,
        s1_0.expo_push_token,
        s1_0.first_name,
        s1_0.interests,
        s1_0.last_name,
        s1_0.learning_goal,
        s1_0.native_language,
        s1_0.onboarding_completed,
        s1_0.parent_name,
        s1_0.parent_phone,
        s1_0.password,
        s1_0.phone,
        s1_0.preferred_accent,
        s1_0.preferred_voice,
        s1_0.reset_otp,
        s1_0.reset_otp_expiry,
        s1_0.reset_password_token,
        s1_0.reset_password_token_expiry,
        s1_0.roll_number,
        s1_0.school_id,
        s1_0.school_name,
        s1_0.standard,
        s1_0.status,
        s1_0.updated_at,
        s1_0.welcome_completed 
    from
        students s1_0 
    where
        s1_0.school_id=?
Hibernate: 
    select
        r1_0.id,
        r1_0.active,
        r1_0.created_at,
        r1_0.marks_obtained,
        r1_0.status,
        r1_0.student_id,
        r1_0.submitted_at,
        r1_0.test_title,
        r1_0.total_marks,
        r1_0.updated_at 
    from
        results r1_0 
    join
        users s1_0 
            on s1_0.id=r1_0.student_id 
    where
        s1_0.school_id=? 
        and r1_0.active
Hibernate: 
    select
        s1_0.id,
        s1_0.ai_voice,
        s1_0.auto_play_audio,
        s1_0.created_at,
        s1_0.daily_reminder,
        s1_0.dark_mode,
        s1_0.language,
        s1_0.notifications_enabled,
        s1_0.sound_effects,
        s1_0.student_id,
        s1_0.two_factor_enabled,
        s1_0.updated_at,
        s1_0.user_id 
    from
        settings s1_0 
    where
        s1_0.student_id=?
2026-08-24T18:31:51.071+05:30  INFO 15172 --- [SpeakMateAI] [.0-9091-exec-10] c.r.s.security.RequestLoggingFilter      : [REQUEST LOG] Incoming request: GET /api/v1/school/teachers
Hibernate: 
    select
        u1_0.id,
        case 
            when u1_1.user_id is not null 
                then 1 
            when u1_2.id is not null 
                then 2 
            when u1_0.id is not null 
                then 0 
        end,
        u1_0.active,
        u1_0.age_group,
        u1_0.auth_provider,
        u1_0.avatar,
        u1_0.created_at,
        u1_0.daily_goal_minutes,
        u1_0.division,
        u1_0.email,
        u1_0.email_verification_token,
        u1_0.email_verified,
        u1_0.english_level,
        u1_0.expo_push_token,
        u1_0.first_name,
        u1_0.interests,
        u1_0.last_name,
        u1_0.learning_goal,
        u1_0.native_language,
        u1_0.onboarding_completed,
        u1_0.parent_name,
        u1_0.parent_phone,
        u1_0.password,
        u1_0.phone,
        u1_0.preferred_accent,
        u1_0.preferred_voice,
        u1_0.reset_otp,
        u1_0.reset_otp_expiry,
        u1_0.reset_password_token,
        u1_0.reset_password_token_expiry,
        u1_0.role,
        u1_0.roll_number,
        u1_0.school_id,
        u1_0.school_name,
        u1_0.standard,
        u1_0.status,
        u1_0.updated_at,
        u1_0.user_type,
        u1_0.welcome_completed,
        u1_2.department,
        u1_2.designation,
        u1_2.employee_id,
        u1_2.experience,
        u1_2.joined_at,
        u1_2.qualification 
    from
        users u1_0 
    left join
        school_admins u1_1 
            on u1_0.id=u1_1.user_id 
    left join
        teachers u1_2 
            on u1_0.id=u1_2.id 
    where
        u1_0.email=?
Hibernate: 
    select
        s1_0.id,
        s1_0.ai_voice,
        s1_0.auto_play_audio,
        s1_0.created_at,
        s1_0.daily_reminder,
        s1_0.dark_mode,
        s1_0.language,
        s1_0.notifications_enabled,
        s1_0.sound_effects,
        s1_0.student_id,
        s1_0.two_factor_enabled,
        s1_0.updated_at,
        s1_0.user_id 
    from
        settings s1_0 
    where
        s1_0.student_id=?
Hibernate: 
    select
        s1_0.id,
        s1_0.ai_voice,
        s1_0.auto_play_audio,
        s1_0.created_at,
        s1_0.daily_reminder,
        s1_0.dark_mode,
        s1_0.language,
        s1_0.notifications_enabled,
        s1_0.sound_effects,
        s1_0.student_id,
        s1_0.two_factor_enabled,
        s1_0.updated_at,
        s1_0.user_id 
    from
        settings s1_0 
    where
        s1_0.student_id=?
Hibernate: 
    select
        u1_0.id,
        case 
            when u1_1.user_id is not null 
                then 1 
            when u1_2.id is not null 
                then 2 
            when u1_0.id is not null 
                then 0 
        end,
        u1_0.active,
        u1_0.age_group,
        u1_0.auth_provider,
        u1_0.avatar,
        u1_0.created_at,
        u1_0.daily_goal_minutes,
        u1_0.division,
        u1_0.email,
        u1_0.email_verification_token,
        u1_0.email_verified,
        u1_0.english_level,
        u1_0.expo_push_token,
        u1_0.first_name,
        u1_0.interests,
        u1_0.last_name,
        u1_0.learning_goal,
        u1_0.native_language,
        u1_0.onboarding_completed,
        u1_0.parent_name,
        u1_0.parent_phone,
        u1_0.password,
        u1_0.phone,
        u1_0.preferred_accent,
        u1_0.preferred_voice,
        u1_0.reset_otp,
        u1_0.reset_otp_expiry,
        u1_0.reset_password_token,
        u1_0.reset_password_token_expiry,
        u1_0.role,
        u1_0.roll_number,
        u1_0.school_id,
        u1_0.school_name,
        u1_0.standard,
        u1_0.status,
        u1_0.updated_at,
        u1_0.user_type,
        u1_0.welcome_completed,
        u1_2.department,
        u1_2.designation,
        u1_2.employee_id,
        u1_2.experience,
        u1_2.joined_at,
        u1_2.qualification 
    from
        users u1_0 
    left join
        school_admins u1_1 
            on u1_0.id=u1_1.user_id 
    left join
        teachers u1_2 
            on u1_0.id=u1_2.id 
    where
        u1_0.email=?
Hibernate: 
    select
        s1_0.id,
        s1_0.ai_voice,
        s1_0.auto_play_audio,
        s1_0.created_at,
        s1_0.daily_reminder,
        s1_0.dark_mode,
        s1_0.language,
        s1_0.notifications_enabled,
        s1_0.sound_effects,
        s1_0.student_id,
        s1_0.two_factor_enabled,
        s1_0.updated_at,
        s1_0.user_id 
    from
        settings s1_0 
    where
        s1_0.student_id=?
Hibernate: 
    select
        s1_0.id,
        s1_0.ai_voice,
        s1_0.auto_play_audio,
        s1_0.created_at,
        s1_0.daily_reminder,
        s1_0.dark_mode,
        s1_0.language,
        s1_0.notifications_enabled,
        s1_0.sound_effects,
        s1_0.student_id,
        s1_0.two_factor_enabled,
        s1_0.updated_at,
        s1_0.user_id 
    from
        settings s1_0 
    where
        s1_0.student_id=?
Hibernate: 
    select
        u1_0.id,
        case 
            when u1_1.user_id is not null 
                then 1 
            when u1_2.id is not null 
                then 2 
            when u1_0.id is not null 
                then 0 
        end,
        u1_0.active,
        u1_0.age_group,
        u1_0.auth_provider,
        u1_0.avatar,
        u1_0.created_at,
        u1_0.daily_goal_minutes,
        u1_0.division,
        u1_0.email,
        u1_0.email_verification_token,
        u1_0.email_verified,
        u1_0.english_level,
        u1_0.expo_push_token,
        u1_0.first_name,
        u1_0.interests,
        u1_0.last_name,
        u1_0.learning_goal,
        u1_0.native_language,
        u1_0.onboarding_completed,
        u1_0.parent_name,
        u1_0.parent_phone,
        u1_0.password,
        u1_0.phone,
        u1_0.preferred_accent,
        u1_0.preferred_voice,
        u1_0.reset_otp,
        u1_0.reset_otp_expiry,
        u1_0.reset_password_token,
        u1_0.reset_password_token_expiry,
        u1_0.role,
        u1_0.roll_number,
        u1_0.school_id,
        u1_0.school_name,
        u1_0.standard,
        u1_0.status,
        u1_0.updated_at,
        u1_0.user_type,
        u1_0.welcome_completed,
        u1_2.department,
        u1_2.designation,
        u1_2.employee_id,
        u1_2.experience,
        u1_2.joined_at,
        u1_2.qualification 
    from
        users u1_0 
    left join
        school_admins u1_1 
            on u1_0.id=u1_1.user_id 
    left join
        teachers u1_2 
            on u1_0.id=u1_2.id 
    where
        u1_0.school_id=? 
        and u1_0.role=?
Hibernate: 
    select
        s1_0.id,
        s1_0.ai_voice,
        s1_0.auto_play_audio,
        s1_0.created_at,
        s1_0.daily_reminder,
        s1_0.dark_mode,
        s1_0.language,
        s1_0.notifications_enabled,
        s1_0.sound_effects,
        s1_0.student_id,
        s1_0.two_factor_enabled,
        s1_0.updated_at,
        s1_0.user_id 
    from
        settings s1_0 
    where
        s1_0.student_id=?
Hibernate: 
    select
        u1_0.id,
        case 
            when u1_1.user_id is not null 
                then 1 
            when u1_2.id is not null 
                then 2 
            when u1_0.id is not null 
                then 0 
        end,
        u1_0.active,
        u1_0.age_group,
        u1_0.auth_provider,
        u1_0.avatar,
        u1_0.created_at,
        u1_0.daily_goal_minutes,
        u1_0.division,
        u1_0.email,
        u1_0.email_verification_token,
        u1_0.email_verified,
        u1_0.english_level,
        u1_0.expo_push_token,
        u1_0.first_name,
        u1_0.interests,
        u1_0.last_name,
        u1_0.learning_goal,
        u1_0.native_language,
        u1_0.onboarding_completed,
        u1_0.parent_name,
        u1_0.parent_phone,
        u1_0.password,
        u1_0.phone,
        u1_0.preferred_accent,
        u1_0.preferred_voice,
        u1_0.reset_otp,
        u1_0.reset_otp_expiry,
        u1_0.reset_password_token,
        u1_0.reset_password_token_expiry,
        u1_0.role,
        u1_0.roll_number,
        u1_0.school_id,
        u1_0.school_name,
        u1_0.standard,
        u1_0.status,
        u1_0.updated_at,
        u1_0.user_type,
        u1_0.welcome_completed,
        u1_2.department,
        u1_2.designation,
        u1_2.employee_id,
        u1_2.experience,
        u1_2.joined_at,
        u1_2.qualification 
    from
        users u1_0 
    left join
        school_admins u1_1 
            on u1_0.id=u1_1.user_id 
    left join
        teachers u1_2 
            on u1_0.id=u1_2.id 
    where
        u1_0.school_id=? 
        and u1_0.role=?
Hibernate: 
    select
        s1_0.id,
        s1_0.active,
        s1_0.address,
        s1_0.contact_phone,
        s1_0.created_at,
        s1_0.name,
        s1_0.school_code,
        s1_0.school_name,
        s1_0.updated_at 
    from
        schools s1_0 
    where
        s1_0.id=?
Hibernate: 
    select
        s1_0.id,
        s1_0.ai_voice,
        s1_0.auto_play_audio,
        s1_0.created_at,
        s1_0.daily_reminder,
        s1_0.dark_mode,
        s1_0.language,
        s1_0.notifications_enabled,
        s1_0.sound_effects,
        s1_0.student_id,
        s1_0.two_factor_enabled,
        s1_0.updated_at,
        s1_0.user_id 
    from
        settings s1_0 
    where
        s1_0.student_id=?
Hibernate: 
    select
        cr1_0.id,
        cr1_0.academic_year,
        cr1_0.created_at,
        cr1_0.grade,
        cr1_0.name,
        cr1_0.school_id,
        cr1_0.status,
        cr1_0.teacher_id,
        cr1_0.updated_at 
    from
        class_rooms cr1_0 
    where
        cr1_0.school_id=?
Hibernate: 
    select
        s1_0.id,
        s1_0.ai_voice,
        s1_0.auto_play_audio,
        s1_0.created_at,
        s1_0.daily_reminder,
        s1_0.dark_mode,
        s1_0.language,
        s1_0.notifications_enabled,
        s1_0.sound_effects,
        s1_0.student_id,
        s1_0.two_factor_enabled,
        s1_0.updated_at,
        s1_0.user_id 
    from
        settings s1_0 
    where
        s1_0.student_id=?
Hibernate: 
    select
        r1_0.id,
        r1_0.active,
        r1_0.created_at,
        r1_0.marks_obtained,
        r1_0.status,
        r1_0.student_id,
        r1_0.submitted_at,
        r1_0.test_title,
        r1_0.total_marks,
        r1_0.updated_at 
    from
        results r1_0 
    join
        users s1_0 
            on s1_0.id=r1_0.student_id 
    where
        s1_0.school_id=? 
        and r1_0.active
Hibernate: 
    select
        s1_0.id,
        s1_0.ai_voice,
        s1_0.auto_play_audio,
        s1_0.created_at,
        s1_0.daily_reminder,
        s1_0.dark_mode,
        s1_0.language,
        s1_0.notifications_enabled,
        s1_0.sound_effects,
        s1_0.student_id,
        s1_0.two_factor_enabled,
        s1_0.updated_at,
        s1_0.user_id 
    from
        settings s1_0 
    where
        s1_0.student_id=?
Hibernate: 
    select
        count(lp1_0.id) 
    from
        lesson_progress lp1_0 
    join
        students s1_0 
            on s1_0.id=lp1_0.user_id 
    where
        s1_0.school_id=? 
        and lp1_0.completed=true
Hibernate: 
    select
        s1_0.id,
        s1_0.ai_voice,
        s1_0.auto_play_audio,
        s1_0.created_at,
        s1_0.daily_reminder,
        s1_0.dark_mode,
        s1_0.language,
        s1_0.notifications_enabled,
        s1_0.sound_effects,
        s1_0.student_id,
        s1_0.two_factor_enabled,
        s1_0.updated_at,
        s1_0.user_id 
    from
        settings s1_0 
    where
        s1_0.student_id=?
Hibernate: 
    select
        s1_0.id,
        s1_0.active,
        s1_0.address,
        s1_0.contact_phone,
        s1_0.created_at,
        s1_0.name,
        s1_0.school_code,
        s1_0.school_name,
        s1_0.updated_at 
    from
        schools s1_0 
    where
        s1_0.id=?
Hibernate: 
    select
        s1_0.id,
        s1_0.ai_voice,
        s1_0.auto_play_audio,
        s1_0.created_at,
        s1_0.daily_reminder,
        s1_0.dark_mode,
        s1_0.language,
        s1_0.notifications_enabled,
        s1_0.sound_effects,
        s1_0.student_id,
        s1_0.two_factor_enabled,
        s1_0.updated_at,
        s1_0.user_id 
    from
        settings s1_0 
    where
        s1_0.student_id=?
2026-08-24T18:31:51.958+05:30  INFO 15172 --- [SpeakMateAI] [0.0-9091-exec-2] c.r.s.security.RequestLoggingFilter      : [REQUEST LOG] Incoming request: GET /api/v1/school/dashboard
Hibernate: 
    select
        u1_0.id,
        case 
            when u1_1.user_id is not null 
                then 1 
            when u1_2.id is not null 
                then 2 
            when u1_0.id is not null 
                then 0 
        end,
        u1_0.active,
        u1_0.age_group,
        u1_0.auth_provider,
        u1_0.avatar,
        u1_0.created_at,
        u1_0.daily_goal_minutes,
        u1_0.division,
        u1_0.email,
        u1_0.email_verification_token,
        u1_0.email_verified,
        u1_0.english_level,
        u1_0.expo_push_token,
        u1_0.first_name,
        u1_0.interests,
        u1_0.last_name,
        u1_0.learning_goal,
        u1_0.native_language,
        u1_0.onboarding_completed,
        u1_0.parent_name,
        u1_0.parent_phone,
        u1_0.password,
        u1_0.phone,
        u1_0.preferred_accent,
        u1_0.preferred_voice,
        u1_0.reset_otp,
        u1_0.reset_otp_expiry,
        u1_0.reset_password_token,
        u1_0.reset_password_token_expiry,
        u1_0.role,
        u1_0.roll_number,
        u1_0.school_id,
        u1_0.school_name,
        u1_0.standard,
        u1_0.status,
        u1_0.updated_at,
        u1_0.user_type,
        u1_0.welcome_completed,
        u1_2.department,
        u1_2.designation,
        u1_2.employee_id,
        u1_2.experience,
        u1_2.joined_at,
        u1_2.qualification 
    from
        users u1_0 
    left join
        school_admins u1_1 
            on u1_0.id=u1_1.user_id 
    left join
        teachers u1_2 
            on u1_0.id=u1_2.id 
    where
        u1_0.email=?
Hibernate: 
    select
        s1_0.id,
        s1_0.active,
        s1_0.address,
        s1_0.contact_phone,
        s1_0.created_at,
        s1_0.name,
        s1_0.school_code,
        s1_0.school_name,
        s1_0.updated_at 
    from
        schools s1_0 
    where
        s1_0.id=?
Hibernate: 
    select
        u1_0.id,
        case 
            when u1_1.user_id is not null 
                then 1 
            when u1_2.id is not null 
                then 2 
            when u1_0.id is not null 
                then 0 
        end,
        u1_0.active,
        u1_0.age_group,
        u1_0.auth_provider,
        u1_0.avatar,
        u1_0.created_at,
        u1_0.daily_goal_minutes,
        u1_0.division,
        u1_0.email,
        u1_0.email_verification_token,
        u1_0.email_verified,
        u1_0.english_level,
        u1_0.expo_push_token,
        u1_0.first_name,
        u1_0.interests,
        u1_0.last_name,
        u1_0.learning_goal,
        u1_0.native_language,
        u1_0.onboarding_completed,
        u1_0.parent_name,
        u1_0.parent_phone,
        u1_0.password,
        u1_0.phone,
        u1_0.preferred_accent,
        u1_0.preferred_voice,
        u1_0.reset_otp,
        u1_0.reset_otp_expiry,
        u1_0.reset_password_token,
        u1_0.reset_password_token_expiry,
        u1_0.role,
        u1_0.roll_number,
        u1_0.school_id,
        u1_0.school_name,
        u1_0.standard,
        u1_0.status,
        u1_0.updated_at,
        u1_0.user_type,
        u1_0.welcome_completed,
        u1_2.department,
        u1_2.designation,
        u1_2.employee_id,
        u1_2.experience,
        u1_2.joined_at,
        u1_2.qualification 
    from
        users u1_0 
    left join
        school_admins u1_1 
            on u1_0.id=u1_1.user_id 
    left join
        teachers u1_2 
            on u1_0.id=u1_2.id 
    where
        u1_0.email=?
Hibernate: 
    select
        s1_0.id,
        s1_0.active,
        s1_0.age_group,
        s1_0.auth_provider,
        s1_0.avatar,
        s1_0.created_at,
        s1_0.daily_goal_minutes,
        s1_0.division,
        s1_0.email,
        s1_0.email_verification_token,
        s1_0.email_verified,
        s1_0.english_level,
        s1_0.expo_push_token,
        s1_0.first_name,
        s1_0.interests,
        s1_0.last_name,
        s1_0.learning_goal,
        s1_0.native_language,
        s1_0.onboarding_completed,
        s1_0.parent_name,
        s1_0.parent_phone,
        s1_0.password,
        s1_0.phone,
        s1_0.preferred_accent,
        s1_0.preferred_voice,
        s1_0.reset_otp,
        s1_0.reset_otp_expiry,
        s1_0.reset_password_token,
        s1_0.reset_password_token_expiry,
        s1_0.roll_number,
        s1_0.school_id,
        s1_0.school_name,
        s1_0.standard,
        s1_0.status,
        s1_0.updated_at,
        s1_0.welcome_completed 
    from
        students s1_0 
    where
        s1_0.school_id=?
2026-08-24T18:31:52.238+05:30  INFO 15172 --- [SpeakMateAI] [0.0-9091-exec-9] c.r.s.security.RequestLoggingFilter      : [REQUEST LOG] Incoming request: GET /api/school/students
Hibernate: 
    select
        u1_0.id,
        case 
            when u1_1.user_id is not null 
                then 1 
            when u1_2.id is not null 
                then 2 
            when u1_0.id is not null 
                then 0 
        end,
        u1_0.active,
        u1_0.age_group,
        u1_0.auth_provider,
        u1_0.avatar,
        u1_0.created_at,
        u1_0.daily_goal_minutes,
        u1_0.division,
        u1_0.email,
        u1_0.email_verification_token,
        u1_0.email_verified,
        u1_0.english_level,
        u1_0.expo_push_token,
        u1_0.first_name,
        u1_0.interests,
        u1_0.last_name,
        u1_0.learning_goal,
        u1_0.native_language,
        u1_0.onboarding_completed,
        u1_0.parent_name,
        u1_0.parent_phone,
        u1_0.password,
        u1_0.phone,
        u1_0.preferred_accent,
        u1_0.preferred_voice,
        u1_0.reset_otp,
        u1_0.reset_otp_expiry,
        u1_0.reset_password_token,
        u1_0.reset_password_token_expiry,
        u1_0.role,
        u1_0.roll_number,
        u1_0.school_id,
        u1_0.school_name,
        u1_0.standard,
        u1_0.status,
        u1_0.updated_at,
        u1_0.user_type,
        u1_0.welcome_completed,
        u1_2.department,
        u1_2.designation,
        u1_2.employee_id,
        u1_2.experience,
        u1_2.joined_at,
        u1_2.qualification 
    from
        users u1_0 
    left join
        school_admins u1_1 
            on u1_0.id=u1_1.user_id 
    left join
        teachers u1_2 
            on u1_0.id=u1_2.id 
    where
        u1_0.email=?
Hibernate: 
    select
        s1_0.id,
        s1_0.ai_voice,
        s1_0.auto_play_audio,
        s1_0.created_at,
        s1_0.daily_reminder,
        s1_0.dark_mode,
        s1_0.language,
        s1_0.notifications_enabled,
        s1_0.sound_effects,
        s1_0.student_id,
        s1_0.two_factor_enabled,
        s1_0.updated_at,
        s1_0.user_id 
    from
        settings s1_0 
    where
        s1_0.student_id=?
Hibernate: 
    select
        u1_0.id,
        case 
            when u1_1.user_id is not null 
                then 1 
            when u1_2.id is not null 
                then 2 
            when u1_0.id is not null 
                then 0 
        end,
        u1_0.active,
        u1_0.age_group,
        u1_0.auth_provider,
        u1_0.avatar,
        u1_0.created_at,
        u1_0.daily_goal_minutes,
        u1_0.division,
        u1_0.email,
        u1_0.email_verification_token,
        u1_0.email_verified,
        u1_0.english_level,
        u1_0.expo_push_token,
        u1_0.first_name,
        u1_0.interests,
        u1_0.last_name,
        u1_0.learning_goal,
        u1_0.native_language,
        u1_0.onboarding_completed,
        u1_0.parent_name,
        u1_0.parent_phone,
        u1_0.password,
        u1_0.phone,
        u1_0.preferred_accent,
        u1_0.preferred_voice,
        u1_0.reset_otp,
        u1_0.reset_otp_expiry,
        u1_0.reset_password_token,
        u1_0.reset_password_token_expiry,
        u1_0.role,
        u1_0.roll_number,
        u1_0.school_id,
        u1_0.school_name,
        u1_0.standard,
        u1_0.status,
        u1_0.updated_at,
        u1_0.user_type,
        u1_0.welcome_completed,
        u1_2.department,
        u1_2.designation,
        u1_2.employee_id,
        u1_2.experience,
        u1_2.joined_at,
        u1_2.qualification 
    from
        users u1_0 
    left join
        school_admins u1_1 
            on u1_0.id=u1_1.user_id 
    left join
        teachers u1_2 
            on u1_0.id=u1_2.id 
    where
        u1_0.email=?
Hibernate: 
    select
        s1_0.id,
        s1_0.ai_voice,
        s1_0.auto_play_audio,
        s1_0.created_at,
        s1_0.daily_reminder,
        s1_0.dark_mode,
        s1_0.language,
        s1_0.notifications_enabled,
        s1_0.sound_effects,
        s1_0.student_id,
        s1_0.two_factor_enabled,
        s1_0.updated_at,
        s1_0.user_id 
    from
        settings s1_0 
    where
        s1_0.student_id=?
Hibernate: 
    select
        s1_0.id,
        s1_0.active,
        s1_0.age_group,
        s1_0.auth_provider,
        s1_0.avatar,
        s1_0.created_at,
        s1_0.daily_goal_minutes,
        s1_0.division,
        s1_0.email,
        s1_0.email_verification_token,
        s1_0.email_verified,
        s1_0.english_level,
        s1_0.expo_push_token,
        s1_0.first_name,
        s1_0.interests,
        s1_0.last_name,
        s1_0.learning_goal,
        s1_0.native_language,
        s1_0.onboarding_completed,
        s1_0.parent_name,
        s1_0.parent_phone,
        s1_0.password,
        s1_0.phone,
        s1_0.preferred_accent,
        s1_0.preferred_voice,
        s1_0.reset_otp,
        s1_0.reset_otp_expiry,
        s1_0.reset_password_token,
        s1_0.reset_password_token_expiry,
        s1_0.roll_number,
        s1_0.school_id,
        s1_0.school_name,
        s1_0.standard,
        s1_0.status,
        s1_0.updated_at,
        s1_0.welcome_completed 
    from
        students s1_0 
    where
        s1_0.school_id=?
Hibernate: 
    select
        s1_0.id,
        s1_0.ai_voice,
        s1_0.auto_play_audio,
        s1_0.created_at,
        s1_0.daily_reminder,
        s1_0.dark_mode,
        s1_0.language,
        s1_0.notifications_enabled,
        s1_0.sound_effects,
        s1_0.student_id,
        s1_0.two_factor_enabled,
        s1_0.updated_at,
        s1_0.user_id 
    from
        settings s1_0 
    where
        s1_0.student_id=?
Hibernate: 
    select
        s1_0.id,
        s1_0.ai_voice,
        s1_0.auto_play_audio,
        s1_0.created_at,
        s1_0.daily_reminder,
        s1_0.dark_mode,
        s1_0.language,
        s1_0.notifications_enabled,
        s1_0.sound_effects,
        s1_0.student_id,
        s1_0.two_factor_enabled,
        s1_0.updated_at,
        s1_0.user_id 
    from
        settings s1_0 
    where
        s1_0.student_id=?
Hibernate: 
    select
        s1_0.id,
        s1_0.ai_voice,
        s1_0.auto_play_audio,
        s1_0.created_at,
        s1_0.daily_reminder,
        s1_0.dark_mode,
        s1_0.language,
        s1_0.notifications_enabled,
        s1_0.sound_effects,
        s1_0.student_id,
        s1_0.two_factor_enabled,
        s1_0.updated_at,
        s1_0.user_id 
    from
        settings s1_0 
    where
        s1_0.student_id=?
Hibernate: 
    select
        s1_0.id,
        s1_0.ai_voice,
        s1_0.auto_play_audio,
        s1_0.created_at,
        s1_0.daily_reminder,
        s1_0.dark_mode,
        s1_0.language,
        s1_0.notifications_enabled,
        s1_0.sound_effects,
        s1_0.student_id,
        s1_0.two_factor_enabled,
        s1_0.updated_at,
        s1_0.user_id 
    from
        settings s1_0 
    where
        s1_0.student_id=?
Hibernate: 
    select
        s1_0.id,
        s1_0.ai_voice,
        s1_0.auto_play_audio,
        s1_0.created_at,
        s1_0.daily_reminder,
        s1_0.dark_mode,
        s1_0.language,
        s1_0.notifications_enabled,
        s1_0.sound_effects,
        s1_0.student_id,
        s1_0.two_factor_enabled,
        s1_0.updated_at,
        s1_0.user_id 
    from
        settings s1_0 
    where
        s1_0.student_id=?
Hibernate: 
    select
        s1_0.id,
        s1_0.ai_voice,
        s1_0.auto_play_audio,
        s1_0.created_at,
        s1_0.daily_reminder,
        s1_0.dark_mode,
        s1_0.language,
        s1_0.notifications_enabled,
        s1_0.sound_effects,
        s1_0.student_id,
        s1_0.two_factor_enabled,
        s1_0.updated_at,
        s1_0.user_id 
    from
        settings s1_0 
    where
        s1_0.student_id=?
Hibernate: 
    select
        s1_0.id,
        s1_0.ai_voice,
        s1_0.auto_play_audio,
        s1_0.created_at,
        s1_0.daily_reminder,
        s1_0.dark_mode,
        s1_0.language,
        s1_0.notifications_enabled,
        s1_0.sound_effects,
        s1_0.student_id,
        s1_0.two_factor_enabled,
        s1_0.updated_at,
        s1_0.user_id 
    from
        settings s1_0 
    where
        s1_0.student_id=?
Hibernate: 
    select
        s1_0.id,
        s1_0.ai_voice,
        s1_0.auto_play_audio,
        s1_0.created_at,
        s1_0.daily_reminder,
        s1_0.dark_mode,
        s1_0.language,
        s1_0.notifications_enabled,
        s1_0.sound_effects,
        s1_0.student_id,
        s1_0.two_factor_enabled,
        s1_0.updated_at,
        s1_0.user_id 
    from
        settings s1_0 
    where
        s1_0.student_id=?
Hibernate: 
    select
        s1_0.id,
        s1_0.ai_voice,
        s1_0.auto_play_audio,
        s1_0.created_at,
        s1_0.daily_reminder,
        s1_0.dark_mode,
        s1_0.language,
        s1_0.notifications_enabled,
        s1_0.sound_effects,
        s1_0.student_id,
        s1_0.two_factor_enabled,
        s1_0.updated_at,
        s1_0.user_id 
    from
        settings s1_0 
    where
        s1_0.student_id=?
Hibernate: 
    select
        s1_0.id,
        s1_0.ai_voice,
        s1_0.auto_play_audio,
        s1_0.created_at,
        s1_0.daily_reminder,
        s1_0.dark_mode,
        s1_0.language,
        s1_0.notifications_enabled,
        s1_0.sound_effects,
        s1_0.student_id,
        s1_0.two_factor_enabled,
        s1_0.updated_at,
        s1_0.user_id 
    from
        settings s1_0 
    where
        s1_0.student_id=?
Hibernate: 
    select
        s1_0.id,
        s1_0.ai_voice,
        s1_0.auto_play_audio,
        s1_0.created_at,
        s1_0.daily_reminder,
        s1_0.dark_mode,
        s1_0.language,
        s1_0.notifications_enabled,
        s1_0.sound_effects,
        s1_0.student_id,
        s1_0.two_factor_enabled,
        s1_0.updated_at,
        s1_0.user_id 
    from
        settings s1_0 
    where
        s1_0.student_id=?
Hibernate: 
    select
        s1_0.id,
        s1_0.ai_voice,
        s1_0.auto_play_audio,
        s1_0.created_at,
        s1_0.daily_reminder,
        s1_0.dark_mode,
        s1_0.language,
        s1_0.notifications_enabled,
        s1_0.sound_effects,
        s1_0.student_id,
        s1_0.two_factor_enabled,
        s1_0.updated_at,
        s1_0.user_id 
    from
        settings s1_0 
    where
        s1_0.student_id=?
Hibernate: 
    select
        u1_0.id,
        case 
            when u1_1.user_id is not null 
                then 1 
            when u1_2.id is not null 
                then 2 
            when u1_0.id is not null 
                then 0 
        end,
        u1_0.active,
        u1_0.age_group,
        u1_0.auth_provider,
        u1_0.avatar,
        u1_0.created_at,
        u1_0.daily_goal_minutes,
        u1_0.division,
        u1_0.email,
        u1_0.email_verification_token,
        u1_0.email_verified,
        u1_0.english_level,
        u1_0.expo_push_token,
        u1_0.first_name,
        u1_0.interests,
        u1_0.last_name,
        u1_0.learning_goal,
        u1_0.native_language,
        u1_0.onboarding_completed,
        u1_0.parent_name,
        u1_0.parent_phone,
        u1_0.password,
        u1_0.phone,
        u1_0.preferred_accent,
        u1_0.preferred_voice,
        u1_0.reset_otp,
        u1_0.reset_otp_expiry,
        u1_0.reset_password_token,
        u1_0.reset_password_token_expiry,
        u1_0.role,
        u1_0.roll_number,
        u1_0.school_id,
        u1_0.school_name,
        u1_0.standard,
        u1_0.status,
        u1_0.updated_at,
        u1_0.user_type,
        u1_0.welcome_completed,
        u1_2.department,
        u1_2.designation,
        u1_2.employee_id,
        u1_2.experience,
        u1_2.joined_at,
        u1_2.qualification 
    from
        users u1_0 
    left join
        school_admins u1_1 
            on u1_0.id=u1_1.user_id 
    left join
        teachers u1_2 
            on u1_0.id=u1_2.id 
    where
        u1_0.school_id=? 
        and u1_0.role=?
Hibernate: 
    select
        s1_0.id,
        s1_0.ai_voice,
        s1_0.auto_play_audio,
        s1_0.created_at,
        s1_0.daily_reminder,
        s1_0.dark_mode,
        s1_0.language,
        s1_0.notifications_enabled,
        s1_0.sound_effects,
        s1_0.student_id,
        s1_0.two_factor_enabled,
        s1_0.updated_at,
        s1_0.user_id 
    from
        settings s1_0 
    where
        s1_0.student_id=?
Hibernate: 
    select
        cr1_0.id,
        cr1_0.academic_year,
        cr1_0.created_at,
        cr1_0.grade,
        cr1_0.name,
        cr1_0.school_id,
        cr1_0.status,
        cr1_0.teacher_id,
        cr1_0.updated_at 
    from
        class_rooms cr1_0 
    where
        cr1_0.school_id=?
Hibernate: 
    select
        r1_0.id,
        r1_0.active,
        r1_0.created_at,
        r1_0.marks_obtained,
        r1_0.status,
        r1_0.student_id,
        r1_0.submitted_at,
        r1_0.test_title,
        r1_0.total_marks,
        r1_0.updated_at 
    from
        results r1_0 
    join
        users s1_0 
            on s1_0.id=r1_0.student_id 
    where
        s1_0.school_id=? 
        and r1_0.active
2026-08-24T18:31:53.475+05:30  INFO 15172 --- [SpeakMateAI] [0.0-9091-exec-8] c.r.s.security.RequestLoggingFilter      : [REQUEST LOG] Incoming request: GET /api/v1/school/teachers
Hibernate: 
    select
        count(lp1_0.id) 
    from
        lesson_progress lp1_0 
    join
        students s1_0 
            on s1_0.id=lp1_0.user_id 
    where
        s1_0.school_id=? 
        and lp1_0.completed=true
Hibernate: 
    select
        s1_0.id,
        s1_0.ai_voice,
        s1_0.auto_play_audio,
        s1_0.created_at,
        s1_0.daily_reminder,
        s1_0.dark_mode,
        s1_0.language,
        s1_0.notifications_enabled,
        s1_0.sound_effects,
        s1_0.student_id,
        s1_0.two_factor_enabled,
        s1_0.updated_at,
        s1_0.user_id 
    from
        settings s1_0 
    where
        s1_0.student_id=?
Hibernate: 
    select
        u1_0.id,
        case 
            when u1_1.user_id is not null 
                then 1 
            when u1_2.id is not null 
                then 2 
            when u1_0.id is not null 
                then 0 
        end,
        u1_0.active,
        u1_0.age_group,
        u1_0.auth_provider,
        u1_0.avatar,
        u1_0.created_at,
        u1_0.daily_goal_minutes,
        u1_0.division,
        u1_0.email,
        u1_0.email_verification_token,
        u1_0.email_verified,
        u1_0.english_level,
        u1_0.expo_push_token,
        u1_0.first_name,
        u1_0.interests,
        u1_0.last_name,
        u1_0.learning_goal,
        u1_0.native_language,
        u1_0.onboarding_completed,
        u1_0.parent_name,
        u1_0.parent_phone,
        u1_0.password,
        u1_0.phone,
        u1_0.preferred_accent,
        u1_0.preferred_voice,
        u1_0.reset_otp,
        u1_0.reset_otp_expiry,
        u1_0.reset_password_token,
        u1_0.reset_password_token_expiry,
        u1_0.role,
        u1_0.roll_number,
        u1_0.school_id,
        u1_0.school_name,
        u1_0.standard,
        u1_0.status,
        u1_0.updated_at,
        u1_0.user_type,
        u1_0.welcome_completed,
        u1_2.department,
        u1_2.designation,
        u1_2.employee_id,
        u1_2.experience,
        u1_2.joined_at,
        u1_2.qualification 
    from
        users u1_0 
    left join
        school_admins u1_1 
            on u1_0.id=u1_1.user_id 
    left join
        teachers u1_2 
            on u1_0.id=u1_2.id 
    where
        u1_0.email=?
Hibernate: 
    select
        s1_0.id,
        s1_0.active,
        s1_0.address,
        s1_0.contact_phone,
        s1_0.created_at,
        s1_0.name,
        s1_0.school_code,
        s1_0.school_name,
        s1_0.updated_at 
    from
        schools s1_0 
    where
        s1_0.id=?
Hibernate: 
    select
        s1_0.id,
        s1_0.active,
        s1_0.address,
        s1_0.contact_phone,
        s1_0.created_at,
        s1_0.name,
        s1_0.school_code,
        s1_0.school_name,
        s1_0.updated_at 
    from
        schools s1_0 
    where
        s1_0.id=?
2026-08-24T18:31:53.842+05:30  INFO 15172 --- [SpeakMateAI] [0.0-9091-exec-7] c.r.s.security.RequestLoggingFilter      : [REQUEST LOG] Incoming request: GET /api/v1/school/dashboard
Hibernate: 
    select
        u1_0.id,
        case 
            when u1_1.user_id is not null 
                then 1 
            when u1_2.id is not null 
                then 2 
            when u1_0.id is not null 
                then 0 
        end,
        u1_0.active,
        u1_0.age_group,
        u1_0.auth_provider,
        u1_0.avatar,
        u1_0.created_at,
        u1_0.daily_goal_minutes,
        u1_0.division,
        u1_0.email,
        u1_0.email_verification_token,
        u1_0.email_verified,
        u1_0.english_level,
        u1_0.expo_push_token,
        u1_0.first_name,
        u1_0.interests,
        u1_0.last_name,
        u1_0.learning_goal,
        u1_0.native_language,
        u1_0.onboarding_completed,
        u1_0.parent_name,
        u1_0.parent_phone,
        u1_0.password,
        u1_0.phone,
        u1_0.preferred_accent,
        u1_0.preferred_voice,
        u1_0.reset_otp,
        u1_0.reset_otp_expiry,
        u1_0.reset_password_token,
        u1_0.reset_password_token_expiry,
        u1_0.role,
        u1_0.roll_number,
        u1_0.school_id,
        u1_0.school_name,
        u1_0.standard,
        u1_0.status,
        u1_0.updated_at,
        u1_0.user_type,
        u1_0.welcome_completed,
        u1_2.department,
        u1_2.designation,
        u1_2.employee_id,
        u1_2.experience,
        u1_2.joined_at,
        u1_2.qualification 
    from
        users u1_0 
    left join
        school_admins u1_1 
            on u1_0.id=u1_1.user_id 
    left join
        teachers u1_2 
            on u1_0.id=u1_2.id 
    where
        u1_0.email=?
Hibernate: 
    select
        u1_0.id,
        case 
            when u1_1.user_id is not null 
                then 1 
            when u1_2.id is not null 
                then 2 
            when u1_0.id is not null 
                then 0 
        end,
        u1_0.active,
        u1_0.age_group,
        u1_0.auth_provider,
        u1_0.avatar,
        u1_0.created_at,
        u1_0.daily_goal_minutes,
        u1_0.division,
        u1_0.email,
        u1_0.email_verification_token,
        u1_0.email_verified,
        u1_0.english_level,
        u1_0.expo_push_token,
        u1_0.first_name,
        u1_0.interests,
        u1_0.last_name,
        u1_0.learning_goal,
        u1_0.native_language,
        u1_0.onboarding_completed,
        u1_0.parent_name,
        u1_0.parent_phone,
        u1_0.password,
        u1_0.phone,
        u1_0.preferred_accent,
        u1_0.preferred_voice,
        u1_0.reset_otp,
        u1_0.reset_otp_expiry,
        u1_0.reset_password_token,
        u1_0.reset_password_token_expiry,
        u1_0.role,
        u1_0.roll_number,
        u1_0.school_id,
        u1_0.school_name,
        u1_0.standard,
        u1_0.status,
        u1_0.updated_at,
        u1_0.user_type,
        u1_0.welcome_completed,
        u1_2.department,
        u1_2.designation,
        u1_2.employee_id,
        u1_2.experience,
        u1_2.joined_at,
        u1_2.qualification 
    from
        users u1_0 
    left join
        school_admins u1_1 
            on u1_0.id=u1_1.user_id 
    left join
        teachers u1_2 
            on u1_0.id=u1_2.id 
    where
        u1_0.email=?
2026-08-24T18:31:53.950+05:30  INFO 15172 --- [SpeakMateAI] [0.0-9091-exec-4] c.r.s.security.RequestLoggingFilter      : [REQUEST LOG] Incoming request: GET /api/school/students
Hibernate: 
    select
        u1_0.id,
        case 
            when u1_1.user_id is not null 
                then 1 
            when u1_2.id is not null 
                then 2 
            when u1_0.id is not null 
                then 0 
        end,
        u1_0.active,
        u1_0.age_group,
        u1_0.auth_provider,
        u1_0.avatar,
        u1_0.created_at,
        u1_0.daily_goal_minutes,
        u1_0.division,
        u1_0.email,
        u1_0.email_verification_token,
        u1_0.email_verified,
        u1_0.english_level,
        u1_0.expo_push_token,
        u1_0.first_name,
        u1_0.interests,
        u1_0.last_name,
        u1_0.learning_goal,
        u1_0.native_language,
        u1_0.onboarding_completed,
        u1_0.parent_name,
        u1_0.parent_phone,
        u1_0.password,
        u1_0.phone,
        u1_0.preferred_accent,
        u1_0.preferred_voice,
        u1_0.reset_otp,
        u1_0.reset_otp_expiry,
        u1_0.reset_password_token,
        u1_0.reset_password_token_expiry,
        u1_0.role,
        u1_0.roll_number,
        u1_0.school_id,
        u1_0.school_name,
        u1_0.standard,
        u1_0.status,
        u1_0.updated_at,
        u1_0.user_type,
        u1_0.welcome_completed,
        u1_2.department,
        u1_2.designation,
        u1_2.employee_id,
        u1_2.experience,
        u1_2.joined_at,
        u1_2.qualification 
    from
        users u1_0 
    left join
        school_admins u1_1 
            on u1_0.id=u1_1.user_id 
    left join
        teachers u1_2 
            on u1_0.id=u1_2.id 
    where
        u1_0.school_id=? 
        and u1_0.role=?
Hibernate: 
    select
        u1_0.id,
        case 
            when u1_1.user_id is not null 
                then 1 
            when u1_2.id is not null 
                then 2 
            when u1_0.id is not null 
                then 0 
        end,
        u1_0.active,
        u1_0.age_group,
        u1_0.auth_provider,
        u1_0.avatar,
        u1_0.created_at,
        u1_0.daily_goal_minutes,
        u1_0.division,
        u1_0.email,
        u1_0.email_verification_token,
        u1_0.email_verified,
        u1_0.english_level,
        u1_0.expo_push_token,
        u1_0.first_name,
        u1_0.interests,
        u1_0.last_name,
        u1_0.learning_goal,
        u1_0.native_language,
        u1_0.onboarding_completed,
        u1_0.parent_name,
        u1_0.parent_phone,
        u1_0.password,
        u1_0.phone,
        u1_0.preferred_accent,
        u1_0.preferred_voice,
        u1_0.reset_otp,
        u1_0.reset_otp_expiry,
        u1_0.reset_password_token,
        u1_0.reset_password_token_expiry,
        u1_0.role,
        u1_0.roll_number,
        u1_0.school_id,
        u1_0.school_name,
        u1_0.standard,
        u1_0.status,
        u1_0.updated_at,
        u1_0.user_type,
        u1_0.welcome_completed,
        u1_2.department,
        u1_2.designation,
        u1_2.employee_id,
        u1_2.experience,
        u1_2.joined_at,
        u1_2.qualification 
    from
        users u1_0 
    left join
        school_admins u1_1 
            on u1_0.id=u1_1.user_id 
    left join
        teachers u1_2 
            on u1_0.id=u1_2.id 
    where
        u1_0.email=?
Hibernate: 
    select
        s1_0.id,
        s1_0.active,
        s1_0.address,
        s1_0.contact_phone,
        s1_0.created_at,
        s1_0.name,
        s1_0.school_code,
        s1_0.school_name,
        s1_0.updated_at 
    from
        schools s1_0 
    where
        s1_0.id=?
Hibernate: 
    select
        u1_0.id,
        case 
            when u1_1.user_id is not null 
                then 1 
            when u1_2.id is not null 
                then 2 
            when u1_0.id is not null 
                then 0 
        end,
        u1_0.active,
        u1_0.age_group,
        u1_0.auth_provider,
        u1_0.avatar,
        u1_0.created_at,
        u1_0.daily_goal_minutes,
        u1_0.division,
        u1_0.email,
        u1_0.email_verification_token,
        u1_0.email_verified,
        u1_0.english_level,
        u1_0.expo_push_token,
        u1_0.first_name,
        u1_0.interests,
        u1_0.last_name,
        u1_0.learning_goal,
        u1_0.native_language,
        u1_0.onboarding_completed,
        u1_0.parent_name,
        u1_0.parent_phone,
        u1_0.password,
        u1_0.phone,
        u1_0.preferred_accent,
        u1_0.preferred_voice,
        u1_0.reset_otp,
        u1_0.reset_otp_expiry,
        u1_0.reset_password_token,
        u1_0.reset_password_token_expiry,
        u1_0.role,
        u1_0.roll_number,
        u1_0.school_id,
        u1_0.school_name,
        u1_0.standard,
        u1_0.status,
        u1_0.updated_at,
        u1_0.user_type,
        u1_0.welcome_completed,
        u1_2.department,
        u1_2.designation,
        u1_2.employee_id,
        u1_2.experience,
        u1_2.joined_at,
        u1_2.qualification 
    from
        users u1_0 
    left join
        school_admins u1_1 
            on u1_0.id=u1_1.user_id 
    left join
        teachers u1_2 
            on u1_0.id=u1_2.id 
    where
        u1_0.email=?
Hibernate: 
    select
        u1_0.id,
        case 
            when u1_1.user_id is not null 
                then 1 
            when u1_2.id is not null 
                then 2 
            when u1_0.id is not null 
                then 0 
        end,
        u1_0.active,
        u1_0.age_group,
        u1_0.auth_provider,
        u1_0.avatar,
        u1_0.created_at,
        u1_0.daily_goal_minutes,
        u1_0.division,
        u1_0.email,
        u1_0.email_verification_token,
        u1_0.email_verified,
        u1_0.english_level,
        u1_0.expo_push_token,
        u1_0.first_name,
        u1_0.interests,
        u1_0.last_name,
        u1_0.learning_goal,
        u1_0.native_language,
        u1_0.onboarding_completed,
        u1_0.parent_name,
        u1_0.parent_phone,
        u1_0.password,
        u1_0.phone,
        u1_0.preferred_accent,
        u1_0.preferred_voice,
        u1_0.reset_otp,
        u1_0.reset_otp_expiry,
        u1_0.reset_password_token,
        u1_0.reset_password_token_expiry,
        u1_0.role,
        u1_0.roll_number,
        u1_0.school_id,
        u1_0.school_name,
        u1_0.standard,
        u1_0.status,
        u1_0.updated_at,
        u1_0.user_type,
        u1_0.welcome_completed,
        u1_2.department,
        u1_2.designation,
        u1_2.employee_id,
        u1_2.experience,
        u1_2.joined_at,
        u1_2.qualification 
    from
        users u1_0 
    left join
        school_admins u1_1 
            on u1_0.id=u1_1.user_id 
    left join
        teachers u1_2 
            on u1_0.id=u1_2.id 
    where
        u1_0.email=?
2026-08-24T18:31:54.229+05:30  INFO 15172 --- [SpeakMateAI] [0.0-9091-exec-3] c.r.s.security.RequestLoggingFilter      : [REQUEST LOG] Incoming request: GET /api/v1/school/teachers
Hibernate: 
    select
        s1_0.id,
        s1_0.active,
        s1_0.age_group,
        s1_0.auth_provider,
        s1_0.avatar,
        s1_0.created_at,
        s1_0.daily_goal_minutes,
        s1_0.division,
        s1_0.email,
        s1_0.email_verification_token,
        s1_0.email_verified,
        s1_0.english_level,
        s1_0.expo_push_token,
        s1_0.first_name,
        s1_0.interests,
        s1_0.last_name,
        s1_0.learning_goal,
        s1_0.native_language,
        s1_0.onboarding_completed,
        s1_0.parent_name,
        s1_0.parent_phone,
        s1_0.password,
        s1_0.phone,
        s1_0.preferred_accent,
        s1_0.preferred_voice,
        s1_0.reset_otp,
        s1_0.reset_otp_expiry,
        s1_0.reset_password_token,
        s1_0.reset_password_token_expiry,
        s1_0.roll_number,
        s1_0.school_id,
        s1_0.school_name,
        s1_0.standard,
        s1_0.status,
        s1_0.updated_at,
        s1_0.welcome_completed 
    from
        students s1_0 
    where
        s1_0.school_id=?
Hibernate: 
    select
        u1_0.id,
        case 
            when u1_1.user_id is not null 
                then 1 
            when u1_2.id is not null 
                then 2 
            when u1_0.id is not null 
                then 0 
        end,
        u1_0.active,
        u1_0.age_group,
        u1_0.auth_provider,
        u1_0.avatar,
        u1_0.created_at,
        u1_0.daily_goal_minutes,
        u1_0.division,
        u1_0.email,
        u1_0.email_verification_token,
        u1_0.email_verified,
        u1_0.english_level,
        u1_0.expo_push_token,
        u1_0.first_name,
        u1_0.interests,
        u1_0.last_name,
        u1_0.learning_goal,
        u1_0.native_language,
        u1_0.onboarding_completed,
        u1_0.parent_name,
        u1_0.parent_phone,
        u1_0.password,
        u1_0.phone,
        u1_0.preferred_accent,
        u1_0.preferred_voice,
        u1_0.reset_otp,
        u1_0.reset_otp_expiry,
        u1_0.reset_password_token,
        u1_0.reset_password_token_expiry,
        u1_0.role,
        u1_0.roll_number,
        u1_0.school_id,
        u1_0.school_name,
        u1_0.standard,
        u1_0.status,
        u1_0.updated_at,
        u1_0.user_type,
        u1_0.welcome_completed,
        u1_2.department,
        u1_2.designation,
        u1_2.employee_id,
        u1_2.experience,
        u1_2.joined_at,
        u1_2.qualification 
    from
        users u1_0 
    left join
        school_admins u1_1 
            on u1_0.id=u1_1.user_id 
    left join
        teachers u1_2 
            on u1_0.id=u1_2.id 
    where
        u1_0.email=?
Hibernate: 
    select
        s1_0.id,
        s1_0.active,
        s1_0.age_group,
        s1_0.auth_provider,
        s1_0.avatar,
        s1_0.created_at,
        s1_0.daily_goal_minutes,
        s1_0.division,
        s1_0.email,
        s1_0.email_verification_token,
        s1_0.email_verified,
        s1_0.english_level,
        s1_0.expo_push_token,
        s1_0.first_name,
        s1_0.interests,
        s1_0.last_name,
        s1_0.learning_goal,
        s1_0.native_language,
        s1_0.onboarding_completed,
        s1_0.parent_name,
        s1_0.parent_phone,
        s1_0.password,
        s1_0.phone,
        s1_0.preferred_accent,
        s1_0.preferred_voice,
        s1_0.reset_otp,
        s1_0.reset_otp_expiry,
        s1_0.reset_password_token,
        s1_0.reset_password_token_expiry,
        s1_0.roll_number,
        s1_0.school_id,
        s1_0.school_name,
        s1_0.standard,
        s1_0.status,
        s1_0.updated_at,
        s1_0.welcome_completed 
    from
        students s1_0 
    where
        s1_0.school_id=?
Hibernate: 
    select
        s1_0.id,
        s1_0.ai_voice,
        s1_0.auto_play_audio,
        s1_0.created_at,
        s1_0.daily_reminder,
        s1_0.dark_mode,
        s1_0.language,
        s1_0.notifications_enabled,
        s1_0.sound_effects,
        s1_0.student_id,
        s1_0.two_factor_enabled,
        s1_0.updated_at,
        s1_0.user_id 
    from
        settings s1_0 
    where
        s1_0.student_id=?
Hibernate: 
    select
        u1_0.id,
        case 
            when u1_1.user_id is not null 
                then 1 
            when u1_2.id is not null 
                then 2 
            when u1_0.id is not null 
                then 0 
        end,
        u1_0.active,
        u1_0.age_group,
        u1_0.auth_provider,
        u1_0.avatar,
        u1_0.created_at,
        u1_0.daily_goal_minutes,
        u1_0.division,
        u1_0.email,
        u1_0.email_verification_token,
        u1_0.email_verified,
        u1_0.english_level,
        u1_0.expo_push_token,
        u1_0.first_name,
        u1_0.interests,
        u1_0.last_name,
        u1_0.learning_goal,
        u1_0.native_language,
        u1_0.onboarding_completed,
        u1_0.parent_name,
        u1_0.parent_phone,
        u1_0.password,
        u1_0.phone,
        u1_0.preferred_accent,
        u1_0.preferred_voice,
        u1_0.reset_otp,
        u1_0.reset_otp_expiry,
        u1_0.reset_password_token,
        u1_0.reset_password_token_expiry,
        u1_0.role,
        u1_0.roll_number,
        u1_0.school_id,
        u1_0.school_name,
        u1_0.standard,
        u1_0.status,
        u1_0.updated_at,
        u1_0.user_type,
        u1_0.welcome_completed,
        u1_2.department,
        u1_2.designation,
        u1_2.employee_id,
        u1_2.experience,
        u1_2.joined_at,
        u1_2.qualification 
    from
        users u1_0 
    left join
        school_admins u1_1 
            on u1_0.id=u1_1.user_id 
    left join
        teachers u1_2 
            on u1_0.id=u1_2.id 
    where
        u1_0.email=?
Hibernate: 
    select
        s1_0.id,
        s1_0.ai_voice,
        s1_0.auto_play_audio,
        s1_0.created_at,
        s1_0.daily_reminder,
        s1_0.dark_mode,
        s1_0.language,
        s1_0.notifications_enabled,
        s1_0.sound_effects,
        s1_0.student_id,
        s1_0.two_factor_enabled,
        s1_0.updated_at,
        s1_0.user_id 
    from
        settings s1_0 
    where
        s1_0.student_id=?
Hibernate: 
    select
        s1_0.id,
        s1_0.ai_voice,
        s1_0.auto_play_audio,
        s1_0.created_at,
        s1_0.daily_reminder,
        s1_0.dark_mode,
        s1_0.language,
        s1_0.notifications_enabled,
        s1_0.sound_effects,
        s1_0.student_id,
        s1_0.two_factor_enabled,
        s1_0.updated_at,
        s1_0.user_id 
    from
        settings s1_0 
    where
        s1_0.student_id=?
Hibernate: 
    select
        u1_0.id,
        case 
            when u1_1.user_id is not null 
                then 1 
            when u1_2.id is not null 
                then 2 
            when u1_0.id is not null 
                then 0 
        end,
        u1_0.active,
        u1_0.age_group,
        u1_0.auth_provider,
        u1_0.avatar,
        u1_0.created_at,
        u1_0.daily_goal_minutes,
        u1_0.division,
        u1_0.email,
        u1_0.email_verification_token,
        u1_0.email_verified,
        u1_0.english_level,
        u1_0.expo_push_token,
        u1_0.first_name,
        u1_0.interests,
        u1_0.last_name,
        u1_0.learning_goal,
        u1_0.native_language,
        u1_0.onboarding_completed,
        u1_0.parent_name,
        u1_0.parent_phone,
        u1_0.password,
        u1_0.phone,
        u1_0.preferred_accent,
        u1_0.preferred_voice,
        u1_0.reset_otp,
        u1_0.reset_otp_expiry,
        u1_0.reset_password_token,
        u1_0.reset_password_token_expiry,
        u1_0.role,
        u1_0.roll_number,
        u1_0.school_id,
        u1_0.school_name,
        u1_0.standard,
        u1_0.status,
        u1_0.updated_at,
        u1_0.user_type,
        u1_0.welcome_completed,
        u1_2.department,
        u1_2.designation,
        u1_2.employee_id,
        u1_2.experience,
        u1_2.joined_at,
        u1_2.qualification 
    from
        users u1_0 
    left join
        school_admins u1_1 
            on u1_0.id=u1_1.user_id 
    left join
        teachers u1_2 
            on u1_0.id=u1_2.id 
    where
        u1_0.school_id=? 
        and u1_0.role=?
Hibernate: 
    select
        s1_0.id,
        s1_0.ai_voice,
        s1_0.auto_play_audio,
        s1_0.created_at,
        s1_0.daily_reminder,
        s1_0.dark_mode,
        s1_0.language,
        s1_0.notifications_enabled,
        s1_0.sound_effects,
        s1_0.student_id,
        s1_0.two_factor_enabled,
        s1_0.updated_at,
        s1_0.user_id 
    from
        settings s1_0 
    where
        s1_0.student_id=?
Hibernate: 
    select
        s1_0.id,
        s1_0.active,
        s1_0.address,
        s1_0.contact_phone,
        s1_0.created_at,
        s1_0.name,
        s1_0.school_code,
        s1_0.school_name,
        s1_0.updated_at 
    from
        schools s1_0 
    where
        s1_0.id=?
Hibernate: 
    select
        s1_0.id,
        s1_0.ai_voice,
        s1_0.auto_play_audio,
        s1_0.created_at,
        s1_0.daily_reminder,
        s1_0.dark_mode,
        s1_0.language,
        s1_0.notifications_enabled,
        s1_0.sound_effects,
        s1_0.student_id,
        s1_0.two_factor_enabled,
        s1_0.updated_at,
        s1_0.user_id 
    from
        settings s1_0 
    where
        s1_0.student_id=?
Hibernate: 
    select
        s1_0.id,
        s1_0.ai_voice,
        s1_0.auto_play_audio,
        s1_0.created_at,
        s1_0.daily_reminder,
        s1_0.dark_mode,
        s1_0.language,
        s1_0.notifications_enabled,
        s1_0.sound_effects,
        s1_0.student_id,
        s1_0.two_factor_enabled,
        s1_0.updated_at,
        s1_0.user_id 
    from
        settings s1_0 
    where
        s1_0.student_id=?
Hibernate: 
    select
        s1_0.id,
        s1_0.ai_voice,
        s1_0.auto_play_audio,
        s1_0.created_at,
        s1_0.daily_reminder,
        s1_0.dark_mode,
        s1_0.language,
        s1_0.notifications_enabled,
        s1_0.sound_effects,
        s1_0.student_id,
        s1_0.two_factor_enabled,
        s1_0.updated_at,
        s1_0.user_id 
    from
        settings s1_0 
    where
        s1_0.student_id=?
2026-08-24T18:31:54.672+05:30  INFO 15172 --- [SpeakMateAI] [0.0-9091-exec-5] c.r.s.security.RequestLoggingFilter      : [REQUEST LOG] Incoming request: GET /api/v1/school/results
Hibernate: 
    select
        u1_0.id,
        case 
            when u1_1.user_id is not null 
                then 1 
            when u1_2.id is not null 
                then 2 
            when u1_0.id is not null 
                then 0 
        end,
        u1_0.active,
        u1_0.age_group,
        u1_0.auth_provider,
        u1_0.avatar,
        u1_0.created_at,
        u1_0.daily_goal_minutes,
        u1_0.division,
        u1_0.email,
        u1_0.email_verification_token,
        u1_0.email_verified,
        u1_0.english_level,
        u1_0.expo_push_token,
        u1_0.first_name,
        u1_0.interests,
        u1_0.last_name,
        u1_0.learning_goal,
        u1_0.native_language,
        u1_0.onboarding_completed,
        u1_0.parent_name,
        u1_0.parent_phone,
        u1_0.password,
        u1_0.phone,
        u1_0.preferred_accent,
        u1_0.preferred_voice,
        u1_0.reset_otp,
        u1_0.reset_otp_expiry,
        u1_0.reset_password_token,
        u1_0.reset_password_token_expiry,
        u1_0.role,
        u1_0.roll_number,
        u1_0.school_id,
        u1_0.school_name,
        u1_0.standard,
        u1_0.status,
        u1_0.updated_at,
        u1_0.user_type,
        u1_0.welcome_completed,
        u1_2.department,
        u1_2.designation,
        u1_2.employee_id,
        u1_2.experience,
        u1_2.joined_at,
        u1_2.qualification 
    from
        users u1_0 
    left join
        school_admins u1_1 
            on u1_0.id=u1_1.user_id 
    left join
        teachers u1_2 
            on u1_0.id=u1_2.id 
    where
        u1_0.email=?
Hibernate: 
    select
        s1_0.id,
        s1_0.ai_voice,
        s1_0.auto_play_audio,
        s1_0.created_at,
        s1_0.daily_reminder,
        s1_0.dark_mode,
        s1_0.language,
        s1_0.notifications_enabled,
        s1_0.sound_effects,
        s1_0.student_id,
        s1_0.two_factor_enabled,
        s1_0.updated_at,
        s1_0.user_id 
    from
        settings s1_0 
    where
        s1_0.student_id=?
Hibernate: 
    select
        s1_0.id,
        s1_0.ai_voice,
        s1_0.auto_play_audio,
        s1_0.created_at,
        s1_0.daily_reminder,
        s1_0.dark_mode,
        s1_0.language,
        s1_0.notifications_enabled,
        s1_0.sound_effects,
        s1_0.student_id,
        s1_0.two_factor_enabled,
        s1_0.updated_at,
        s1_0.user_id 
    from
        settings s1_0 
    where
        s1_0.student_id=?
Hibernate: 
    select
        s1_0.id,
        s1_0.ai_voice,
        s1_0.auto_play_audio,
        s1_0.created_at,
        s1_0.daily_reminder,
        s1_0.dark_mode,
        s1_0.language,
        s1_0.notifications_enabled,
        s1_0.sound_effects,
        s1_0.student_id,
        s1_0.two_factor_enabled,
        s1_0.updated_at,
        s1_0.user_id 
    from
        settings s1_0 
    where
        s1_0.student_id=?
Hibernate: 
    select
        s1_0.id,
        s1_0.ai_voice,
        s1_0.auto_play_audio,
        s1_0.created_at,
        s1_0.daily_reminder,
        s1_0.dark_mode,
        s1_0.language,
        s1_0.notifications_enabled,
        s1_0.sound_effects,
        s1_0.student_id,
        s1_0.two_factor_enabled,
        s1_0.updated_at,
        s1_0.user_id 
    from
        settings s1_0 
    where
        s1_0.student_id=?
Hibernate: 
    select
        s1_0.id,
        s1_0.ai_voice,
        s1_0.auto_play_audio,
        s1_0.created_at,
        s1_0.daily_reminder,
        s1_0.dark_mode,
        s1_0.language,
        s1_0.notifications_enabled,
        s1_0.sound_effects,
        s1_0.student_id,
        s1_0.two_factor_enabled,
        s1_0.updated_at,
        s1_0.user_id 
    from
        settings s1_0 
    where
        s1_0.student_id=?
Hibernate: 
    select
        s1_0.id,
        s1_0.ai_voice,
        s1_0.auto_play_audio,
        s1_0.created_at,
        s1_0.daily_reminder,
        s1_0.dark_mode,
        s1_0.language,
        s1_0.notifications_enabled,
        s1_0.sound_effects,
        s1_0.student_id,
        s1_0.two_factor_enabled,
        s1_0.updated_at,
        s1_0.user_id 
    from
        settings s1_0 
    where
        s1_0.student_id=?
Hibernate: 
    select
        u1_0.id,
        case 
            when u1_1.user_id is not null 
                then 1 
            when u1_2.id is not null 
                then 2 
            when u1_0.id is not null 
                then 0 
        end,
        u1_0.active,
        u1_0.age_group,
        u1_0.auth_provider,
        u1_0.avatar,
        u1_0.created_at,
        u1_0.daily_goal_minutes,
        u1_0.division,
        u1_0.email,
        u1_0.email_verification_token,
        u1_0.email_verified,
        u1_0.english_level,
        u1_0.expo_push_token,
        u1_0.first_name,
        u1_0.interests,
        u1_0.last_name,
        u1_0.learning_goal,
        u1_0.native_language,
        u1_0.onboarding_completed,
        u1_0.parent_name,
        u1_0.parent_phone,
        u1_0.password,
        u1_0.phone,
        u1_0.preferred_accent,
        u1_0.preferred_voice,
        u1_0.reset_otp,
        u1_0.reset_otp_expiry,
        u1_0.reset_password_token,
        u1_0.reset_password_token_expiry,
        u1_0.role,
        u1_0.roll_number,
        u1_0.school_id,
        u1_0.school_name,
        u1_0.standard,
        u1_0.status,
        u1_0.updated_at,
        u1_0.user_type,
        u1_0.welcome_completed,
        u1_2.department,
        u1_2.designation,
        u1_2.employee_id,
        u1_2.experience,
        u1_2.joined_at,
        u1_2.qualification 
    from
        users u1_0 
    left join
        school_admins u1_1 
            on u1_0.id=u1_1.user_id 
    left join
        teachers u1_2 
            on u1_0.id=u1_2.id 
    where
        u1_0.email=?
Hibernate: 
    select
        s1_0.id,
        s1_0.ai_voice,
        s1_0.auto_play_audio,
        s1_0.created_at,
        s1_0.daily_reminder,
        s1_0.dark_mode,
        s1_0.language,
        s1_0.notifications_enabled,
        s1_0.sound_effects,
        s1_0.student_id,
        s1_0.two_factor_enabled,
        s1_0.updated_at,
        s1_0.user_id 
    from
        settings s1_0 
    where
        s1_0.student_id=?
Hibernate: 
    select
        s1_0.id,
        s1_0.ai_voice,
        s1_0.auto_play_audio,
        s1_0.created_at,
        s1_0.daily_reminder,
        s1_0.dark_mode,
        s1_0.language,
        s1_0.notifications_enabled,
        s1_0.sound_effects,
        s1_0.student_id,
        s1_0.two_factor_enabled,
        s1_0.updated_at,
        s1_0.user_id 
    from
        settings s1_0 
    where
        s1_0.student_id=?
Hibernate: 
    select
        r1_0.id,
        r1_0.active,
        r1_0.created_at,
        r1_0.marks_obtained,
        r1_0.status,
        r1_0.student_id,
        r1_0.submitted_at,
        r1_0.test_title,
        r1_0.total_marks,
        r1_0.updated_at 
    from
        results r1_0 
    join
        users s1_0 
            on s1_0.id=r1_0.student_id 
    where
        s1_0.school_id=? 
        and r1_0.active
Hibernate: 
    select
        s1_0.id,
        s1_0.ai_voice,
        s1_0.auto_play_audio,
        s1_0.created_at,
        s1_0.daily_reminder,
        s1_0.dark_mode,
        s1_0.language,
        s1_0.notifications_enabled,
        s1_0.sound_effects,
        s1_0.student_id,
        s1_0.two_factor_enabled,
        s1_0.updated_at,
        s1_0.user_id 
    from
        settings s1_0 
    where
        s1_0.student_id=?
Hibernate: 
    select
        u1_0.id,
        case 
            when u1_1.user_id is not null 
                then 1 
            when u1_2.id is not null 
                then 2 
            when u1_0.id is not null 
                then 0 
        end,
        u1_0.active,
        u1_0.age_group,
        u1_0.auth_provider,
        u1_0.avatar,
        u1_0.created_at,
        u1_0.daily_goal_minutes,
        u1_0.division,
        u1_0.email,
        u1_0.email_verification_token,
        u1_0.email_verified,
        u1_0.english_level,
        u1_0.expo_push_token,
        u1_0.first_name,
        u1_0.interests,
        u1_0.last_name,
        u1_0.learning_goal,
        u1_0.native_language,
        u1_0.onboarding_completed,
        u1_0.parent_name,
        u1_0.parent_phone,
        u1_0.password,
        u1_0.phone,
        u1_0.preferred_accent,
        u1_0.preferred_voice,
        u1_0.reset_otp,
        u1_0.reset_otp_expiry,
        u1_0.reset_password_token,
        u1_0.reset_password_token_expiry,
        u1_0.role,
        u1_0.roll_number,
        u1_0.school_id,
        u1_0.school_name,
        u1_0.standard,
        u1_0.status,
        u1_0.updated_at,
        u1_0.user_type,
        u1_0.welcome_completed,
        u1_2.department,
        u1_2.designation,
        u1_2.employee_id,
        u1_2.experience,
        u1_2.joined_at,
        u1_2.qualification 
    from
        users u1_0 
    left join
        school_admins u1_1 
            on u1_0.id=u1_1.user_id 
    left join
        teachers u1_2 
            on u1_0.id=u1_2.id 
    where
        u1_0.school_id=? 
        and u1_0.role=?
Hibernate: 
    select
        cr1_0.id,
        cr1_0.academic_year,
        cr1_0.created_at,
        cr1_0.grade,
        cr1_0.name,
        cr1_0.school_id,
        cr1_0.status,
        cr1_0.teacher_id,
        cr1_0.updated_at 
    from
        class_rooms cr1_0 
    where
        cr1_0.school_id=?
Hibernate: 
    select
        s1_0.id,
        s1_0.active,
        s1_0.address,
        s1_0.contact_phone,
        s1_0.created_at,
        s1_0.name,
        s1_0.school_code,
        s1_0.school_name,
        s1_0.updated_at 
    from
        schools s1_0 
    where
        s1_0.id=?
Hibernate: 
    select
        r1_0.id,
        r1_0.active,
        r1_0.created_at,
        r1_0.marks_obtained,
        r1_0.status,
        r1_0.student_id,
        r1_0.submitted_at,
        r1_0.test_title,
        r1_0.total_marks,
        r1_0.updated_at 
    from
        results r1_0 
    join
        users s1_0 
            on s1_0.id=r1_0.student_id 
    where
        s1_0.school_id=? 
        and r1_0.active
Hibernate: 
    select
        count(lp1_0.id) 
    from
        lesson_progress lp1_0 
    join
        students s1_0 
            on s1_0.id=lp1_0.user_id 
    where
        s1_0.school_id=? 
        and lp1_0.completed=true
2026-08-24T18:31:55.406+05:30  INFO 15172 --- [SpeakMateAI] [.0-9091-exec-10] c.r.s.security.RequestLoggingFilter      : [REQUEST LOG] Incoming request: GET /api/school/students
Hibernate: 
    select
        u1_0.id,
        case 
            when u1_1.user_id is not null 
                then 1 
            when u1_2.id is not null 
                then 2 
            when u1_0.id is not null 
                then 0 
        end,
        u1_0.active,
        u1_0.age_group,
        u1_0.auth_provider,
        u1_0.avatar,
        u1_0.created_at,
        u1_0.daily_goal_minutes,
        u1_0.division,
        u1_0.email,
        u1_0.email_verification_token,
        u1_0.email_verified,
        u1_0.english_level,
        u1_0.expo_push_token,
        u1_0.first_name,
        u1_0.interests,
        u1_0.last_name,
        u1_0.learning_goal,
        u1_0.native_language,
        u1_0.onboarding_completed,
        u1_0.parent_name,
        u1_0.parent_phone,
        u1_0.password,
        u1_0.phone,
        u1_0.preferred_accent,
        u1_0.preferred_voice,
        u1_0.reset_otp,
        u1_0.reset_otp_expiry,
        u1_0.reset_password_token,
        u1_0.reset_password_token_expiry,
        u1_0.role,
        u1_0.roll_number,
        u1_0.school_id,
        u1_0.school_name,
        u1_0.standard,
        u1_0.status,
        u1_0.updated_at,
        u1_0.user_type,
        u1_0.welcome_completed,
        u1_2.department,
        u1_2.designation,
        u1_2.employee_id,
        u1_2.experience,
        u1_2.joined_at,
        u1_2.qualification 
    from
        users u1_0 
    left join
        school_admins u1_1 
            on u1_0.id=u1_1.user_id 
    left join
        teachers u1_2 
            on u1_0.id=u1_2.id 
    where
        u1_0.email=?
Hibernate: 
    select
        s1_0.id,
        s1_0.active,
        s1_0.address,
        s1_0.contact_phone,
        s1_0.created_at,
        s1_0.name,
        s1_0.school_code,
        s1_0.school_name,
        s1_0.updated_at 
    from
        schools s1_0 
    where
        s1_0.id=?
Hibernate: 
    select
        u1_0.id,
        case 
            when u1_1.user_id is not null 
                then 1 
            when u1_2.id is not null 
                then 2 
            when u1_0.id is not null 
                then 0 
        end,
        u1_0.active,
        u1_0.age_group,
        u1_0.auth_provider,
        u1_0.avatar,
        u1_0.created_at,
        u1_0.daily_goal_minutes,
        u1_0.division,
        u1_0.email,
        u1_0.email_verification_token,
        u1_0.email_verified,
        u1_0.english_level,
        u1_0.expo_push_token,
        u1_0.first_name,
        u1_0.interests,
        u1_0.last_name,
        u1_0.learning_goal,
        u1_0.native_language,
        u1_0.onboarding_completed,
        u1_0.parent_name,
        u1_0.parent_phone,
        u1_0.password,
        u1_0.phone,
        u1_0.preferred_accent,
        u1_0.preferred_voice,
        u1_0.reset_otp,
        u1_0.reset_otp_expiry,
        u1_0.reset_password_token,
        u1_0.reset_password_token_expiry,
        u1_0.role,
        u1_0.roll_number,
        u1_0.school_id,
        u1_0.school_name,
        u1_0.standard,
        u1_0.status,
        u1_0.updated_at,
        u1_0.user_type,
        u1_0.welcome_completed,
        u1_2.department,
        u1_2.designation,
        u1_2.employee_id,
        u1_2.experience,
        u1_2.joined_at,
        u1_2.qualification 
    from
        users u1_0 
    left join
        school_admins u1_1 
            on u1_0.id=u1_1.user_id 
    left join
        teachers u1_2 
            on u1_0.id=u1_2.id 
    where
        u1_0.email=?
2026-08-24T18:31:55.658+05:30  INFO 15172 --- [SpeakMateAI] [0.0-9091-exec-1] c.r.s.security.RequestLoggingFilter      : [REQUEST LOG] Incoming request: GET /api/v1/school/dashboard
Hibernate: 
    select
        s1_0.id,
        s1_0.active,
        s1_0.age_group,
        s1_0.auth_provider,
        s1_0.avatar,
        s1_0.created_at,
        s1_0.daily_goal_minutes,
        s1_0.division,
        s1_0.email,
        s1_0.email_verification_token,
        s1_0.email_verified,
        s1_0.english_level,
        s1_0.expo_push_token,
        s1_0.first_name,
        s1_0.interests,
        s1_0.last_name,
        s1_0.learning_goal,
        s1_0.native_language,
        s1_0.onboarding_completed,
        s1_0.parent_name,
        s1_0.parent_phone,
        s1_0.password,
        s1_0.phone,
        s1_0.preferred_accent,
        s1_0.preferred_voice,
        s1_0.reset_otp,
        s1_0.reset_otp_expiry,
        s1_0.reset_password_token,
        s1_0.reset_password_token_expiry,
        s1_0.roll_number,
        s1_0.school_id,
        s1_0.school_name,
        s1_0.standard,
        s1_0.status,
        s1_0.updated_at,
        s1_0.welcome_completed 
    from
        students s1_0 
    where
        s1_0.school_id=?
Hibernate: 
    select
        u1_0.id,
        case 
            when u1_1.user_id is not null 
                then 1 
            when u1_2.id is not null 
                then 2 
            when u1_0.id is not null 
                then 0 
        end,
        u1_0.active,
        u1_0.age_group,
        u1_0.auth_provider,
        u1_0.avatar,
        u1_0.created_at,
        u1_0.daily_goal_minutes,
        u1_0.division,
        u1_0.email,
        u1_0.email_verification_token,
        u1_0.email_verified,
        u1_0.english_level,
        u1_0.expo_push_token,
        u1_0.first_name,
        u1_0.interests,
        u1_0.last_name,
        u1_0.learning_goal,
        u1_0.native_language,
        u1_0.onboarding_completed,
        u1_0.parent_name,
        u1_0.parent_phone,
        u1_0.password,
        u1_0.phone,
        u1_0.preferred_accent,
        u1_0.preferred_voice,
        u1_0.reset_otp,
        u1_0.reset_otp_expiry,
        u1_0.reset_password_token,
        u1_0.reset_password_token_expiry,
        u1_0.role,
        u1_0.roll_number,
        u1_0.school_id,
        u1_0.school_name,
        u1_0.standard,
        u1_0.status,
        u1_0.updated_at,
        u1_0.user_type,
        u1_0.welcome_completed,
        u1_2.department,
        u1_2.designation,
        u1_2.employee_id,
        u1_2.experience,
        u1_2.joined_at,
        u1_2.qualification 
    from
        users u1_0 
    left join
        school_admins u1_1 
            on u1_0.id=u1_1.user_id 
    left join
        teachers u1_2 
            on u1_0.id=u1_2.id 
    where
        u1_0.email=?
Hibernate: 
    select
        s1_0.id,
        s1_0.ai_voice,
        s1_0.auto_play_audio,
        s1_0.created_at,
        s1_0.daily_reminder,
        s1_0.dark_mode,
        s1_0.language,
        s1_0.notifications_enabled,
        s1_0.sound_effects,
        s1_0.student_id,
        s1_0.two_factor_enabled,
        s1_0.updated_at,
        s1_0.user_id 
    from
        settings s1_0 
    where
        s1_0.student_id=?
Hibernate: 
    select
        s1_0.id,
        s1_0.ai_voice,
        s1_0.auto_play_audio,
        s1_0.created_at,
        s1_0.daily_reminder,
        s1_0.dark_mode,
        s1_0.language,
        s1_0.notifications_enabled,
        s1_0.sound_effects,
        s1_0.student_id,
        s1_0.two_factor_enabled,
        s1_0.updated_at,
        s1_0.user_id 
    from
        settings s1_0 
    where
        s1_0.student_id=?
Hibernate: 
    select
        u1_0.id,
        case 
            when u1_1.user_id is not null 
                then 1 
            when u1_2.id is not null 
                then 2 
            when u1_0.id is not null 
                then 0 
        end,
        u1_0.active,
        u1_0.age_group,
        u1_0.auth_provider,
        u1_0.avatar,
        u1_0.created_at,
        u1_0.daily_goal_minutes,
        u1_0.division,
        u1_0.email,
        u1_0.email_verification_token,
        u1_0.email_verified,
        u1_0.english_level,
        u1_0.expo_push_token,
        u1_0.first_name,
        u1_0.interests,
        u1_0.last_name,
        u1_0.learning_goal,
        u1_0.native_language,
        u1_0.onboarding_completed,
        u1_0.parent_name,
        u1_0.parent_phone,
        u1_0.password,
        u1_0.phone,
        u1_0.preferred_accent,
        u1_0.preferred_voice,
        u1_0.reset_otp,
        u1_0.reset_otp_expiry,
        u1_0.reset_password_token,
        u1_0.reset_password_token_expiry,
        u1_0.role,
        u1_0.roll_number,
        u1_0.school_id,
        u1_0.school_name,
        u1_0.standard,
        u1_0.status,
        u1_0.updated_at,
        u1_0.user_type,
        u1_0.welcome_completed,
        u1_2.department,
        u1_2.designation,
        u1_2.employee_id,
        u1_2.experience,
        u1_2.joined_at,
        u1_2.qualification 
    from
        users u1_0 
    left join
        school_admins u1_1 
            on u1_0.id=u1_1.user_id 
    left join
        teachers u1_2 
            on u1_0.id=u1_2.id 
    where
        u1_0.email=?
Hibernate: 
    select
        s1_0.id,
        s1_0.ai_voice,
        s1_0.auto_play_audio,
        s1_0.created_at,
        s1_0.daily_reminder,
        s1_0.dark_mode,
        s1_0.language,
        s1_0.notifications_enabled,
        s1_0.sound_effects,
        s1_0.student_id,
        s1_0.two_factor_enabled,
        s1_0.updated_at,
        s1_0.user_id 
    from
        settings s1_0 
    where
        s1_0.student_id=?
Hibernate: 
    select
        s1_0.id,
        s1_0.active,
        s1_0.age_group,
        s1_0.auth_provider,
        s1_0.avatar,
        s1_0.created_at,
        s1_0.daily_goal_minutes,
        s1_0.division,
        s1_0.email,
        s1_0.email_verification_token,
        s1_0.email_verified,
        s1_0.english_level,
        s1_0.expo_push_token,
        s1_0.first_name,
        s1_0.interests,
        s1_0.last_name,
        s1_0.learning_goal,
        s1_0.native_language,
        s1_0.onboarding_completed,
        s1_0.parent_name,
        s1_0.parent_phone,
        s1_0.password,
        s1_0.phone,
        s1_0.preferred_accent,
        s1_0.preferred_voice,
        s1_0.reset_otp,
        s1_0.reset_otp_expiry,
        s1_0.reset_password_token,
        s1_0.reset_password_token_expiry,
        s1_0.roll_number,
        s1_0.school_id,
        s1_0.school_name,
        s1_0.standard,
        s1_0.status,
        s1_0.updated_at,
        s1_0.welcome_completed 
    from
        students s1_0 
    where
        s1_0.school_id=?
Hibernate: 
    select
        s1_0.id,
        s1_0.ai_voice,
        s1_0.auto_play_audio,
        s1_0.created_at,
        s1_0.daily_reminder,
        s1_0.dark_mode,
        s1_0.language,
        s1_0.notifications_enabled,
        s1_0.sound_effects,
        s1_0.student_id,
        s1_0.two_factor_enabled,
        s1_0.updated_at,
        s1_0.user_id 
    from
        settings s1_0 
    where
        s1_0.student_id=?
Hibernate: 
    select
        s1_0.id,
        s1_0.ai_voice,
        s1_0.auto_play_audio,
        s1_0.created_at,
        s1_0.daily_reminder,
        s1_0.dark_mode,
        s1_0.language,
        s1_0.notifications_enabled,
        s1_0.sound_effects,
        s1_0.student_id,
        s1_0.two_factor_enabled,
        s1_0.updated_at,
        s1_0.user_id 
    from
        settings s1_0 
    where
        s1_0.student_id=?
Hibernate: 
    select
        s1_0.id,
        s1_0.ai_voice,
        s1_0.auto_play_audio,
        s1_0.created_at,
        s1_0.daily_reminder,
        s1_0.dark_mode,
        s1_0.language,
        s1_0.notifications_enabled,
        s1_0.sound_effects,
        s1_0.student_id,
        s1_0.two_factor_enabled,
        s1_0.updated_at,
        s1_0.user_id 
    from
        settings s1_0 
    where
        s1_0.student_id=?
2026-08-24T18:31:56.220+05:30  INFO 15172 --- [SpeakMateAI] [0.0-9091-exec-3] c.r.s.security.RequestLoggingFilter      : [REQUEST LOG] Incoming request: GET /api/v1/school/teachers
Hibernate: 
    select
        s1_0.id,
        s1_0.ai_voice,
        s1_0.auto_play_audio,
        s1_0.created_at,
        s1_0.daily_reminder,
        s1_0.dark_mode,
        s1_0.language,
        s1_0.notifications_enabled,
        s1_0.sound_effects,
        s1_0.student_id,
        s1_0.two_factor_enabled,
        s1_0.updated_at,
        s1_0.user_id 
    from
        settings s1_0 
    where
        s1_0.student_id=?
Hibernate: 
    select
        u1_0.id,
        case 
            when u1_1.user_id is not null 
                then 1 
            when u1_2.id is not null 
                then 2 
            when u1_0.id is not null 
                then 0 
        end,
        u1_0.active,
        u1_0.age_group,
        u1_0.auth_provider,
        u1_0.avatar,
        u1_0.created_at,
        u1_0.daily_goal_minutes,
        u1_0.division,
        u1_0.email,
        u1_0.email_verification_token,
        u1_0.email_verified,
        u1_0.english_level,
        u1_0.expo_push_token,
        u1_0.first_name,
        u1_0.interests,
        u1_0.last_name,
        u1_0.learning_goal,
        u1_0.native_language,
        u1_0.onboarding_completed,
        u1_0.parent_name,
        u1_0.parent_phone,
        u1_0.password,
        u1_0.phone,
        u1_0.preferred_accent,
        u1_0.preferred_voice,
        u1_0.reset_otp,
        u1_0.reset_otp_expiry,
        u1_0.reset_password_token,
        u1_0.reset_password_token_expiry,
        u1_0.role,
        u1_0.roll_number,
        u1_0.school_id,
        u1_0.school_name,
        u1_0.standard,
        u1_0.status,
        u1_0.updated_at,
        u1_0.user_type,
        u1_0.welcome_completed,
        u1_2.department,
        u1_2.designation,
        u1_2.employee_id,
        u1_2.experience,
        u1_2.joined_at,
        u1_2.qualification 
    from
        users u1_0 
    left join
        school_admins u1_1 
            on u1_0.id=u1_1.user_id 
    left join
        teachers u1_2 
            on u1_0.id=u1_2.id 
    where
        u1_0.email=?
Hibernate: 
    select
        s1_0.id,
        s1_0.ai_voice,
        s1_0.auto_play_audio,
        s1_0.created_at,
        s1_0.daily_reminder,
        s1_0.dark_mode,
        s1_0.language,
        s1_0.notifications_enabled,
        s1_0.sound_effects,
        s1_0.student_id,
        s1_0.two_factor_enabled,
        s1_0.updated_at,
        s1_0.user_id 
    from
        settings s1_0 
    where
        s1_0.student_id=?
Hibernate: 
    select
        s1_0.id,
        s1_0.ai_voice,
        s1_0.auto_play_audio,
        s1_0.created_at,
        s1_0.daily_reminder,
        s1_0.dark_mode,
        s1_0.language,
        s1_0.notifications_enabled,
        s1_0.sound_effects,
        s1_0.student_id,
        s1_0.two_factor_enabled,
        s1_0.updated_at,
        s1_0.user_id 
    from
        settings s1_0 
    where
        s1_0.student_id=?
Hibernate: 
    select
        s1_0.id,
        s1_0.ai_voice,
        s1_0.auto_play_audio,
        s1_0.created_at,
        s1_0.daily_reminder,
        s1_0.dark_mode,
        s1_0.language,
        s1_0.notifications_enabled,
        s1_0.sound_effects,
        s1_0.student_id,
        s1_0.two_factor_enabled,
        s1_0.updated_at,
        s1_0.user_id 
    from
        settings s1_0 
    where
        s1_0.student_id=?
Hibernate: 
    select
        s1_0.id,
        s1_0.ai_voice,
        s1_0.auto_play_audio,
        s1_0.created_at,
        s1_0.daily_reminder,
        s1_0.dark_mode,
        s1_0.language,
        s1_0.notifications_enabled,
        s1_0.sound_effects,
        s1_0.student_id,
        s1_0.two_factor_enabled,
        s1_0.updated_at,
        s1_0.user_id 
    from
        settings s1_0 
    where
        s1_0.student_id=?
Hibernate: 
    select
        s1_0.id,
        s1_0.ai_voice,
        s1_0.auto_play_audio,
        s1_0.created_at,
        s1_0.daily_reminder,
        s1_0.dark_mode,
        s1_0.language,
        s1_0.notifications_enabled,
        s1_0.sound_effects,
        s1_0.student_id,
        s1_0.two_factor_enabled,
        s1_0.updated_at,
        s1_0.user_id 
    from
        settings s1_0 
    where
        s1_0.student_id=?
Hibernate: 
    select
        u1_0.id,
        case 
            when u1_1.user_id is not null 
                then 1 
            when u1_2.id is not null 
                then 2 
            when u1_0.id is not null 
                then 0 
        end,
        u1_0.active,
        u1_0.age_group,
        u1_0.auth_provider,
        u1_0.avatar,
        u1_0.created_at,
        u1_0.daily_goal_minutes,
        u1_0.division,
        u1_0.email,
        u1_0.email_verification_token,
        u1_0.email_verified,
        u1_0.english_level,
        u1_0.expo_push_token,
        u1_0.first_name,
        u1_0.interests,
        u1_0.last_name,
        u1_0.learning_goal,
        u1_0.native_language,
        u1_0.onboarding_completed,
        u1_0.parent_name,
        u1_0.parent_phone,
        u1_0.password,
        u1_0.phone,
        u1_0.preferred_accent,
        u1_0.preferred_voice,
        u1_0.reset_otp,
        u1_0.reset_otp_expiry,
        u1_0.reset_password_token,
        u1_0.reset_password_token_expiry,
        u1_0.role,
        u1_0.roll_number,
        u1_0.school_id,
        u1_0.school_name,
        u1_0.standard,
        u1_0.status,
        u1_0.updated_at,
        u1_0.user_type,
        u1_0.welcome_completed,
        u1_2.department,
        u1_2.designation,
        u1_2.employee_id,
        u1_2.experience,
        u1_2.joined_at,
        u1_2.qualification 
    from
        users u1_0 
    left join
        school_admins u1_1 
            on u1_0.id=u1_1.user_id 
    left join
        teachers u1_2 
            on u1_0.id=u1_2.id 
    where
        u1_0.email=?
Hibernate: 
    select
        s1_0.id,
        s1_0.ai_voice,
        s1_0.auto_play_audio,
        s1_0.created_at,
        s1_0.daily_reminder,
        s1_0.dark_mode,
        s1_0.language,
        s1_0.notifications_enabled,
        s1_0.sound_effects,
        s1_0.student_id,
        s1_0.two_factor_enabled,
        s1_0.updated_at,
        s1_0.user_id 
    from
        settings s1_0 
    where
        s1_0.student_id=?
Hibernate: 
    select
        u1_0.id,
        case 
            when u1_1.user_id is not null 
                then 1 
            when u1_2.id is not null 
                then 2 
            when u1_0.id is not null 
                then 0 
        end,
        u1_0.active,
        u1_0.age_group,
        u1_0.auth_provider,
        u1_0.avatar,
        u1_0.created_at,
        u1_0.daily_goal_minutes,
        u1_0.division,
        u1_0.email,
        u1_0.email_verification_token,
        u1_0.email_verified,
        u1_0.english_level,
        u1_0.expo_push_token,
        u1_0.first_name,
        u1_0.interests,
        u1_0.last_name,
        u1_0.learning_goal,
        u1_0.native_language,
        u1_0.onboarding_completed,
        u1_0.parent_name,
        u1_0.parent_phone,
        u1_0.password,
        u1_0.phone,
        u1_0.preferred_accent,
        u1_0.preferred_voice,
        u1_0.reset_otp,
        u1_0.reset_otp_expiry,
        u1_0.reset_password_token,
        u1_0.reset_password_token_expiry,
        u1_0.role,
        u1_0.roll_number,
        u1_0.school_id,
        u1_0.school_name,
        u1_0.standard,
        u1_0.status,
        u1_0.updated_at,
        u1_0.user_type,
        u1_0.welcome_completed,
        u1_2.department,
        u1_2.designation,
        u1_2.employee_id,
        u1_2.experience,
        u1_2.joined_at,
        u1_2.qualification 
    from
        users u1_0 
    left join
        school_admins u1_1 
            on u1_0.id=u1_1.user_id 
    left join
        teachers u1_2 
            on u1_0.id=u1_2.id 
    where
        u1_0.school_id=? 
        and u1_0.role=?
Hibernate: 
    select
        s1_0.id,
        s1_0.ai_voice,
        s1_0.auto_play_audio,
        s1_0.created_at,
        s1_0.daily_reminder,
        s1_0.dark_mode,
        s1_0.language,
        s1_0.notifications_enabled,
        s1_0.sound_effects,
        s1_0.student_id,
        s1_0.two_factor_enabled,
        s1_0.updated_at,
        s1_0.user_id 
    from
        settings s1_0 
    where
        s1_0.student_id=?
Hibernate: 
    select
        s1_0.id,
        s1_0.active,
        s1_0.address,
        s1_0.contact_phone,
        s1_0.created_at,
        s1_0.name,
        s1_0.school_code,
        s1_0.school_name,
        s1_0.updated_at 
    from
        schools s1_0 
    where
        s1_0.id=?
Hibernate: 
    select
        s1_0.id,
        s1_0.active,
        s1_0.address,
        s1_0.contact_phone,
        s1_0.created_at,
        s1_0.name,
        s1_0.school_code,
        s1_0.school_name,
        s1_0.updated_at 
    from
        schools s1_0 
    where
        s1_0.id=?
Hibernate: 
    select
        s1_0.id,
        s1_0.ai_voice,
        s1_0.auto_play_audio,
        s1_0.created_at,
        s1_0.daily_reminder,
        s1_0.dark_mode,
        s1_0.language,
        s1_0.notifications_enabled,
        s1_0.sound_effects,
        s1_0.student_id,
        s1_0.two_factor_enabled,
        s1_0.updated_at,
        s1_0.user_id 
    from
        settings s1_0 
    where
        s1_0.student_id=?
Hibernate: 
    select
        s1_0.id,
        s1_0.ai_voice,
        s1_0.auto_play_audio,
        s1_0.created_at,
        s1_0.daily_reminder,
        s1_0.dark_mode,
        s1_0.language,
        s1_0.notifications_enabled,
        s1_0.sound_effects,
        s1_0.student_id,
        s1_0.two_factor_enabled,
        s1_0.updated_at,
        s1_0.user_id 
    from
        settings s1_0 
    where
        s1_0.student_id=?
2026-08-24T18:31:56.820+05:30  INFO 15172 --- [SpeakMateAI] [0.0-9091-exec-4] c.r.s.security.RequestLoggingFilter      : [REQUEST LOG] Incoming request: GET /api/v1/school/teachers
2026-08-24T18:31:56.844+05:30  INFO 15172 --- [SpeakMateAI] [0.0-9091-exec-7] c.r.s.security.RequestLoggingFilter      : [REQUEST LOG] Incoming request: GET /api/school/students
Hibernate: 
    select
        u1_0.id,
        case 
            when u1_1.user_id is not null 
                then 1 
            when u1_2.id is not null 
                then 2 
            when u1_0.id is not null 
                then 0 
        end,
        u1_0.active,
        u1_0.age_group,
        u1_0.auth_provider,
        u1_0.avatar,
        u1_0.created_at,
        u1_0.daily_goal_minutes,
        u1_0.division,
        u1_0.email,
        u1_0.email_verification_token,
        u1_0.email_verified,
        u1_0.english_level,
        u1_0.expo_push_token,
        u1_0.first_name,
        u1_0.interests,
        u1_0.last_name,
        u1_0.learning_goal,
        u1_0.native_language,
        u1_0.onboarding_completed,
        u1_0.parent_name,
        u1_0.parent_phone,
        u1_0.password,
        u1_0.phone,
        u1_0.preferred_accent,
        u1_0.preferred_voice,
        u1_0.reset_otp,
        u1_0.reset_otp_expiry,
        u1_0.reset_password_token,
        u1_0.reset_password_token_expiry,
        u1_0.role,
        u1_0.roll_number,
        u1_0.school_id,
        u1_0.school_name,
        u1_0.standard,
        u1_0.status,
        u1_0.updated_at,
        u1_0.user_type,
        u1_0.welcome_completed,
        u1_2.department,
        u1_2.designation,
        u1_2.employee_id,
        u1_2.experience,
        u1_2.joined_at,
        u1_2.qualification 
    from
        users u1_0 
    left join
        school_admins u1_1 
            on u1_0.id=u1_1.user_id 
    left join
        teachers u1_2 
            on u1_0.id=u1_2.id 
    where
        u1_0.email=?
Hibernate: 
    select
        u1_0.id,
        case 
            when u1_1.user_id is not null 
                then 1 
            when u1_2.id is not null 
                then 2 
            when u1_0.id is not null 
                then 0 
        end,
        u1_0.active,
        u1_0.age_group,
        u1_0.auth_provider,
        u1_0.avatar,
        u1_0.created_at,
        u1_0.daily_goal_minutes,
        u1_0.division,
        u1_0.email,
        u1_0.email_verification_token,
        u1_0.email_verified,
        u1_0.english_level,
        u1_0.expo_push_token,
        u1_0.first_name,
        u1_0.interests,
        u1_0.last_name,
        u1_0.learning_goal,
        u1_0.native_language,
        u1_0.onboarding_completed,
        u1_0.parent_name,
        u1_0.parent_phone,
        u1_0.password,
        u1_0.phone,
        u1_0.preferred_accent,
        u1_0.preferred_voice,
        u1_0.reset_otp,
        u1_0.reset_otp_expiry,
        u1_0.reset_password_token,
        u1_0.reset_password_token_expiry,
        u1_0.role,
        u1_0.roll_number,
        u1_0.school_id,
        u1_0.school_name,
        u1_0.standard,
        u1_0.status,
        u1_0.updated_at,
        u1_0.user_type,
        u1_0.welcome_completed,
        u1_2.department,
        u1_2.designation,
        u1_2.employee_id,
        u1_2.experience,
        u1_2.joined_at,
        u1_2.qualification 
    from
        users u1_0 
    left join
        school_admins u1_1 
            on u1_0.id=u1_1.user_id 
    left join
        teachers u1_2 
            on u1_0.id=u1_2.id 
    where
        u1_0.email=?
Hibernate: 
    select
        u1_0.id,
        case 
            when u1_1.user_id is not null 
                then 1 
            when u1_2.id is not null 
                then 2 
            when u1_0.id is not null 
                then 0 
        end,
        u1_0.active,
        u1_0.age_group,
        u1_0.auth_provider,
        u1_0.avatar,
        u1_0.created_at,
        u1_0.daily_goal_minutes,
        u1_0.division,
        u1_0.email,
        u1_0.email_verification_token,
        u1_0.email_verified,
        u1_0.english_level,
        u1_0.expo_push_token,
        u1_0.first_name,
        u1_0.interests,
        u1_0.last_name,
        u1_0.learning_goal,
        u1_0.native_language,
        u1_0.onboarding_completed,
        u1_0.parent_name,
        u1_0.parent_phone,
        u1_0.password,
        u1_0.phone,
        u1_0.preferred_accent,
        u1_0.preferred_voice,
        u1_0.reset_otp,
        u1_0.reset_otp_expiry,
        u1_0.reset_password_token,
        u1_0.reset_password_token_expiry,
        u1_0.role,
        u1_0.roll_number,
        u1_0.school_id,
        u1_0.school_name,
        u1_0.standard,
        u1_0.status,
        u1_0.updated_at,
        u1_0.user_type,
        u1_0.welcome_completed,
        u1_2.department,
        u1_2.designation,
        u1_2.employee_id,
        u1_2.experience,
        u1_2.joined_at,
        u1_2.qualification 
    from
        users u1_0 
    left join
        school_admins u1_1 
            on u1_0.id=u1_1.user_id 
    left join
        teachers u1_2 
            on u1_0.id=u1_2.id 
    where
        u1_0.school_id=? 
        and u1_0.role=?
Hibernate: 
    select
        u1_0.id,
        case 
            when u1_1.user_id is not null 
                then 1 
            when u1_2.id is not null 
                then 2 
            when u1_0.id is not null 
                then 0 
        end,
        u1_0.active,
        u1_0.age_group,
        u1_0.auth_provider,
        u1_0.avatar,
        u1_0.created_at,
        u1_0.daily_goal_minutes,
        u1_0.division,
        u1_0.email,
        u1_0.email_verification_token,
        u1_0.email_verified,
        u1_0.english_level,
        u1_0.expo_push_token,
        u1_0.first_name,
        u1_0.interests,
        u1_0.last_name,
        u1_0.learning_goal,
        u1_0.native_language,
        u1_0.onboarding_completed,
        u1_0.parent_name,
        u1_0.parent_phone,
        u1_0.password,
        u1_0.phone,
        u1_0.preferred_accent,
        u1_0.preferred_voice,
        u1_0.reset_otp,
        u1_0.reset_otp_expiry,
        u1_0.reset_password_token,
        u1_0.reset_password_token_expiry,
        u1_0.role,
        u1_0.roll_number,
        u1_0.school_id,
        u1_0.school_name,
        u1_0.standard,
        u1_0.status,
        u1_0.updated_at,
        u1_0.user_type,
        u1_0.welcome_completed,
        u1_2.department,
        u1_2.designation,
        u1_2.employee_id,
        u1_2.experience,
        u1_2.joined_at,
        u1_2.qualification 
    from
        users u1_0 
    left join
        school_admins u1_1 
            on u1_0.id=u1_1.user_id 
    left join
        teachers u1_2 
            on u1_0.id=u1_2.id 
    where
        u1_0.email=?
Hibernate: 
    select
        cr1_0.id,
        cr1_0.academic_year,
        cr1_0.created_at,
        cr1_0.grade,
        cr1_0.name,
        cr1_0.school_id,
        cr1_0.status,
        cr1_0.teacher_id,
        cr1_0.updated_at 
    from
        class_rooms cr1_0 
    where
        cr1_0.school_id=?
Hibernate: 
    select
        u1_0.id,
        case 
            when u1_1.user_id is not null 
                then 1 
            when u1_2.id is not null 
                then 2 
            when u1_0.id is not null 
                then 0 
        end,
        u1_0.active,
        u1_0.age_group,
        u1_0.auth_provider,
        u1_0.avatar,
        u1_0.created_at,
        u1_0.daily_goal_minutes,
        u1_0.division,
        u1_0.email,
        u1_0.email_verification_token,
        u1_0.email_verified,
        u1_0.english_level,
        u1_0.expo_push_token,
        u1_0.first_name,
        u1_0.interests,
        u1_0.last_name,
        u1_0.learning_goal,
        u1_0.native_language,
        u1_0.onboarding_completed,
        u1_0.parent_name,
        u1_0.parent_phone,
        u1_0.password,
        u1_0.phone,
        u1_0.preferred_accent,
        u1_0.preferred_voice,
        u1_0.reset_otp,
        u1_0.reset_otp_expiry,
        u1_0.reset_password_token,
        u1_0.reset_password_token_expiry,
        u1_0.role,
        u1_0.roll_number,
        u1_0.school_id,
        u1_0.school_name,
        u1_0.standard,
        u1_0.status,
        u1_0.updated_at,
        u1_0.user_type,
        u1_0.welcome_completed,
        u1_2.department,
        u1_2.designation,
        u1_2.employee_id,
        u1_2.experience,
        u1_2.joined_at,
        u1_2.qualification 
    from
        users u1_0 
    left join
        school_admins u1_1 
            on u1_0.id=u1_1.user_id 
    left join
        teachers u1_2 
            on u1_0.id=u1_2.id 
    where
        u1_0.school_id=? 
        and u1_0.role=?
Hibernate: 
    select
        u1_0.id,
        case 
            when u1_1.user_id is not null 
                then 1 
            when u1_2.id is not null 
                then 2 
            when u1_0.id is not null 
                then 0 
        end,
        u1_0.active,
        u1_0.age_group,
        u1_0.auth_provider,
        u1_0.avatar,
        u1_0.created_at,
        u1_0.daily_goal_minutes,
        u1_0.division,
        u1_0.email,
        u1_0.email_verification_token,
        u1_0.email_verified,
        u1_0.english_level,
        u1_0.expo_push_token,
        u1_0.first_name,
        u1_0.interests,
        u1_0.last_name,
        u1_0.learning_goal,
        u1_0.native_language,
        u1_0.onboarding_completed,
        u1_0.parent_name,
        u1_0.parent_phone,
        u1_0.password,
        u1_0.phone,
        u1_0.preferred_accent,
        u1_0.preferred_voice,
        u1_0.reset_otp,
        u1_0.reset_otp_expiry,
        u1_0.reset_password_token,
        u1_0.reset_password_token_expiry,
        u1_0.role,
        u1_0.roll_number,
        u1_0.school_id,
        u1_0.school_name,
        u1_0.standard,
        u1_0.status,
        u1_0.updated_at,
        u1_0.user_type,
        u1_0.welcome_completed,
        u1_2.department,
        u1_2.designation,
        u1_2.employee_id,
        u1_2.experience,
        u1_2.joined_at,
        u1_2.qualification 
    from
        users u1_0 
    left join
        school_admins u1_1 
            on u1_0.id=u1_1.user_id 
    left join
        teachers u1_2 
            on u1_0.id=u1_2.id 
    where
        u1_0.email=?
Hibernate: 
    select
        r1_0.id,
        r1_0.active,
        r1_0.created_at,
        r1_0.marks_obtained,
        r1_0.status,
        r1_0.student_id,
        r1_0.submitted_at,
        r1_0.test_title,
        r1_0.total_marks,
        r1_0.updated_at 
    from
        results r1_0 
    join
        users s1_0 
            on s1_0.id=r1_0.student_id 
    where
        s1_0.school_id=? 
        and r1_0.active
Hibernate: 
    select
        s1_0.id,
        s1_0.active,
        s1_0.age_group,
        s1_0.auth_provider,
        s1_0.avatar,
        s1_0.created_at,
        s1_0.daily_goal_minutes,
        s1_0.division,
        s1_0.email,
        s1_0.email_verification_token,
        s1_0.email_verified,
        s1_0.english_level,
        s1_0.expo_push_token,
        s1_0.first_name,
        s1_0.interests,
        s1_0.last_name,
        s1_0.learning_goal,
        s1_0.native_language,
        s1_0.onboarding_completed,
        s1_0.parent_name,
        s1_0.parent_phone,
        s1_0.password,
        s1_0.phone,
        s1_0.preferred_accent,
        s1_0.preferred_voice,
        s1_0.reset_otp,
        s1_0.reset_otp_expiry,
        s1_0.reset_password_token,
        s1_0.reset_password_token_expiry,
        s1_0.roll_number,
        s1_0.school_id,
        s1_0.school_name,
        s1_0.standard,
        s1_0.status,
        s1_0.updated_at,
        s1_0.welcome_completed 
    from
        students s1_0 
    where
        s1_0.school_id=?
Hibernate: 
    select
        s1_0.id,
        s1_0.active,
        s1_0.address,
        s1_0.contact_phone,
        s1_0.created_at,
        s1_0.name,
        s1_0.school_code,
        s1_0.school_name,
        s1_0.updated_at 
    from
        schools s1_0 
    where
        s1_0.id=?
Hibernate: 
    select
        count(lp1_0.id) 
    from
        lesson_progress lp1_0 
    join
        students s1_0 
            on s1_0.id=lp1_0.user_id 
    where
        s1_0.school_id=? 
        and lp1_0.completed=true
Hibernate: 
    select
        s1_0.id,
        s1_0.ai_voice,
        s1_0.auto_play_audio,
        s1_0.created_at,
        s1_0.daily_reminder,
        s1_0.dark_mode,
        s1_0.language,
        s1_0.notifications_enabled,
        s1_0.sound_effects,
        s1_0.student_id,
        s1_0.two_factor_enabled,
        s1_0.updated_at,
        s1_0.user_id 
    from
        settings s1_0 
    where
        s1_0.student_id=?
Hibernate: 
    select
        s1_0.id,
        s1_0.active,
        s1_0.address,
        s1_0.contact_phone,
        s1_0.created_at,
        s1_0.name,
        s1_0.school_code,
        s1_0.school_name,
        s1_0.updated_at 
    from
        schools s1_0 
    where
        s1_0.id=?
Hibernate: 
    select
        s1_0.id,
        s1_0.ai_voice,
        s1_0.auto_play_audio,
        s1_0.created_at,
        s1_0.daily_reminder,
        s1_0.dark_mode,
        s1_0.language,
        s1_0.notifications_enabled,
        s1_0.sound_effects,
        s1_0.student_id,
        s1_0.two_factor_enabled,
        s1_0.updated_at,
        s1_0.user_id 
    from
        settings s1_0 
    where
        s1_0.student_id=?
Hibernate: 
    select
        s1_0.id,
        s1_0.ai_voice,
        s1_0.auto_play_audio,
        s1_0.created_at,
        s1_0.daily_reminder,
        s1_0.dark_mode,
        s1_0.language,
        s1_0.notifications_enabled,
        s1_0.sound_effects,
        s1_0.student_id,
        s1_0.two_factor_enabled,
        s1_0.updated_at,
        s1_0.user_id 
    from
        settings s1_0 
    where
        s1_0.student_id=?
2026-08-24T18:31:57.487+05:30  INFO 15172 --- [SpeakMateAI] [0.0-9091-exec-6] c.r.s.security.RequestLoggingFilter      : [REQUEST LOG] Incoming request: GET /api/v1/school/dashboard
Hibernate: 
    select
        u1_0.id,
        case 
            when u1_1.user_id is not null 
                then 1 
            when u1_2.id is not null 
                then 2 
            when u1_0.id is not null 
                then 0 
        end,
        u1_0.active,
        u1_0.age_group,
        u1_0.auth_provider,
        u1_0.avatar,
        u1_0.created_at,
        u1_0.daily_goal_minutes,
        u1_0.division,
        u1_0.email,
        u1_0.email_verification_token,
        u1_0.email_verified,
        u1_0.english_level,
        u1_0.expo_push_token,
        u1_0.first_name,
        u1_0.interests,
        u1_0.last_name,
        u1_0.learning_goal,
        u1_0.native_language,
        u1_0.onboarding_completed,
        u1_0.parent_name,
        u1_0.parent_phone,
        u1_0.password,
        u1_0.phone,
        u1_0.preferred_accent,
        u1_0.preferred_voice,
        u1_0.reset_otp,
        u1_0.reset_otp_expiry,
        u1_0.reset_password_token,
        u1_0.reset_password_token_expiry,
        u1_0.role,
        u1_0.roll_number,
        u1_0.school_id,
        u1_0.school_name,
        u1_0.standard,
        u1_0.status,
        u1_0.updated_at,
        u1_0.user_type,
        u1_0.welcome_completed,
        u1_2.department,
        u1_2.designation,
        u1_2.employee_id,
        u1_2.experience,
        u1_2.joined_at,
        u1_2.qualification 
    from
        users u1_0 
    left join
        school_admins u1_1 
            on u1_0.id=u1_1.user_id 
    left join
        teachers u1_2 
            on u1_0.id=u1_2.id 
    where
        u1_0.email=?
Hibernate: 
    select
        s1_0.id,
        s1_0.ai_voice,
        s1_0.auto_play_audio,
        s1_0.created_at,
        s1_0.daily_reminder,
        s1_0.dark_mode,
        s1_0.language,
        s1_0.notifications_enabled,
        s1_0.sound_effects,
        s1_0.student_id,
        s1_0.two_factor_enabled,
        s1_0.updated_at,
        s1_0.user_id 
    from
        settings s1_0 
    where
        s1_0.student_id=?
Hibernate: 
    select
        s1_0.id,
        s1_0.ai_voice,
        s1_0.auto_play_audio,
        s1_0.created_at,
        s1_0.daily_reminder,
        s1_0.dark_mode,
        s1_0.language,
        s1_0.notifications_enabled,
        s1_0.sound_effects,
        s1_0.student_id,
        s1_0.two_factor_enabled,
        s1_0.updated_at,
        s1_0.user_id 
    from
        settings s1_0 
    where
        s1_0.student_id=?
Hibernate: 
    select
        u1_0.id,
        case 
            when u1_1.user_id is not null 
                then 1 
            when u1_2.id is not null 
                then 2 
            when u1_0.id is not null 
                then 0 
        end,
        u1_0.active,
        u1_0.age_group,
        u1_0.auth_provider,
        u1_0.avatar,
        u1_0.created_at,
        u1_0.daily_goal_minutes,
        u1_0.division,
        u1_0.email,
        u1_0.email_verification_token,
        u1_0.email_verified,
        u1_0.english_level,
        u1_0.expo_push_token,
        u1_0.first_name,
        u1_0.interests,
        u1_0.last_name,
        u1_0.learning_goal,
        u1_0.native_language,
        u1_0.onboarding_completed,
        u1_0.parent_name,
        u1_0.parent_phone,
        u1_0.password,
        u1_0.phone,
        u1_0.preferred_accent,
        u1_0.preferred_voice,
        u1_0.reset_otp,
        u1_0.reset_otp_expiry,
        u1_0.reset_password_token,
        u1_0.reset_password_token_expiry,
        u1_0.role,
        u1_0.roll_number,
        u1_0.school_id,
        u1_0.school_name,
        u1_0.standard,
        u1_0.status,
        u1_0.updated_at,
        u1_0.user_type,
        u1_0.welcome_completed,
        u1_2.department,
        u1_2.designation,
        u1_2.employee_id,
        u1_2.experience,
        u1_2.joined_at,
        u1_2.qualification 
    from
        users u1_0 
    left join
        school_admins u1_1 
            on u1_0.id=u1_1.user_id 
    left join
        teachers u1_2 
            on u1_0.id=u1_2.id 
    where
        u1_0.email=?
Hibernate: 
    select
        s1_0.id,
        s1_0.ai_voice,
        s1_0.auto_play_audio,
        s1_0.created_at,
        s1_0.daily_reminder,
        s1_0.dark_mode,
        s1_0.language,
        s1_0.notifications_enabled,
        s1_0.sound_effects,
        s1_0.student_id,
        s1_0.two_factor_enabled,
        s1_0.updated_at,
        s1_0.user_id 
    from
        settings s1_0 
    where
        s1_0.student_id=?
Hibernate: 
    select
        s1_0.id,
        s1_0.active,
        s1_0.age_group,
        s1_0.auth_provider,
        s1_0.avatar,
        s1_0.created_at,
        s1_0.daily_goal_minutes,
        s1_0.division,
        s1_0.email,
        s1_0.email_verification_token,
        s1_0.email_verified,
        s1_0.english_level,
        s1_0.expo_push_token,
        s1_0.first_name,
        s1_0.interests,
        s1_0.last_name,
        s1_0.learning_goal,
        s1_0.native_language,
        s1_0.onboarding_completed,
        s1_0.parent_name,
        s1_0.parent_phone,
        s1_0.password,
        s1_0.phone,
        s1_0.preferred_accent,
        s1_0.preferred_voice,
        s1_0.reset_otp,
        s1_0.reset_otp_expiry,
        s1_0.reset_password_token,
        s1_0.reset_password_token_expiry,
        s1_0.roll_number,
        s1_0.school_id,
        s1_0.school_name,
        s1_0.standard,
        s1_0.status,
        s1_0.updated_at,
        s1_0.welcome_completed 
    from
        students s1_0 
    where
        s1_0.school_id=?
Hibernate: 
    select
        s1_0.id,
        s1_0.ai_voice,
        s1_0.auto_play_audio,
        s1_0.created_at,
        s1_0.daily_reminder,
        s1_0.dark_mode,
        s1_0.language,
        s1_0.notifications_enabled,
        s1_0.sound_effects,
        s1_0.student_id,
        s1_0.two_factor_enabled,
        s1_0.updated_at,
        s1_0.user_id 
    from
        settings s1_0 
    where
        s1_0.student_id=?
Hibernate: 
    select
        s1_0.id,
        s1_0.ai_voice,
        s1_0.auto_play_audio,
        s1_0.created_at,
        s1_0.daily_reminder,
        s1_0.dark_mode,
        s1_0.language,
        s1_0.notifications_enabled,
        s1_0.sound_effects,
        s1_0.student_id,
        s1_0.two_factor_enabled,
        s1_0.updated_at,
        s1_0.user_id 
    from
        settings s1_0 
    where
        s1_0.student_id=?
Hibernate: 
    select
        s1_0.id,
        s1_0.ai_voice,
        s1_0.auto_play_audio,
        s1_0.created_at,
        s1_0.daily_reminder,
        s1_0.dark_mode,
        s1_0.language,
        s1_0.notifications_enabled,
        s1_0.sound_effects,
        s1_0.student_id,
        s1_0.two_factor_enabled,
        s1_0.updated_at,
        s1_0.user_id 
    from
        settings s1_0 
    where
        s1_0.student_id=?
Hibernate: 
    select
        s1_0.id,
        s1_0.ai_voice,
        s1_0.auto_play_audio,
        s1_0.created_at,
        s1_0.daily_reminder,
        s1_0.dark_mode,
        s1_0.language,
        s1_0.notifications_enabled,
        s1_0.sound_effects,
        s1_0.student_id,
        s1_0.two_factor_enabled,
        s1_0.updated_at,
        s1_0.user_id 
    from
        settings s1_0 
    where
        s1_0.student_id=?
Hibernate: 
    select
        s1_0.id,
        s1_0.ai_voice,
        s1_0.auto_play_audio,
        s1_0.created_at,
        s1_0.daily_reminder,
        s1_0.dark_mode,
        s1_0.language,
        s1_0.notifications_enabled,
        s1_0.sound_effects,
        s1_0.student_id,
        s1_0.two_factor_enabled,
        s1_0.updated_at,
        s1_0.user_id 
    from
        settings s1_0 
    where
        s1_0.student_id=?
Hibernate: 
    select
        s1_0.id,
        s1_0.active,
        s1_0.address,
        s1_0.contact_phone,
        s1_0.created_at,
        s1_0.name,
        s1_0.school_code,
        s1_0.school_name,
        s1_0.updated_at 
    from
        schools s1_0 
    where
        s1_0.id=?
Hibernate: 
    select
        s1_0.id,
        s1_0.ai_voice,
        s1_0.auto_play_audio,
        s1_0.created_at,
        s1_0.daily_reminder,
        s1_0.dark_mode,
        s1_0.language,
        s1_0.notifications_enabled,
        s1_0.sound_effects,
        s1_0.student_id,
        s1_0.two_factor_enabled,
        s1_0.updated_at,
        s1_0.user_id 
    from
        settings s1_0 
    where
        s1_0.student_id=?
Hibernate: 
    select
        s1_0.id,
        s1_0.ai_voice,
        s1_0.auto_play_audio,
        s1_0.created_at,
        s1_0.daily_reminder,
        s1_0.dark_mode,
        s1_0.language,
        s1_0.notifications_enabled,
        s1_0.sound_effects,
        s1_0.student_id,
        s1_0.two_factor_enabled,
        s1_0.updated_at,
        s1_0.user_id 
    from
        settings s1_0 
    where
        s1_0.student_id=?
2026-08-24T18:31:58.219+05:30  INFO 15172 --- [SpeakMateAI] [0.0-9091-exec-2] c.r.s.security.RequestLoggingFilter      : [REQUEST LOG] Incoming request: GET /api/school/students
Hibernate: 
    select
        u1_0.id,
        case 
            when u1_1.user_id is not null 
                then 1 
            when u1_2.id is not null 
                then 2 
            when u1_0.id is not null 
                then 0 
        end,
        u1_0.active,
        u1_0.age_group,
        u1_0.auth_provider,
        u1_0.avatar,
        u1_0.created_at,
        u1_0.daily_goal_minutes,
        u1_0.division,
        u1_0.email,
        u1_0.email_verification_token,
        u1_0.email_verified,
        u1_0.english_level,
        u1_0.expo_push_token,
        u1_0.first_name,
        u1_0.interests,
        u1_0.last_name,
        u1_0.learning_goal,
        u1_0.native_language,
        u1_0.onboarding_completed,
        u1_0.parent_name,
        u1_0.parent_phone,
        u1_0.password,
        u1_0.phone,
        u1_0.preferred_accent,
        u1_0.preferred_voice,
        u1_0.reset_otp,
        u1_0.reset_otp_expiry,
        u1_0.reset_password_token,
        u1_0.reset_password_token_expiry,
        u1_0.role,
        u1_0.roll_number,
        u1_0.school_id,
        u1_0.school_name,
        u1_0.standard,
        u1_0.status,
        u1_0.updated_at,
        u1_0.user_type,
        u1_0.welcome_completed,
        u1_2.department,
        u1_2.designation,
        u1_2.employee_id,
        u1_2.experience,
        u1_2.joined_at,
        u1_2.qualification 
    from
        users u1_0 
    left join
        school_admins u1_1 
            on u1_0.id=u1_1.user_id 
    left join
        teachers u1_2 
            on u1_0.id=u1_2.id 
    where
        u1_0.email=?
Hibernate: 
    select
        s1_0.id,
        s1_0.ai_voice,
        s1_0.auto_play_audio,
        s1_0.created_at,
        s1_0.daily_reminder,
        s1_0.dark_mode,
        s1_0.language,
        s1_0.notifications_enabled,
        s1_0.sound_effects,
        s1_0.student_id,
        s1_0.two_factor_enabled,
        s1_0.updated_at,
        s1_0.user_id 
    from
        settings s1_0 
    where
        s1_0.student_id=?
Hibernate: 
    select
        u1_0.id,
        case 
            when u1_1.user_id is not null 
                then 1 
            when u1_2.id is not null 
                then 2 
            when u1_0.id is not null 
                then 0 
        end,
        u1_0.active,
        u1_0.age_group,
        u1_0.auth_provider,
        u1_0.avatar,
        u1_0.created_at,
        u1_0.daily_goal_minutes,
        u1_0.division,
        u1_0.email,
        u1_0.email_verification_token,
        u1_0.email_verified,
        u1_0.english_level,
        u1_0.expo_push_token,
        u1_0.first_name,
        u1_0.interests,
        u1_0.last_name,
        u1_0.learning_goal,
        u1_0.native_language,
        u1_0.onboarding_completed,
        u1_0.parent_name,
        u1_0.parent_phone,
        u1_0.password,
        u1_0.phone,
        u1_0.preferred_accent,
        u1_0.preferred_voice,
        u1_0.reset_otp,
        u1_0.reset_otp_expiry,
        u1_0.reset_password_token,
        u1_0.reset_password_token_expiry,
        u1_0.role,
        u1_0.roll_number,
        u1_0.school_id,
        u1_0.school_name,
        u1_0.standard,
        u1_0.status,
        u1_0.updated_at,
        u1_0.user_type,
        u1_0.welcome_completed,
        u1_2.department,
        u1_2.designation,
        u1_2.employee_id,
        u1_2.experience,
        u1_2.joined_at,
        u1_2.qualification 
    from
        users u1_0 
    left join
        school_admins u1_1 
            on u1_0.id=u1_1.user_id 
    left join
        teachers u1_2 
            on u1_0.id=u1_2.id 
    where
        u1_0.email=?
Hibernate: 
    select
        s1_0.id,
        s1_0.ai_voice,
        s1_0.auto_play_audio,
        s1_0.created_at,
        s1_0.daily_reminder,
        s1_0.dark_mode,
        s1_0.language,
        s1_0.notifications_enabled,
        s1_0.sound_effects,
        s1_0.student_id,
        s1_0.two_factor_enabled,
        s1_0.updated_at,
        s1_0.user_id 
    from
        settings s1_0 
    where
        s1_0.student_id=?
Hibernate: 
    select
        s1_0.id,
        s1_0.active,
        s1_0.age_group,
        s1_0.auth_provider,
        s1_0.avatar,
        s1_0.created_at,
        s1_0.daily_goal_minutes,
        s1_0.division,
        s1_0.email,
        s1_0.email_verification_token,
        s1_0.email_verified,
        s1_0.english_level,
        s1_0.expo_push_token,
        s1_0.first_name,
        s1_0.interests,
        s1_0.last_name,
        s1_0.learning_goal,
        s1_0.native_language,
        s1_0.onboarding_completed,
        s1_0.parent_name,
        s1_0.parent_phone,
        s1_0.password,
        s1_0.phone,
        s1_0.preferred_accent,
        s1_0.preferred_voice,
        s1_0.reset_otp,
        s1_0.reset_otp_expiry,
        s1_0.reset_password_token,
        s1_0.reset_password_token_expiry,
        s1_0.roll_number,
        s1_0.school_id,
        s1_0.school_name,
        s1_0.standard,
        s1_0.status,
        s1_0.updated_at,
        s1_0.welcome_completed 
    from
        students s1_0 
    where
        s1_0.school_id=?
Hibernate: 
    select
        s1_0.id,
        s1_0.ai_voice,
        s1_0.auto_play_audio,
        s1_0.created_at,
        s1_0.daily_reminder,
        s1_0.dark_mode,
        s1_0.language,
        s1_0.notifications_enabled,
        s1_0.sound_effects,
        s1_0.student_id,
        s1_0.two_factor_enabled,
        s1_0.updated_at,
        s1_0.user_id 
    from
        settings s1_0 
    where
        s1_0.student_id=?
Hibernate: 
    select
        s1_0.id,
        s1_0.ai_voice,
        s1_0.auto_play_audio,
        s1_0.created_at,
        s1_0.daily_reminder,
        s1_0.dark_mode,
        s1_0.language,
        s1_0.notifications_enabled,
        s1_0.sound_effects,
        s1_0.student_id,
        s1_0.two_factor_enabled,
        s1_0.updated_at,
        s1_0.user_id 
    from
        settings s1_0 
    where
        s1_0.student_id=?
Hibernate: 
    select
        u1_0.id,
        case 
            when u1_1.user_id is not null 
                then 1 
            when u1_2.id is not null 
                then 2 
            when u1_0.id is not null 
                then 0 
        end,
        u1_0.active,
        u1_0.age_group,
        u1_0.auth_provider,
        u1_0.avatar,
        u1_0.created_at,
        u1_0.daily_goal_minutes,
        u1_0.division,
        u1_0.email,
        u1_0.email_verification_token,
        u1_0.email_verified,
        u1_0.english_level,
        u1_0.expo_push_token,
        u1_0.first_name,
        u1_0.interests,
        u1_0.last_name,
        u1_0.learning_goal,
        u1_0.native_language,
        u1_0.onboarding_completed,
        u1_0.parent_name,
        u1_0.parent_phone,
        u1_0.password,
        u1_0.phone,
        u1_0.preferred_accent,
        u1_0.preferred_voice,
        u1_0.reset_otp,
        u1_0.reset_otp_expiry,
        u1_0.reset_password_token,
        u1_0.reset_password_token_expiry,
        u1_0.role,
        u1_0.roll_number,
        u1_0.school_id,
        u1_0.school_name,
        u1_0.standard,
        u1_0.status,
        u1_0.updated_at,
        u1_0.user_type,
        u1_0.welcome_completed,
        u1_2.department,
        u1_2.designation,
        u1_2.employee_id,
        u1_2.experience,
        u1_2.joined_at,
        u1_2.qualification 
    from
        users u1_0 
    left join
        school_admins u1_1 
            on u1_0.id=u1_1.user_id 
    left join
        teachers u1_2 
            on u1_0.id=u1_2.id 
    where
        u1_0.school_id=? 
        and u1_0.role=?
Hibernate: 
    select
        s1_0.id,
        s1_0.ai_voice,
        s1_0.auto_play_audio,
        s1_0.created_at,
        s1_0.daily_reminder,
        s1_0.dark_mode,
        s1_0.language,
        s1_0.notifications_enabled,
        s1_0.sound_effects,
        s1_0.student_id,
        s1_0.two_factor_enabled,
        s1_0.updated_at,
        s1_0.user_id 
    from
        settings s1_0 
    where
        s1_0.student_id=?
Hibernate: 
    select
        cr1_0.id,
        cr1_0.academic_year,
        cr1_0.created_at,
        cr1_0.grade,
        cr1_0.name,
        cr1_0.school_id,
        cr1_0.status,
        cr1_0.teacher_id,
        cr1_0.updated_at 
    from
        class_rooms cr1_0 
    where
        cr1_0.school_id=?
Hibernate: 
    select
        s1_0.id,
        s1_0.ai_voice,
        s1_0.auto_play_audio,
        s1_0.created_at,
        s1_0.daily_reminder,
        s1_0.dark_mode,
        s1_0.language,
        s1_0.notifications_enabled,
        s1_0.sound_effects,
        s1_0.student_id,
        s1_0.two_factor_enabled,
        s1_0.updated_at,
        s1_0.user_id 
    from
        settings s1_0 
    where
        s1_0.student_id=?
Hibernate: 
    select
        r1_0.id,
        r1_0.active,
        r1_0.created_at,
        r1_0.marks_obtained,
        r1_0.status,
        r1_0.student_id,
        r1_0.submitted_at,
        r1_0.test_title,
        r1_0.total_marks,
        r1_0.updated_at 
    from
        results r1_0 
    join
        users s1_0 
            on s1_0.id=r1_0.student_id 
    where
        s1_0.school_id=? 
        and r1_0.active
Hibernate: 
    select
        s1_0.id,
        s1_0.ai_voice,
        s1_0.auto_play_audio,
        s1_0.created_at,
        s1_0.daily_reminder,
        s1_0.dark_mode,
        s1_0.language,
        s1_0.notifications_enabled,
        s1_0.sound_effects,
        s1_0.student_id,
        s1_0.two_factor_enabled,
        s1_0.updated_at,
        s1_0.user_id 
    from
        settings s1_0 
    where
        s1_0.student_id=?
Hibernate: 
    select
        count(lp1_0.id) 
    from
        lesson_progress lp1_0 
    join
        students s1_0 
            on s1_0.id=lp1_0.user_id 
    where
        s1_0.school_id=? 
        and lp1_0.completed=true
Hibernate: 
    select
        s1_0.id,
        s1_0.ai_voice,
        s1_0.auto_play_audio,
        s1_0.created_at,
        s1_0.daily_reminder,
        s1_0.dark_mode,
        s1_0.language,
        s1_0.notifications_enabled,
        s1_0.sound_effects,
        s1_0.student_id,
        s1_0.two_factor_enabled,
        s1_0.updated_at,
        s1_0.user_id 
    from
        settings s1_0 
    where
        s1_0.student_id=?
Hibernate: 
    select
        s1_0.id,
        s1_0.active,
        s1_0.address,
        s1_0.contact_phone,
        s1_0.created_at,
        s1_0.name,
        s1_0.school_code,
        s1_0.school_name,
        s1_0.updated_at 
    from
        schools s1_0 
    where
        s1_0.id=?
Hibernate: 
    select
        s1_0.id,
        s1_0.ai_voice,
        s1_0.auto_play_audio,
        s1_0.created_at,
        s1_0.daily_reminder,
        s1_0.dark_mode,
        s1_0.language,
        s1_0.notifications_enabled,
        s1_0.sound_effects,
        s1_0.student_id,
        s1_0.two_factor_enabled,
        s1_0.updated_at,
        s1_0.user_id 
    from
        settings s1_0 
    where
        s1_0.student_id=?
Hibernate: 
    select
        s1_0.id,
        s1_0.ai_voice,
        s1_0.auto_play_audio,
        s1_0.created_at,
        s1_0.daily_reminder,
        s1_0.dark_mode,
        s1_0.language,
        s1_0.notifications_enabled,
        s1_0.sound_effects,
        s1_0.student_id,
        s1_0.two_factor_enabled,
        s1_0.updated_at,
        s1_0.user_id 
    from
        settings s1_0 
    where
        s1_0.student_id=?
2026-08-24T18:31:59.040+05:30  INFO 15172 --- [SpeakMateAI] [0.0-9091-exec-9] c.r.s.security.RequestLoggingFilter      : [REQUEST LOG] Incoming request: GET /api/v1/school/dashboard
Hibernate: 
    select
        u1_0.id,
        case 
            when u1_1.user_id is not null 
                then 1 
            when u1_2.id is not null 
                then 2 
            when u1_0.id is not null 
                then 0 
        end,
        u1_0.active,
        u1_0.age_group,
        u1_0.auth_provider,
        u1_0.avatar,
        u1_0.created_at,
        u1_0.daily_goal_minutes,
        u1_0.division,
        u1_0.email,
        u1_0.email_verification_token,
        u1_0.email_verified,
        u1_0.english_level,
        u1_0.expo_push_token,
        u1_0.first_name,
        u1_0.interests,
        u1_0.last_name,
        u1_0.learning_goal,
        u1_0.native_language,
        u1_0.onboarding_completed,
        u1_0.parent_name,
        u1_0.parent_phone,
        u1_0.password,
        u1_0.phone,
        u1_0.preferred_accent,
        u1_0.preferred_voice,
        u1_0.reset_otp,
        u1_0.reset_otp_expiry,
        u1_0.reset_password_token,
        u1_0.reset_password_token_expiry,
        u1_0.role,
        u1_0.roll_number,
        u1_0.school_id,
        u1_0.school_name,
        u1_0.standard,
        u1_0.status,
        u1_0.updated_at,
        u1_0.user_type,
        u1_0.welcome_completed,
        u1_2.department,
        u1_2.designation,
        u1_2.employee_id,
        u1_2.experience,
        u1_2.joined_at,
        u1_2.qualification 
    from
        users u1_0 
    left join
        school_admins u1_1 
            on u1_0.id=u1_1.user_id 
    left join
        teachers u1_2 
            on u1_0.id=u1_2.id 
    where
        u1_0.email=?
Hibernate: 
    select
        s1_0.id,
        s1_0.ai_voice,
        s1_0.auto_play_audio,
        s1_0.created_at,
        s1_0.daily_reminder,
        s1_0.dark_mode,
        s1_0.language,
        s1_0.notifications_enabled,
        s1_0.sound_effects,
        s1_0.student_id,
        s1_0.two_factor_enabled,
        s1_0.updated_at,
        s1_0.user_id 
    from
        settings s1_0 
    where
        s1_0.student_id=?
Hibernate: 
    select
        u1_0.id,
        case 
            when u1_1.user_id is not null 
                then 1 
            when u1_2.id is not null 
                then 2 
            when u1_0.id is not null 
                then 0 
        end,
        u1_0.active,
        u1_0.age_group,
        u1_0.auth_provider,
        u1_0.avatar,
        u1_0.created_at,
        u1_0.daily_goal_minutes,
        u1_0.division,
        u1_0.email,
        u1_0.email_verification_token,
        u1_0.email_verified,
        u1_0.english_level,
        u1_0.expo_push_token,
        u1_0.first_name,
        u1_0.interests,
        u1_0.last_name,
        u1_0.learning_goal,
        u1_0.native_language,
        u1_0.onboarding_completed,
        u1_0.parent_name,
        u1_0.parent_phone,
        u1_0.password,
        u1_0.phone,
        u1_0.preferred_accent,
        u1_0.preferred_voice,
        u1_0.reset_otp,
        u1_0.reset_otp_expiry,
        u1_0.reset_password_token,
        u1_0.reset_password_token_expiry,
        u1_0.role,
        u1_0.roll_number,
        u1_0.school_id,
        u1_0.school_name,
        u1_0.standard,
        u1_0.status,
        u1_0.updated_at,
        u1_0.user_type,
        u1_0.welcome_completed,
        u1_2.department,
        u1_2.designation,
        u1_2.employee_id,
        u1_2.experience,
        u1_2.joined_at,
        u1_2.qualification 
    from
        users u1_0 
    left join
        school_admins u1_1 
            on u1_0.id=u1_1.user_id 
    left join
        teachers u1_2 
            on u1_0.id=u1_2.id 
    where
        u1_0.email=?
Hibernate: 
    select
        s1_0.id,
        s1_0.active,
        s1_0.age_group,
        s1_0.auth_provider,
        s1_0.avatar,
        s1_0.created_at,
        s1_0.daily_goal_minutes,
        s1_0.division,
        s1_0.email,
        s1_0.email_verification_token,
        s1_0.email_verified,
        s1_0.english_level,
        s1_0.expo_push_token,
        s1_0.first_name,
        s1_0.interests,
        s1_0.last_name,
        s1_0.learning_goal,
        s1_0.native_language,
        s1_0.onboarding_completed,
        s1_0.parent_name,
        s1_0.parent_phone,
        s1_0.password,
        s1_0.phone,
        s1_0.preferred_accent,
        s1_0.preferred_voice,
        s1_0.reset_otp,
        s1_0.reset_otp_expiry,
        s1_0.reset_password_token,
        s1_0.reset_password_token_expiry,
        s1_0.roll_number,
        s1_0.school_id,
        s1_0.school_name,
        s1_0.standard,
        s1_0.status,
        s1_0.updated_at,
        s1_0.welcome_completed 
    from
        students s1_0 
    where
        s1_0.school_id=?
Hibernate: 
    select
        s1_0.id,
        s1_0.active,
        s1_0.address,
        s1_0.contact_phone,
        s1_0.created_at,
        s1_0.name,
        s1_0.school_code,
        s1_0.school_name,
        s1_0.updated_at 
    from
        schools s1_0 
    where
        s1_0.id=?
Hibernate: 
    select
        s1_0.id,
        s1_0.ai_voice,
        s1_0.auto_play_audio,
        s1_0.created_at,
        s1_0.daily_reminder,
        s1_0.dark_mode,
        s1_0.language,
        s1_0.notifications_enabled,
        s1_0.sound_effects,
        s1_0.student_id,
        s1_0.two_factor_enabled,
        s1_0.updated_at,
        s1_0.user_id 
    from
        settings s1_0 
    where
        s1_0.student_id=?
Hibernate: 
    select
        s1_0.id,
        s1_0.ai_voice,
        s1_0.auto_play_audio,
        s1_0.created_at,
        s1_0.daily_reminder,
        s1_0.dark_mode,
        s1_0.language,
        s1_0.notifications_enabled,
        s1_0.sound_effects,
        s1_0.student_id,
        s1_0.two_factor_enabled,
        s1_0.updated_at,
        s1_0.user_id 
    from
        settings s1_0 
    where
        s1_0.student_id=?
2026-08-24T18:31:59.460+05:30  INFO 15172 --- [SpeakMateAI] [0.0-9091-exec-8] c.r.s.security.RequestLoggingFilter      : [REQUEST LOG] Incoming request: GET /api/school/students
Hibernate: 
    select
        s1_0.id,
        s1_0.ai_voice,
        s1_0.auto_play_audio,
        s1_0.created_at,
        s1_0.daily_reminder,
        s1_0.dark_mode,
        s1_0.language,
        s1_0.notifications_enabled,
        s1_0.sound_effects,
        s1_0.student_id,
        s1_0.two_factor_enabled,
        s1_0.updated_at,
        s1_0.user_id 
    from
        settings s1_0 
    where
        s1_0.student_id=?
Hibernate: 
    select
        u1_0.id,
        case 
            when u1_1.user_id is not null 
                then 1 
            when u1_2.id is not null 
                then 2 
            when u1_0.id is not null 
                then 0 
        end,
        u1_0.active,
        u1_0.age_group,
        u1_0.auth_provider,
        u1_0.avatar,
        u1_0.created_at,
        u1_0.daily_goal_minutes,
        u1_0.division,
        u1_0.email,
        u1_0.email_verification_token,
        u1_0.email_verified,
        u1_0.english_level,
        u1_0.expo_push_token,
        u1_0.first_name,
        u1_0.interests,
        u1_0.last_name,
        u1_0.learning_goal,
        u1_0.native_language,
        u1_0.onboarding_completed,
        u1_0.parent_name,
        u1_0.parent_phone,
        u1_0.password,
        u1_0.phone,
        u1_0.preferred_accent,
        u1_0.preferred_voice,
        u1_0.reset_otp,
        u1_0.reset_otp_expiry,
        u1_0.reset_password_token,
        u1_0.reset_password_token_expiry,
        u1_0.role,
        u1_0.roll_number,
        u1_0.school_id,
        u1_0.school_name,
        u1_0.standard,
        u1_0.status,
        u1_0.updated_at,
        u1_0.user_type,
        u1_0.welcome_completed,
        u1_2.department,
        u1_2.designation,
        u1_2.employee_id,
        u1_2.experience,
        u1_2.joined_at,
        u1_2.qualification 
    from
        users u1_0 
    left join
        school_admins u1_1 
            on u1_0.id=u1_1.user_id 
    left join
        teachers u1_2 
            on u1_0.id=u1_2.id 
    where
        u1_0.email=?
Hibernate: 
    select
        s1_0.id,
        s1_0.ai_voice,
        s1_0.auto_play_audio,
        s1_0.created_at,
        s1_0.daily_reminder,
        s1_0.dark_mode,
        s1_0.language,
        s1_0.notifications_enabled,
        s1_0.sound_effects,
        s1_0.student_id,
        s1_0.two_factor_enabled,
        s1_0.updated_at,
        s1_0.user_id 
    from
        settings s1_0 
    where
        s1_0.student_id=?
Hibernate: 
    select
        u1_0.id,
        case 
            when u1_1.user_id is not null 
                then 1 
            when u1_2.id is not null 
                then 2 
            when u1_0.id is not null 
                then 0 
        end,
        u1_0.active,
        u1_0.age_group,
        u1_0.auth_provider,
        u1_0.avatar,
        u1_0.created_at,
        u1_0.daily_goal_minutes,
        u1_0.division,
        u1_0.email,
        u1_0.email_verification_token,
        u1_0.email_verified,
        u1_0.english_level,
        u1_0.expo_push_token,
        u1_0.first_name,
        u1_0.interests,
        u1_0.last_name,
        u1_0.learning_goal,
        u1_0.native_language,
        u1_0.onboarding_completed,
        u1_0.parent_name,
        u1_0.parent_phone,
        u1_0.password,
        u1_0.phone,
        u1_0.preferred_accent,
        u1_0.preferred_voice,
        u1_0.reset_otp,
        u1_0.reset_otp_expiry,
        u1_0.reset_password_token,
        u1_0.reset_password_token_expiry,
        u1_0.role,
        u1_0.roll_number,
        u1_0.school_id,
        u1_0.school_name,
        u1_0.standard,
        u1_0.status,
        u1_0.updated_at,
        u1_0.user_type,
        u1_0.welcome_completed,
        u1_2.department,
        u1_2.designation,
        u1_2.employee_id,
        u1_2.experience,
        u1_2.joined_at,
        u1_2.qualification 
    from
        users u1_0 
    left join
        school_admins u1_1 
            on u1_0.id=u1_1.user_id 
    left join
        teachers u1_2 
            on u1_0.id=u1_2.id 
    where
        u1_0.email=?
Hibernate: 
    select
        s1_0.id,
        s1_0.ai_voice,
        s1_0.auto_play_audio,
        s1_0.created_at,
        s1_0.daily_reminder,
        s1_0.dark_mode,
        s1_0.language,
        s1_0.notifications_enabled,
        s1_0.sound_effects,
        s1_0.student_id,
        s1_0.two_factor_enabled,
        s1_0.updated_at,
        s1_0.user_id 
    from
        settings s1_0 
    where
        s1_0.student_id=?
Hibernate: 
    select
        s1_0.id,
        s1_0.active,
        s1_0.age_group,
        s1_0.auth_provider,
        s1_0.avatar,
        s1_0.created_at,
        s1_0.daily_goal_minutes,
        s1_0.division,
        s1_0.email,
        s1_0.email_verification_token,
        s1_0.email_verified,
        s1_0.english_level,
        s1_0.expo_push_token,
        s1_0.first_name,
        s1_0.interests,
        s1_0.last_name,
        s1_0.learning_goal,
        s1_0.native_language,
        s1_0.onboarding_completed,
        s1_0.parent_name,
        s1_0.parent_phone,
        s1_0.password,
        s1_0.phone,
        s1_0.preferred_accent,
        s1_0.preferred_voice,
        s1_0.reset_otp,
        s1_0.reset_otp_expiry,
        s1_0.reset_password_token,
        s1_0.reset_password_token_expiry,
        s1_0.roll_number,
        s1_0.school_id,
        s1_0.school_name,
        s1_0.standard,
        s1_0.status,
        s1_0.updated_at,
        s1_0.welcome_completed 
    from
        students s1_0 
    where
        s1_0.school_id=?
Hibernate: 
    select
        s1_0.id,
        s1_0.ai_voice,
        s1_0.auto_play_audio,
        s1_0.created_at,
        s1_0.daily_reminder,
        s1_0.dark_mode,
        s1_0.language,
        s1_0.notifications_enabled,
        s1_0.sound_effects,
        s1_0.student_id,
        s1_0.two_factor_enabled,
        s1_0.updated_at,
        s1_0.user_id 
    from
        settings s1_0 
    where
        s1_0.student_id=?
Hibernate: 
    select
        s1_0.id,
        s1_0.ai_voice,
        s1_0.auto_play_audio,
        s1_0.created_at,
        s1_0.daily_reminder,
        s1_0.dark_mode,
        s1_0.language,
        s1_0.notifications_enabled,
        s1_0.sound_effects,
        s1_0.student_id,
        s1_0.two_factor_enabled,
        s1_0.updated_at,
        s1_0.user_id 
    from
        settings s1_0 
    where
        s1_0.student_id=?
Hibernate: 
    select
        s1_0.id,
        s1_0.ai_voice,
        s1_0.auto_play_audio,
        s1_0.created_at,
        s1_0.daily_reminder,
        s1_0.dark_mode,
        s1_0.language,
        s1_0.notifications_enabled,
        s1_0.sound_effects,
        s1_0.student_id,
        s1_0.two_factor_enabled,
        s1_0.updated_at,
        s1_0.user_id 
    from
        settings s1_0 
    where
        s1_0.student_id=?
Hibernate: 
    select
        s1_0.id,
        s1_0.ai_voice,
        s1_0.auto_play_audio,
        s1_0.created_at,
        s1_0.daily_reminder,
        s1_0.dark_mode,
        s1_0.language,
        s1_0.notifications_enabled,
        s1_0.sound_effects,
        s1_0.student_id,
        s1_0.two_factor_enabled,
        s1_0.updated_at,
        s1_0.user_id 
    from
        settings s1_0 
    where
        s1_0.student_id=?
Hibernate: 
    select
        s1_0.id,
        s1_0.ai_voice,
        s1_0.auto_play_audio,
        s1_0.created_at,
        s1_0.daily_reminder,
        s1_0.dark_mode,
        s1_0.language,
        s1_0.notifications_enabled,
        s1_0.sound_effects,
        s1_0.student_id,
        s1_0.two_factor_enabled,
        s1_0.updated_at,
        s1_0.user_id 
    from
        settings s1_0 
    where
        s1_0.student_id=?
Hibernate: 
    select
        s1_0.id,
        s1_0.ai_voice,
        s1_0.auto_play_audio,
        s1_0.created_at,
        s1_0.daily_reminder,
        s1_0.dark_mode,
        s1_0.language,
        s1_0.notifications_enabled,
        s1_0.sound_effects,
        s1_0.student_id,
        s1_0.two_factor_enabled,
        s1_0.updated_at,
        s1_0.user_id 
    from
        settings s1_0 
    where
        s1_0.student_id=?
Hibernate: 
    select
        s1_0.id,
        s1_0.ai_voice,
        s1_0.auto_play_audio,
        s1_0.created_at,
        s1_0.daily_reminder,
        s1_0.dark_mode,
        s1_0.language,
        s1_0.notifications_enabled,
        s1_0.sound_effects,
        s1_0.student_id,
        s1_0.two_factor_enabled,
        s1_0.updated_at,
        s1_0.user_id 
    from
        settings s1_0 
    where
        s1_0.student_id=?
Hibernate: 
    select
        u1_0.id,
        case 
            when u1_1.user_id is not null 
                then 1 
            when u1_2.id is not null 
                then 2 
            when u1_0.id is not null 
                then 0 
        end,
        u1_0.active,
        u1_0.age_group,
        u1_0.auth_provider,
        u1_0.avatar,
        u1_0.created_at,
        u1_0.daily_goal_minutes,
        u1_0.division,
        u1_0.email,
        u1_0.email_verification_token,
        u1_0.email_verified,
        u1_0.english_level,
        u1_0.expo_push_token,
        u1_0.first_name,
        u1_0.interests,
        u1_0.last_name,
        u1_0.learning_goal,
        u1_0.native_language,
        u1_0.onboarding_completed,
        u1_0.parent_name,
        u1_0.parent_phone,
        u1_0.password,
        u1_0.phone,
        u1_0.preferred_accent,
        u1_0.preferred_voice,
        u1_0.reset_otp,
        u1_0.reset_otp_expiry,
        u1_0.reset_password_token,
        u1_0.reset_password_token_expiry,
        u1_0.role,
        u1_0.roll_number,
        u1_0.school_id,
        u1_0.school_name,
        u1_0.standard,
        u1_0.status,
        u1_0.updated_at,
        u1_0.user_type,
        u1_0.welcome_completed,
        u1_2.department,
        u1_2.designation,
        u1_2.employee_id,
        u1_2.experience,
        u1_2.joined_at,
        u1_2.qualification 
    from
        users u1_0 
    left join
        school_admins u1_1 
            on u1_0.id=u1_1.user_id 
    left join
        teachers u1_2 
            on u1_0.id=u1_2.id 
    where
        u1_0.school_id=? 
        and u1_0.role=?
Hibernate: 
    select
        s1_0.id,
        s1_0.ai_voice,
        s1_0.auto_play_audio,
        s1_0.created_at,
        s1_0.daily_reminder,
        s1_0.dark_mode,
        s1_0.language,
        s1_0.notifications_enabled,
        s1_0.sound_effects,
        s1_0.student_id,
        s1_0.two_factor_enabled,
        s1_0.updated_at,
        s1_0.user_id 
    from
        settings s1_0 
    where
        s1_0.student_id=?
Hibernate: 
    select
        cr1_0.id,
        cr1_0.academic_year,
        cr1_0.created_at,
        cr1_0.grade,
        cr1_0.name,
        cr1_0.school_id,
        cr1_0.status,
        cr1_0.teacher_id,
        cr1_0.updated_at 
    from
        class_rooms cr1_0 
    where
        cr1_0.school_id=?
Hibernate: 
    select
        s1_0.id,
        s1_0.ai_voice,
        s1_0.auto_play_audio,
        s1_0.created_at,
        s1_0.daily_reminder,
        s1_0.dark_mode,
        s1_0.language,
        s1_0.notifications_enabled,
        s1_0.sound_effects,
        s1_0.student_id,
        s1_0.two_factor_enabled,
        s1_0.updated_at,
        s1_0.user_id 
    from
        settings s1_0 
    where
        s1_0.student_id=?
Hibernate: 
    select
        r1_0.id,
        r1_0.active,
        r1_0.created_at,
        r1_0.marks_obtained,
        r1_0.status,
        r1_0.student_id,
        r1_0.submitted_at,
        r1_0.test_title,
        r1_0.total_marks,
        r1_0.updated_at 
    from
        results r1_0 
    join
        users s1_0 
            on s1_0.id=r1_0.student_id 
    where
        s1_0.school_id=? 
        and r1_0.active
Hibernate: 
    select
        s1_0.id,
        s1_0.ai_voice,
        s1_0.auto_play_audio,
        s1_0.created_at,
        s1_0.daily_reminder,
        s1_0.dark_mode,
        s1_0.language,
        s1_0.notifications_enabled,
        s1_0.sound_effects,
        s1_0.student_id,
        s1_0.two_factor_enabled,
        s1_0.updated_at,
        s1_0.user_id 
    from
        settings s1_0 
    where
        s1_0.student_id=?
Hibernate: 
    select
        s1_0.id,
        s1_0.ai_voice,
        s1_0.auto_play_audio,
        s1_0.created_at,
        s1_0.daily_reminder,
        s1_0.dark_mode,
        s1_0.language,
        s1_0.notifications_enabled,
        s1_0.sound_effects,
        s1_0.student_id,
        s1_0.two_factor_enabled,
        s1_0.updated_at,
        s1_0.user_id 
    from
        settings s1_0 
    where
        s1_0.student_id=?
Hibernate: 
    select
        count(lp1_0.id) 
    from
        lesson_progress lp1_0 
    join
        students s1_0 
            on s1_0.id=lp1_0.user_id 
    where
        s1_0.school_id=? 
        and lp1_0.completed=true
Hibernate: 
    select
        s1_0.id,
        s1_0.active,
        s1_0.address,
        s1_0.contact_phone,
        s1_0.created_at,
        s1_0.name,
        s1_0.school_code,
        s1_0.school_name,
        s1_0.updated_at 
    from
        schools s1_0 
    where
        s1_0.id=?
Hibernate: 
    select
        s1_0.id,
        s1_0.active,
        s1_0.address,
        s1_0.contact_phone,
        s1_0.created_at,
        s1_0.name,
        s1_0.school_code,
        s1_0.school_name,
        s1_0.updated_at 
    from
        schools s1_0 
    where
        s1_0.id=?
2026-08-24T18:32:00.544+05:30  INFO 15172 --- [SpeakMateAI] [0.0-9091-exec-5] c.r.s.security.RequestLoggingFilter      : [REQUEST LOG] Incoming request: GET /api/school/students
Hibernate: 
    select
        u1_0.id,
        case 
            when u1_1.user_id is not null 
                then 1 
            when u1_2.id is not null 
                then 2 
            when u1_0.id is not null 
                then 0 
        end,
        u1_0.active,
        u1_0.age_group,
        u1_0.auth_provider,
        u1_0.avatar,
        u1_0.created_at,
        u1_0.daily_goal_minutes,
        u1_0.division,
        u1_0.email,
        u1_0.email_verification_token,
        u1_0.email_verified,
        u1_0.english_level,
        u1_0.expo_push_token,
        u1_0.first_name,
        u1_0.interests,
        u1_0.last_name,
        u1_0.learning_goal,
        u1_0.native_language,
        u1_0.onboarding_completed,
        u1_0.parent_name,
        u1_0.parent_phone,
        u1_0.password,
        u1_0.phone,
        u1_0.preferred_accent,
        u1_0.preferred_voice,
        u1_0.reset_otp,
        u1_0.reset_otp_expiry,
        u1_0.reset_password_token,
        u1_0.reset_password_token_expiry,
        u1_0.role,
        u1_0.roll_number,
        u1_0.school_id,
        u1_0.school_name,
        u1_0.standard,
        u1_0.status,
        u1_0.updated_at,
        u1_0.user_type,
        u1_0.welcome_completed,
        u1_2.department,
        u1_2.designation,
        u1_2.employee_id,
        u1_2.experience,
        u1_2.joined_at,
        u1_2.qualification 
    from
        users u1_0 
    left join
        school_admins u1_1 
            on u1_0.id=u1_1.user_id 
    left join
        teachers u1_2 
            on u1_0.id=u1_2.id 
    where
        u1_0.email=?
Hibernate: 
    select
        u1_0.id,
        case 
            when u1_1.user_id is not null 
                then 1 
            when u1_2.id is not null 
                then 2 
            when u1_0.id is not null 
                then 0 
        end,
        u1_0.active,
        u1_0.age_group,
        u1_0.auth_provider,
        u1_0.avatar,
        u1_0.created_at,
        u1_0.daily_goal_minutes,
        u1_0.division,
        u1_0.email,
        u1_0.email_verification_token,
        u1_0.email_verified,
        u1_0.english_level,
        u1_0.expo_push_token,
        u1_0.first_name,
        u1_0.interests,
        u1_0.last_name,
        u1_0.learning_goal,
        u1_0.native_language,
        u1_0.onboarding_completed,
        u1_0.parent_name,
        u1_0.parent_phone,
        u1_0.password,
        u1_0.phone,
        u1_0.preferred_accent,
        u1_0.preferred_voice,
        u1_0.reset_otp,
        u1_0.reset_otp_expiry,
        u1_0.reset_password_token,
        u1_0.reset_password_token_expiry,
        u1_0.role,
        u1_0.roll_number,
        u1_0.school_id,
        u1_0.school_name,
        u1_0.standard,
        u1_0.status,
        u1_0.updated_at,
        u1_0.user_type,
        u1_0.welcome_completed,
        u1_2.department,
        u1_2.designation,
        u1_2.employee_id,
        u1_2.experience,
        u1_2.joined_at,
        u1_2.qualification 
    from
        users u1_0 
    left join
        school_admins u1_1 
            on u1_0.id=u1_1.user_id 
    left join
        teachers u1_2 
            on u1_0.id=u1_2.id 
    where
        u1_0.email=?
Hibernate: 
    select
        s1_0.id,
        s1_0.active,
        s1_0.age_group,
        s1_0.auth_provider,
        s1_0.avatar,
        s1_0.created_at,
        s1_0.daily_goal_minutes,
        s1_0.division,
        s1_0.email,
        s1_0.email_verification_token,
        s1_0.email_verified,
        s1_0.english_level,
        s1_0.expo_push_token,
        s1_0.first_name,
        s1_0.interests,
        s1_0.last_name,
        s1_0.learning_goal,
        s1_0.native_language,
        s1_0.onboarding_completed,
        s1_0.parent_name,
        s1_0.parent_phone,
        s1_0.password,
        s1_0.phone,
        s1_0.preferred_accent,
        s1_0.preferred_voice,
        s1_0.reset_otp,
        s1_0.reset_otp_expiry,
        s1_0.reset_password_token,
        s1_0.reset_password_token_expiry,
        s1_0.roll_number,
        s1_0.school_id,
        s1_0.school_name,
        s1_0.standard,
        s1_0.status,
        s1_0.updated_at,
        s1_0.welcome_completed 
    from
        students s1_0 
    where
        s1_0.school_id=?
Hibernate: 
    select
        s1_0.id,
        s1_0.ai_voice,
        s1_0.auto_play_audio,
        s1_0.created_at,
        s1_0.daily_reminder,
        s1_0.dark_mode,
        s1_0.language,
        s1_0.notifications_enabled,
        s1_0.sound_effects,
        s1_0.student_id,
        s1_0.two_factor_enabled,
        s1_0.updated_at,
        s1_0.user_id 
    from
        settings s1_0 
    where
        s1_0.student_id=?
Hibernate: 
    select
        s1_0.id,
        s1_0.ai_voice,
        s1_0.auto_play_audio,
        s1_0.created_at,
        s1_0.daily_reminder,
        s1_0.dark_mode,
        s1_0.language,
        s1_0.notifications_enabled,
        s1_0.sound_effects,
        s1_0.student_id,
        s1_0.two_factor_enabled,
        s1_0.updated_at,
        s1_0.user_id 
    from
        settings s1_0 
    where
        s1_0.student_id=?
Hibernate: 
    select
        s1_0.id,
        s1_0.ai_voice,
        s1_0.auto_play_audio,
        s1_0.created_at,
        s1_0.daily_reminder,
        s1_0.dark_mode,
        s1_0.language,
        s1_0.notifications_enabled,
        s1_0.sound_effects,
        s1_0.student_id,
        s1_0.two_factor_enabled,
        s1_0.updated_at,
        s1_0.user_id 
    from
        settings s1_0 
    where
        s1_0.student_id=?
Hibernate: 
    select
        s1_0.id,
        s1_0.ai_voice,
        s1_0.auto_play_audio,
        s1_0.created_at,
        s1_0.daily_reminder,
        s1_0.dark_mode,
        s1_0.language,
        s1_0.notifications_enabled,
        s1_0.sound_effects,
        s1_0.student_id,
        s1_0.two_factor_enabled,
        s1_0.updated_at,
        s1_0.user_id 
    from
        settings s1_0 
    where
        s1_0.student_id=?
Hibernate: 
    select
        s1_0.id,
        s1_0.ai_voice,
        s1_0.auto_play_audio,
        s1_0.created_at,
        s1_0.daily_reminder,
        s1_0.dark_mode,
        s1_0.language,
        s1_0.notifications_enabled,
        s1_0.sound_effects,
        s1_0.student_id,
        s1_0.two_factor_enabled,
        s1_0.updated_at,
        s1_0.user_id 
    from
        settings s1_0 
    where
        s1_0.student_id=?
Hibernate: 
    select
        s1_0.id,
        s1_0.ai_voice,
        s1_0.auto_play_audio,
        s1_0.created_at,
        s1_0.daily_reminder,
        s1_0.dark_mode,
        s1_0.language,
        s1_0.notifications_enabled,
        s1_0.sound_effects,
        s1_0.student_id,
        s1_0.two_factor_enabled,
        s1_0.updated_at,
        s1_0.user_id 
    from
        settings s1_0 
    where
        s1_0.student_id=?
Hibernate: 
    select
        s1_0.id,
        s1_0.ai_voice,
        s1_0.auto_play_audio,
        s1_0.created_at,
        s1_0.daily_reminder,
        s1_0.dark_mode,
        s1_0.language,
        s1_0.notifications_enabled,
        s1_0.sound_effects,
        s1_0.student_id,
        s1_0.two_factor_enabled,
        s1_0.updated_at,
        s1_0.user_id 
    from
        settings s1_0 
    where
        s1_0.student_id=?
Hibernate: 
    select
        s1_0.id,
        s1_0.ai_voice,
        s1_0.auto_play_audio,
        s1_0.created_at,
        s1_0.daily_reminder,
        s1_0.dark_mode,
        s1_0.language,
        s1_0.notifications_enabled,
        s1_0.sound_effects,
        s1_0.student_id,
        s1_0.two_factor_enabled,
        s1_0.updated_at,
        s1_0.user_id 
    from
        settings s1_0 
    where
        s1_0.student_id=?
Hibernate: 
    select
        s1_0.id,
        s1_0.active,
        s1_0.address,
        s1_0.contact_phone,
        s1_0.created_at,
        s1_0.name,
        s1_0.school_code,
        s1_0.school_name,
        s1_0.updated_at 
    from
        schools s1_0 
    where
        s1_0.id=?
2026-08-24T18:32:01.947+05:30  INFO 15172 --- [SpeakMateAI] [0.0-9091-exec-3] c.r.s.security.RequestLoggingFilter      : [REQUEST LOG] Incoming request: GET /api/school/students
Hibernate: 
    select
        u1_0.id,
        case 
            when u1_1.user_id is not null 
                then 1 
            when u1_2.id is not null 
                then 2 
            when u1_0.id is not null 
                then 0 
        end,
        u1_0.active,
        u1_0.age_group,
        u1_0.auth_provider,
        u1_0.avatar,
        u1_0.created_at,
        u1_0.daily_goal_minutes,
        u1_0.division,
        u1_0.email,
        u1_0.email_verification_token,
        u1_0.email_verified,
        u1_0.english_level,
        u1_0.expo_push_token,
        u1_0.first_name,
        u1_0.interests,
        u1_0.last_name,
        u1_0.learning_goal,
        u1_0.native_language,
        u1_0.onboarding_completed,
        u1_0.parent_name,
        u1_0.parent_phone,
        u1_0.password,
        u1_0.phone,
        u1_0.preferred_accent,
        u1_0.preferred_voice,
        u1_0.reset_otp,
        u1_0.reset_otp_expiry,
        u1_0.reset_password_token,
        u1_0.reset_password_token_expiry,
        u1_0.role,
        u1_0.roll_number,
        u1_0.school_id,
        u1_0.school_name,
        u1_0.standard,
        u1_0.status,
        u1_0.updated_at,
        u1_0.user_type,
        u1_0.welcome_completed,
        u1_2.department,
        u1_2.designation,
        u1_2.employee_id,
        u1_2.experience,
        u1_2.joined_at,
        u1_2.qualification 
    from
        users u1_0 
    left join
        school_admins u1_1 
            on u1_0.id=u1_1.user_id 
    left join
        teachers u1_2 
            on u1_0.id=u1_2.id 
    where
        u1_0.email=?
Hibernate: 
    select
        u1_0.id,
        case 
            when u1_1.user_id is not null 
                then 1 
            when u1_2.id is not null 
                then 2 
            when u1_0.id is not null 
                then 0 
        end,
        u1_0.active,
        u1_0.age_group,
        u1_0.auth_provider,
        u1_0.avatar,
        u1_0.created_at,
        u1_0.daily_goal_minutes,
        u1_0.division,
        u1_0.email,
        u1_0.email_verification_token,
        u1_0.email_verified,
        u1_0.english_level,
        u1_0.expo_push_token,
        u1_0.first_name,
        u1_0.interests,
        u1_0.last_name,
        u1_0.learning_goal,
        u1_0.native_language,
        u1_0.onboarding_completed,
        u1_0.parent_name,
        u1_0.parent_phone,
        u1_0.password,
        u1_0.phone,
        u1_0.preferred_accent,
        u1_0.preferred_voice,
        u1_0.reset_otp,
        u1_0.reset_otp_expiry,
        u1_0.reset_password_token,
        u1_0.reset_password_token_expiry,
        u1_0.role,
        u1_0.roll_number,
        u1_0.school_id,
        u1_0.school_name,
        u1_0.standard,
        u1_0.status,
        u1_0.updated_at,
        u1_0.user_type,
        u1_0.welcome_completed,
        u1_2.department,
        u1_2.designation,
        u1_2.employee_id,
        u1_2.experience,
        u1_2.joined_at,
        u1_2.qualification 
    from
        users u1_0 
    left join
        school_admins u1_1 
            on u1_0.id=u1_1.user_id 
    left join
        teachers u1_2 
            on u1_0.id=u1_2.id 
    where
        u1_0.email=?
Hibernate: 
    select
        s1_0.id,
        s1_0.active,
        s1_0.age_group,
        s1_0.auth_provider,
        s1_0.avatar,
        s1_0.created_at,
        s1_0.daily_goal_minutes,
        s1_0.division,
        s1_0.email,
        s1_0.email_verification_token,
        s1_0.email_verified,
        s1_0.english_level,
        s1_0.expo_push_token,
        s1_0.first_name,
        s1_0.interests,
        s1_0.last_name,
        s1_0.learning_goal,
        s1_0.native_language,
        s1_0.onboarding_completed,
        s1_0.parent_name,
        s1_0.parent_phone,
        s1_0.password,
        s1_0.phone,
        s1_0.preferred_accent,
        s1_0.preferred_voice,
        s1_0.reset_otp,
        s1_0.reset_otp_expiry,
        s1_0.reset_password_token,
        s1_0.reset_password_token_expiry,
        s1_0.roll_number,
        s1_0.school_id,
        s1_0.school_name,
        s1_0.standard,
        s1_0.status,
        s1_0.updated_at,
        s1_0.welcome_completed 
    from
        students s1_0 
    where
        s1_0.school_id=?
Hibernate: 
    select
        s1_0.id,
        s1_0.ai_voice,
        s1_0.auto_play_audio,
        s1_0.created_at,
        s1_0.daily_reminder,
        s1_0.dark_mode,
        s1_0.language,
        s1_0.notifications_enabled,
        s1_0.sound_effects,
        s1_0.student_id,
        s1_0.two_factor_enabled,
        s1_0.updated_at,
        s1_0.user_id 
    from
        settings s1_0 
    where
        s1_0.student_id=?
Hibernate: 
    select
        s1_0.id,
        s1_0.ai_voice,
        s1_0.auto_play_audio,
        s1_0.created_at,
        s1_0.daily_reminder,
        s1_0.dark_mode,
        s1_0.language,
        s1_0.notifications_enabled,
        s1_0.sound_effects,
        s1_0.student_id,
        s1_0.two_factor_enabled,
        s1_0.updated_at,
        s1_0.user_id 
    from
        settings s1_0 
    where
        s1_0.student_id=?
Hibernate: 
    select
        s1_0.id,
        s1_0.ai_voice,
        s1_0.auto_play_audio,
        s1_0.created_at,
        s1_0.daily_reminder,
        s1_0.dark_mode,
        s1_0.language,
        s1_0.notifications_enabled,
        s1_0.sound_effects,
        s1_0.student_id,
        s1_0.two_factor_enabled,
        s1_0.updated_at,
        s1_0.user_id 
    from
        settings s1_0 
    where
        s1_0.student_id=?
Hibernate: 
    select
        s1_0.id,
        s1_0.ai_voice,
        s1_0.auto_play_audio,
        s1_0.created_at,
        s1_0.daily_reminder,
        s1_0.dark_mode,
        s1_0.language,
        s1_0.notifications_enabled,
        s1_0.sound_effects,
        s1_0.student_id,
        s1_0.two_factor_enabled,
        s1_0.updated_at,
        s1_0.user_id 
    from
        settings s1_0 
    where
        s1_0.student_id=?
Hibernate: 
    select
        s1_0.id,
        s1_0.ai_voice,
        s1_0.auto_play_audio,
        s1_0.created_at,
        s1_0.daily_reminder,
        s1_0.dark_mode,
        s1_0.language,
        s1_0.notifications_enabled,
        s1_0.sound_effects,
        s1_0.student_id,
        s1_0.two_factor_enabled,
        s1_0.updated_at,
        s1_0.user_id 
    from
        settings s1_0 
    where
        s1_0.student_id=?
Hibernate: 
    select
        s1_0.id,
        s1_0.ai_voice,
        s1_0.auto_play_audio,
        s1_0.created_at,
        s1_0.daily_reminder,
        s1_0.dark_mode,
        s1_0.language,
        s1_0.notifications_enabled,
        s1_0.sound_effects,
        s1_0.student_id,
        s1_0.two_factor_enabled,
        s1_0.updated_at,
        s1_0.user_id 
    from
        settings s1_0 
    where
        s1_0.student_id=?
Hibernate: 
    select
        s1_0.id,
        s1_0.ai_voice,
        s1_0.auto_play_audio,
        s1_0.created_at,
        s1_0.daily_reminder,
        s1_0.dark_mode,
        s1_0.language,
        s1_0.notifications_enabled,
        s1_0.sound_effects,
        s1_0.student_id,
        s1_0.two_factor_enabled,
        s1_0.updated_at,
        s1_0.user_id 
    from
        settings s1_0 
    where
        s1_0.student_id=?
Hibernate: 
    select
        s1_0.id,
        s1_0.ai_voice,
        s1_0.auto_play_audio,
        s1_0.created_at,
        s1_0.daily_reminder,
        s1_0.dark_mode,
        s1_0.language,
        s1_0.notifications_enabled,
        s1_0.sound_effects,
        s1_0.student_id,
        s1_0.two_factor_enabled,
        s1_0.updated_at,
        s1_0.user_id 
    from
        settings s1_0 
    where
        s1_0.student_id=?
Hibernate: 
    select
        s1_0.id,
        s1_0.active,
        s1_0.address,
        s1_0.contact_phone,
        s1_0.created_at,
        s1_0.name,
        s1_0.school_code,
        s1_0.school_name,
        s1_0.updated_at 
    from
        schools s1_0 
    where
        s1_0.id=?
2026-08-24T18:32:03.117+05:30  INFO 15172 --- [SpeakMateAI] [.0-9091-exec-10] c.r.s.security.RequestLoggingFilter      : [REQUEST LOG] Incoming request: GET /api/school/students
Hibernate: 
    select
        u1_0.id,
        case 
            when u1_1.user_id is not null 
                then 1 
            when u1_2.id is not null 
                then 2 
            when u1_0.id is not null 
                then 0 
        end,
        u1_0.active,
        u1_0.age_group,
        u1_0.auth_provider,
        u1_0.avatar,
        u1_0.created_at,
        u1_0.daily_goal_minutes,
        u1_0.division,
        u1_0.email,
        u1_0.email_verification_token,
        u1_0.email_verified,
        u1_0.english_level,
        u1_0.expo_push_token,
        u1_0.first_name,
        u1_0.interests,
        u1_0.last_name,
        u1_0.learning_goal,
        u1_0.native_language,
        u1_0.onboarding_completed,
        u1_0.parent_name,
        u1_0.parent_phone,
        u1_0.password,
        u1_0.phone,
        u1_0.preferred_accent,
        u1_0.preferred_voice,
        u1_0.reset_otp,
        u1_0.reset_otp_expiry,
        u1_0.reset_password_token,
        u1_0.reset_password_token_expiry,
        u1_0.role,
        u1_0.roll_number,
        u1_0.school_id,
        u1_0.school_name,
        u1_0.standard,
        u1_0.status,
        u1_0.updated_at,
        u1_0.user_type,
        u1_0.welcome_completed,
        u1_2.department,
        u1_2.designation,
        u1_2.employee_id,
        u1_2.experience,
        u1_2.joined_at,
        u1_2.qualification 
    from
        users u1_0 
    left join
        school_admins u1_1 
            on u1_0.id=u1_1.user_id 
    left join
        teachers u1_2 
            on u1_0.id=u1_2.id 
    where
        u1_0.email=?
Hibernate: 
    select
        u1_0.id,
        case 
            when u1_1.user_id is not null 
                then 1 
            when u1_2.id is not null 
                then 2 
            when u1_0.id is not null 
                then 0 
        end,
        u1_0.active,
        u1_0.age_group,
        u1_0.auth_provider,
        u1_0.avatar,
        u1_0.created_at,
        u1_0.daily_goal_minutes,
        u1_0.division,
        u1_0.email,
        u1_0.email_verification_token,
        u1_0.email_verified,
        u1_0.english_level,
        u1_0.expo_push_token,
        u1_0.first_name,
        u1_0.interests,
        u1_0.last_name,
        u1_0.learning_goal,
        u1_0.native_language,
        u1_0.onboarding_completed,
        u1_0.parent_name,
        u1_0.parent_phone,
        u1_0.password,
        u1_0.phone,
        u1_0.preferred_accent,
        u1_0.preferred_voice,
        u1_0.reset_otp,
        u1_0.reset_otp_expiry,
        u1_0.reset_password_token,
        u1_0.reset_password_token_expiry,
        u1_0.role,
        u1_0.roll_number,
        u1_0.school_id,
        u1_0.school_name,
        u1_0.standard,
        u1_0.status,
        u1_0.updated_at,
        u1_0.user_type,
        u1_0.welcome_completed,
        u1_2.department,
        u1_2.designation,
        u1_2.employee_id,
        u1_2.experience,
        u1_2.joined_at,
        u1_2.qualification 
    from
        users u1_0 
    left join
        school_admins u1_1 
            on u1_0.id=u1_1.user_id 
    left join
        teachers u1_2 
            on u1_0.id=u1_2.id 
    where
        u1_0.email=?
Hibernate: 
    select
        s1_0.id,
        s1_0.active,
        s1_0.age_group,
        s1_0.auth_provider,
        s1_0.avatar,
        s1_0.created_at,
        s1_0.daily_goal_minutes,
        s1_0.division,
        s1_0.email,
        s1_0.email_verification_token,
        s1_0.email_verified,
        s1_0.english_level,
        s1_0.expo_push_token,
        s1_0.first_name,
        s1_0.interests,
        s1_0.last_name,
        s1_0.learning_goal,
        s1_0.native_language,
        s1_0.onboarding_completed,
        s1_0.parent_name,
        s1_0.parent_phone,
        s1_0.password,
        s1_0.phone,
        s1_0.preferred_accent,
        s1_0.preferred_voice,
        s1_0.reset_otp,
        s1_0.reset_otp_expiry,
        s1_0.reset_password_token,
        s1_0.reset_password_token_expiry,
        s1_0.roll_number,
        s1_0.school_id,
        s1_0.school_name,
        s1_0.standard,
        s1_0.status,
        s1_0.updated_at,
        s1_0.welcome_completed 
    from
        students s1_0 
    where
        s1_0.school_id=?
Hibernate: 
    select
        s1_0.id,
        s1_0.ai_voice,
        s1_0.auto_play_audio,
        s1_0.created_at,
        s1_0.daily_reminder,
        s1_0.dark_mode,
        s1_0.language,
        s1_0.notifications_enabled,
        s1_0.sound_effects,
        s1_0.student_id,
        s1_0.two_factor_enabled,
        s1_0.updated_at,
        s1_0.user_id 
    from
        settings s1_0 
    where
        s1_0.student_id=?
Hibernate: 
    select
        s1_0.id,
        s1_0.ai_voice,
        s1_0.auto_play_audio,
        s1_0.created_at,
        s1_0.daily_reminder,
        s1_0.dark_mode,
        s1_0.language,
        s1_0.notifications_enabled,
        s1_0.sound_effects,
        s1_0.student_id,
        s1_0.two_factor_enabled,
        s1_0.updated_at,
        s1_0.user_id 
    from
        settings s1_0 
    where
        s1_0.student_id=?
Hibernate: 
    select
        s1_0.id,
        s1_0.ai_voice,
        s1_0.auto_play_audio,
        s1_0.created_at,
        s1_0.daily_reminder,
        s1_0.dark_mode,
        s1_0.language,
        s1_0.notifications_enabled,
        s1_0.sound_effects,
        s1_0.student_id,
        s1_0.two_factor_enabled,
        s1_0.updated_at,
        s1_0.user_id 
    from
        settings s1_0 
    where
        s1_0.student_id=?
Hibernate: 
    select
        s1_0.id,
        s1_0.ai_voice,
        s1_0.auto_play_audio,
        s1_0.created_at,
        s1_0.daily_reminder,
        s1_0.dark_mode,
        s1_0.language,
        s1_0.notifications_enabled,
        s1_0.sound_effects,
        s1_0.student_id,
        s1_0.two_factor_enabled,
        s1_0.updated_at,
        s1_0.user_id 
    from
        settings s1_0 
    where
        s1_0.student_id=?
Hibernate: 
    select
        s1_0.id,
        s1_0.ai_voice,
        s1_0.auto_play_audio,
        s1_0.created_at,
        s1_0.daily_reminder,
        s1_0.dark_mode,
        s1_0.language,
        s1_0.notifications_enabled,
        s1_0.sound_effects,
        s1_0.student_id,
        s1_0.two_factor_enabled,
        s1_0.updated_at,
        s1_0.user_id 
    from
        settings s1_0 
    where
        s1_0.student_id=?
Hibernate: 
    select
        s1_0.id,
        s1_0.ai_voice,
        s1_0.auto_play_audio,
        s1_0.created_at,
        s1_0.daily_reminder,
        s1_0.dark_mode,
        s1_0.language,
        s1_0.notifications_enabled,
        s1_0.sound_effects,
        s1_0.student_id,
        s1_0.two_factor_enabled,
        s1_0.updated_at,
        s1_0.user_id 
    from
        settings s1_0 
    where
        s1_0.student_id=?
Hibernate: 
    select
        s1_0.id,
        s1_0.ai_voice,
        s1_0.auto_play_audio,
        s1_0.created_at,
        s1_0.daily_reminder,
        s1_0.dark_mode,
        s1_0.language,
        s1_0.notifications_enabled,
        s1_0.sound_effects,
        s1_0.student_id,
        s1_0.two_factor_enabled,
        s1_0.updated_at,
        s1_0.user_id 
    from
        settings s1_0 
    where
        s1_0.student_id=?
Hibernate: 
    select
        s1_0.id,
        s1_0.ai_voice,
        s1_0.auto_play_audio,
        s1_0.created_at,
        s1_0.daily_reminder,
        s1_0.dark_mode,
        s1_0.language,
        s1_0.notifications_enabled,
        s1_0.sound_effects,
        s1_0.student_id,
        s1_0.two_factor_enabled,
        s1_0.updated_at,
        s1_0.user_id 
    from
        settings s1_0 
    where
        s1_0.student_id=?
Hibernate: 
    select
        s1_0.id,
        s1_0.active,
        s1_0.address,
        s1_0.contact_phone,
        s1_0.created_at,
        s1_0.name,
        s1_0.school_code,
        s1_0.school_name,
        s1_0.updated_at 
    from
        schools s1_0 
    where
        s1_0.id=?
2026-08-24T18:32:04.922+05:30  INFO 15172 --- [SpeakMateAI] [.0-9091-exec-10] c.r.s.security.RequestLoggingFilter      : [REQUEST LOG] Incoming request: GET /api/school/students
Hibernate: 
    select
        u1_0.id,
        case 
            when u1_1.user_id is not null 
                then 1 
            when u1_2.id is not null 
                then 2 
            when u1_0.id is not null 
                then 0 
        end,
        u1_0.active,
        u1_0.age_group,
        u1_0.auth_provider,
        u1_0.avatar,
        u1_0.created_at,
        u1_0.daily_goal_minutes,
        u1_0.division,
        u1_0.email,
        u1_0.email_verification_token,
        u1_0.email_verified,
        u1_0.english_level,
        u1_0.expo_push_token,
        u1_0.first_name,
        u1_0.interests,
        u1_0.last_name,
        u1_0.learning_goal,
        u1_0.native_language,
        u1_0.onboarding_completed,
        u1_0.parent_name,
        u1_0.parent_phone,
        u1_0.password,
        u1_0.phone,
        u1_0.preferred_accent,
        u1_0.preferred_voice,
        u1_0.reset_otp,
        u1_0.reset_otp_expiry,
        u1_0.reset_password_token,
        u1_0.reset_password_token_expiry,
        u1_0.role,
        u1_0.roll_number,
        u1_0.school_id,
        u1_0.school_name,
        u1_0.standard,
        u1_0.status,
        u1_0.updated_at,
        u1_0.user_type,
        u1_0.welcome_completed,
        u1_2.department,
        u1_2.designation,
        u1_2.employee_id,
        u1_2.experience,
        u1_2.joined_at,
        u1_2.qualification 
    from
        users u1_0 
    left join
        school_admins u1_1 
            on u1_0.id=u1_1.user_id 
    left join
        teachers u1_2 
            on u1_0.id=u1_2.id 
    where
        u1_0.email=?
Hibernate: 
    select
        u1_0.id,
        case 
            when u1_1.user_id is not null 
                then 1 
            when u1_2.id is not null 
                then 2 
            when u1_0.id is not null 
                then 0 
        end,
        u1_0.active,
        u1_0.age_group,
        u1_0.auth_provider,
        u1_0.avatar,
        u1_0.created_at,
        u1_0.daily_goal_minutes,
        u1_0.division,
        u1_0.email,
        u1_0.email_verification_token,
        u1_0.email_verified,
        u1_0.english_level,
        u1_0.expo_push_token,
        u1_0.first_name,
        u1_0.interests,
        u1_0.last_name,
        u1_0.learning_goal,
        u1_0.native_language,
        u1_0.onboarding_completed,
        u1_0.parent_name,
        u1_0.parent_phone,
        u1_0.password,
        u1_0.phone,
        u1_0.preferred_accent,
        u1_0.preferred_voice,
        u1_0.reset_otp,
        u1_0.reset_otp_expiry,
        u1_0.reset_password_token,
        u1_0.reset_password_token_expiry,
        u1_0.role,
        u1_0.roll_number,
        u1_0.school_id,
        u1_0.school_name,
        u1_0.standard,
        u1_0.status,
        u1_0.updated_at,
        u1_0.user_type,
        u1_0.welcome_completed,
        u1_2.department,
        u1_2.designation,
        u1_2.employee_id,
        u1_2.experience,
        u1_2.joined_at,
        u1_2.qualification 
    from
        users u1_0 
    left join
        school_admins u1_1 
            on u1_0.id=u1_1.user_id 
    left join
        teachers u1_2 
            on u1_0.id=u1_2.id 
    where
        u1_0.email=?
Hibernate: 
    select
        s1_0.id,
        s1_0.active,
        s1_0.age_group,
        s1_0.auth_provider,
        s1_0.avatar,
        s1_0.created_at,
        s1_0.daily_goal_minutes,
        s1_0.division,
        s1_0.email,
        s1_0.email_verification_token,
        s1_0.email_verified,
        s1_0.english_level,
        s1_0.expo_push_token,
        s1_0.first_name,
        s1_0.interests,
        s1_0.last_name,
        s1_0.learning_goal,
        s1_0.native_language,
        s1_0.onboarding_completed,
        s1_0.parent_name,
        s1_0.parent_phone,
        s1_0.password,
        s1_0.phone,
        s1_0.preferred_accent,
        s1_0.preferred_voice,
        s1_0.reset_otp,
        s1_0.reset_otp_expiry,
        s1_0.reset_password_token,
        s1_0.reset_password_token_expiry,
        s1_0.roll_number,
        s1_0.school_id,
        s1_0.school_name,
        s1_0.standard,
        s1_0.status,
        s1_0.updated_at,
        s1_0.welcome_completed 
    from
        students s1_0 
    where
        s1_0.school_id=?
Hibernate: 
    select
        s1_0.id,
        s1_0.ai_voice,
        s1_0.auto_play_audio,
        s1_0.created_at,
        s1_0.daily_reminder,
        s1_0.dark_mode,
        s1_0.language,
        s1_0.notifications_enabled,
        s1_0.sound_effects,
        s1_0.student_id,
        s1_0.two_factor_enabled,
        s1_0.updated_at,
        s1_0.user_id 
    from
        settings s1_0 
    where
        s1_0.student_id=?
Hibernate: 
    select
        s1_0.id,
        s1_0.ai_voice,
        s1_0.auto_play_audio,
        s1_0.created_at,
        s1_0.daily_reminder,
        s1_0.dark_mode,
        s1_0.language,
        s1_0.notifications_enabled,
        s1_0.sound_effects,
        s1_0.student_id,
        s1_0.two_factor_enabled,
        s1_0.updated_at,
        s1_0.user_id 
    from
        settings s1_0 
    where
        s1_0.student_id=?
Hibernate: 
    select
        s1_0.id,
        s1_0.ai_voice,
        s1_0.auto_play_audio,
        s1_0.created_at,
        s1_0.daily_reminder,
        s1_0.dark_mode,
        s1_0.language,
        s1_0.notifications_enabled,
        s1_0.sound_effects,
        s1_0.student_id,
        s1_0.two_factor_enabled,
        s1_0.updated_at,
        s1_0.user_id 
    from
        settings s1_0 
    where
        s1_0.student_id=?
Hibernate: 
    select
        s1_0.id,
        s1_0.ai_voice,
        s1_0.auto_play_audio,
        s1_0.created_at,
        s1_0.daily_reminder,
        s1_0.dark_mode,
        s1_0.language,
        s1_0.notifications_enabled,
        s1_0.sound_effects,
        s1_0.student_id,
        s1_0.two_factor_enabled,
        s1_0.updated_at,
        s1_0.user_id 
    from
        settings s1_0 
    where
        s1_0.student_id=?
Hibernate: 
    select
        s1_0.id,
        s1_0.ai_voice,
        s1_0.auto_play_audio,
        s1_0.created_at,
        s1_0.daily_reminder,
        s1_0.dark_mode,
        s1_0.language,
        s1_0.notifications_enabled,
        s1_0.sound_effects,
        s1_0.student_id,
        s1_0.two_factor_enabled,
        s1_0.updated_at,
        s1_0.user_id 
    from
        settings s1_0 
    where
        s1_0.student_id=?
Hibernate: 
    select
        s1_0.id,
        s1_0.ai_voice,
        s1_0.auto_play_audio,
        s1_0.created_at,
        s1_0.daily_reminder,
        s1_0.dark_mode,
        s1_0.language,
        s1_0.notifications_enabled,
        s1_0.sound_effects,
        s1_0.student_id,
        s1_0.two_factor_enabled,
        s1_0.updated_at,
        s1_0.user_id 
    from
        settings s1_0 
    where
        s1_0.student_id=?
Hibernate: 
    select
        s1_0.id,
        s1_0.ai_voice,
        s1_0.auto_play_audio,
        s1_0.created_at,
        s1_0.daily_reminder,
        s1_0.dark_mode,
        s1_0.language,
        s1_0.notifications_enabled,
        s1_0.sound_effects,
        s1_0.student_id,
        s1_0.two_factor_enabled,
        s1_0.updated_at,
        s1_0.user_id 
    from
        settings s1_0 
    where
        s1_0.student_id=?
Hibernate: 
    select
        s1_0.id,
        s1_0.ai_voice,
        s1_0.auto_play_audio,
        s1_0.created_at,
        s1_0.daily_reminder,
        s1_0.dark_mode,
        s1_0.language,
        s1_0.notifications_enabled,
        s1_0.sound_effects,
        s1_0.student_id,
        s1_0.two_factor_enabled,
        s1_0.updated_at,
        s1_0.user_id 
    from
        settings s1_0 
    where
        s1_0.student_id=?
Hibernate: 
    select
        s1_0.id,
        s1_0.active,
        s1_0.address,
        s1_0.contact_phone,
        s1_0.created_at,
        s1_0.name,
        s1_0.school_code,
        s1_0.school_name,
        s1_0.updated_at 
    from
        schools s1_0 
    where
        s1_0.id=?
2026-08-24T18:32:13.410+05:30  INFO 15172 --- [SpeakMateAI] [0.0-9091-exec-1] c.r.s.security.RequestLoggingFilter      : [REQUEST LOG] Incoming request: POST /api/auth/school-admin/login
Hibernate: 
    select
        sa1_0.user_id,
        sa1_1.active,
        sa1_1.age_group,
        sa1_1.auth_provider,
        sa1_1.avatar,
        sa1_1.created_at,
        sa1_1.daily_goal_minutes,
        sa1_1.division,
        sa1_1.email,
        sa1_1.email_verification_token,
        sa1_1.email_verified,
        sa1_1.english_level,
        sa1_1.expo_push_token,
        sa1_1.first_name,
        sa1_1.interests,
        sa1_1.last_name,
        sa1_1.learning_goal,
        sa1_1.native_language,
        sa1_1.onboarding_completed,
        sa1_1.parent_name,
        sa1_1.parent_phone,
        sa1_1.password,
        sa1_1.phone,
        sa1_1.preferred_accent,
        sa1_1.preferred_voice,
        sa1_1.reset_otp,
        sa1_1.reset_otp_expiry,
        sa1_1.reset_password_token,
        sa1_1.reset_password_token_expiry,
        sa1_1.role,
        sa1_1.roll_number,
        sa1_1.school_id,
        sa1_1.school_name,
        sa1_1.standard,
        sa1_1.status,
        sa1_1.updated_at,
        sa1_1.user_type,
        sa1_1.welcome_completed 
    from
        school_admins sa1_0 
    join
        users sa1_1 
            on sa1_0.user_id=sa1_1.id 
    where
        sa1_1.email=?
2026-08-24T18:32:14.354+05:30  INFO 15172 --- [SpeakMateAI] [0.0-9091-exec-7] c.r.s.security.RequestLoggingFilter      : [REQUEST LOG] Incoming request: GET /api/school/students
Hibernate: 
    select
        u1_0.id,
        case 
            when u1_1.user_id is not null 
                then 1 
            when u1_2.id is not null 
                then 2 
            when u1_0.id is not null 
                then 0 
        end,
        u1_0.active,
        u1_0.age_group,
        u1_0.auth_provider,
        u1_0.avatar,
        u1_0.created_at,
        u1_0.daily_goal_minutes,
        u1_0.division,
        u1_0.email,
        u1_0.email_verification_token,
        u1_0.email_verified,
        u1_0.english_level,
        u1_0.expo_push_token,
        u1_0.first_name,
        u1_0.interests,
        u1_0.last_name,
        u1_0.learning_goal,
        u1_0.native_language,
        u1_0.onboarding_completed,
        u1_0.parent_name,
        u1_0.parent_phone,
        u1_0.password,
        u1_0.phone,
        u1_0.preferred_accent,
        u1_0.preferred_voice,
        u1_0.reset_otp,
        u1_0.reset_otp_expiry,
        u1_0.reset_password_token,
        u1_0.reset_password_token_expiry,
        u1_0.role,
        u1_0.roll_number,
        u1_0.school_id,
        u1_0.school_name,
        u1_0.standard,
        u1_0.status,
        u1_0.updated_at,
        u1_0.user_type,
        u1_0.welcome_completed,
        u1_2.department,
        u1_2.designation,
        u1_2.employee_id,
        u1_2.experience,
        u1_2.joined_at,
        u1_2.qualification 
    from
        users u1_0 
    left join
        school_admins u1_1 
            on u1_0.id=u1_1.user_id 
    left join
        teachers u1_2 
            on u1_0.id=u1_2.id 
    where
        u1_0.email=?
Hibernate: 
    select
        u1_0.id,
        case 
            when u1_1.user_id is not null 
                then 1 
            when u1_2.id is not null 
                then 2 
            when u1_0.id is not null 
                then 0 
        end,
        u1_0.active,
        u1_0.age_group,
        u1_0.auth_provider,
        u1_0.avatar,
        u1_0.created_at,
        u1_0.daily_goal_minutes,
        u1_0.division,
        u1_0.email,
        u1_0.email_verification_token,
        u1_0.email_verified,
        u1_0.english_level,
        u1_0.expo_push_token,
        u1_0.first_name,
        u1_0.interests,
        u1_0.last_name,
        u1_0.learning_goal,
        u1_0.native_language,
        u1_0.onboarding_completed,
        u1_0.parent_name,
        u1_0.parent_phone,
        u1_0.password,
        u1_0.phone,
        u1_0.preferred_accent,
        u1_0.preferred_voice,
        u1_0.reset_otp,
        u1_0.reset_otp_expiry,
        u1_0.reset_password_token,
        u1_0.reset_password_token_expiry,
        u1_0.role,
        u1_0.roll_number,
        u1_0.school_id,
        u1_0.school_name,
        u1_0.standard,
        u1_0.status,
        u1_0.updated_at,
        u1_0.user_type,
        u1_0.welcome_completed,
        u1_2.department,
        u1_2.designation,
        u1_2.employee_id,
        u1_2.experience,
        u1_2.joined_at,
        u1_2.qualification 
    from
        users u1_0 
    left join
        school_admins u1_1 
            on u1_0.id=u1_1.user_id 
    left join
        teachers u1_2 
            on u1_0.id=u1_2.id 
    where
        u1_0.email=?
Hibernate: 
    select
        s1_0.id,
        s1_0.active,
        s1_0.age_group,
        s1_0.auth_provider,
        s1_0.avatar,
        s1_0.created_at,
        s1_0.daily_goal_minutes,
        s1_0.division,
        s1_0.email,
        s1_0.email_verification_token,
        s1_0.email_verified,
        s1_0.english_level,
        s1_0.expo_push_token,
        s1_0.first_name,
        s1_0.interests,
        s1_0.last_name,
        s1_0.learning_goal,
        s1_0.native_language,
        s1_0.onboarding_completed,
        s1_0.parent_name,
        s1_0.parent_phone,
        s1_0.password,
        s1_0.phone,
        s1_0.preferred_accent,
        s1_0.preferred_voice,
        s1_0.reset_otp,
        s1_0.reset_otp_expiry,
        s1_0.reset_password_token,
        s1_0.reset_password_token_expiry,
        s1_0.roll_number,
        s1_0.school_id,
        s1_0.school_name,
        s1_0.standard,
        s1_0.status,
        s1_0.updated_at,
        s1_0.welcome_completed 
    from
        students s1_0 
    where
        s1_0.school_id=?
Hibernate: 
    select
        s1_0.id,
        s1_0.ai_voice,
        s1_0.auto_play_audio,
        s1_0.created_at,
        s1_0.daily_reminder,
        s1_0.dark_mode,
        s1_0.language,
        s1_0.notifications_enabled,
        s1_0.sound_effects,
        s1_0.student_id,
        s1_0.two_factor_enabled,
        s1_0.updated_at,
        s1_0.user_id 
    from
        settings s1_0 
    where
        s1_0.student_id=?
Hibernate: 
    select
        s1_0.id,
        s1_0.ai_voice,
        s1_0.auto_play_audio,
        s1_0.created_at,
        s1_0.daily_reminder,
        s1_0.dark_mode,
        s1_0.language,
        s1_0.notifications_enabled,
        s1_0.sound_effects,
        s1_0.student_id,
        s1_0.two_factor_enabled,
        s1_0.updated_at,
        s1_0.user_id 
    from
        settings s1_0 
    where
        s1_0.student_id=?
Hibernate: 
    select
        s1_0.id,
        s1_0.ai_voice,
        s1_0.auto_play_audio,
        s1_0.created_at,
        s1_0.daily_reminder,
        s1_0.dark_mode,
        s1_0.language,
        s1_0.notifications_enabled,
        s1_0.sound_effects,
        s1_0.student_id,
        s1_0.two_factor_enabled,
        s1_0.updated_at,
        s1_0.user_id 
    from
        settings s1_0 
    where
        s1_0.student_id=?
Hibernate: 
    select
        s1_0.id,
        s1_0.ai_voice,
        s1_0.auto_play_audio,
        s1_0.created_at,
        s1_0.daily_reminder,
        s1_0.dark_mode,
        s1_0.language,
        s1_0.notifications_enabled,
        s1_0.sound_effects,
        s1_0.student_id,
        s1_0.two_factor_enabled,
        s1_0.updated_at,
        s1_0.user_id 
    from
        settings s1_0 
    where
        s1_0.student_id=?
Hibernate: 
    select
        s1_0.id,
        s1_0.ai_voice,
        s1_0.auto_play_audio,
        s1_0.created_at,
        s1_0.daily_reminder,
        s1_0.dark_mode,
        s1_0.language,
        s1_0.notifications_enabled,
        s1_0.sound_effects,
        s1_0.student_id,
        s1_0.two_factor_enabled,
        s1_0.updated_at,
        s1_0.user_id 
    from
        settings s1_0 
    where
        s1_0.student_id=?
Hibernate: 
    select
        s1_0.id,
        s1_0.ai_voice,
        s1_0.auto_play_audio,
        s1_0.created_at,
        s1_0.daily_reminder,
        s1_0.dark_mode,
        s1_0.language,
        s1_0.notifications_enabled,
        s1_0.sound_effects,
        s1_0.student_id,
        s1_0.two_factor_enabled,
        s1_0.updated_at,
        s1_0.user_id 
    from
        settings s1_0 
    where
        s1_0.student_id=?
Hibernate: 
    select
        s1_0.id,
        s1_0.ai_voice,
        s1_0.auto_play_audio,
        s1_0.created_at,
        s1_0.daily_reminder,
        s1_0.dark_mode,
        s1_0.language,
        s1_0.notifications_enabled,
        s1_0.sound_effects,
        s1_0.student_id,
        s1_0.two_factor_enabled,
        s1_0.updated_at,
        s1_0.user_id 
    from
        settings s1_0 
    where
        s1_0.student_id=?
Hibernate: 
    select
        s1_0.id,
        s1_0.ai_voice,
        s1_0.auto_play_audio,
        s1_0.created_at,
        s1_0.daily_reminder,
        s1_0.dark_mode,
        s1_0.language,
        s1_0.notifications_enabled,
        s1_0.sound_effects,
        s1_0.student_id,
        s1_0.two_factor_enabled,
        s1_0.updated_at,
        s1_0.user_id 
    from
        settings s1_0 
    where
        s1_0.student_id=?
Hibernate: 
    select
        s1_0.id,
        s1_0.active,
        s1_0.address,
        s1_0.contact_phone,
        s1_0.created_at,
        s1_0.name,
        s1_0.school_code,
        s1_0.school_name,
        s1_0.updated_at 
    from
        schools s1_0 
    where
        s1_0.id=?
2026-08-24T18:33:48.573+05:30  INFO 15172 --- [SpeakMateAI] [.0-9091-exec-10] c.r.s.security.RequestLoggingFilter      : [REQUEST LOG] Incoming request: POST /api/auth/admin/login
Hibernate: 
    select
        a1_0.id,
        a1_0.created_at,
        a1_0.department,
        a1_0.designation,
        a1_0.email,
        a1_0.email_notifications,
        a1_0.full_name,
        a1_0.language,
        a1_0.last_login,
        a1_0.location,
        a1_0.notifications_enabled,
        a1_0.password,
        a1_0.phone,
        a1_0.profile_image,
        a1_0.reset_otp,
        a1_0.reset_otp_expiry,
        a1_0.reset_password_token,
        a1_0.reset_password_token_expiry,
        a1_0.role,
        a1_0.session_timeout,
        a1_0.sidebar_collapsed,
        a1_0.status,
        a1_0.system_notifications,
        a1_0.theme,
        a1_0.two_factor_enabled,
        a1_0.updated_at 
    from
        admins a1_0 
    where
        a1_0.email=?
Hibernate: 
    update
        admins 
    set
        department=?,
        designation=?,
        email=?,
        email_notifications=?,
        full_name=?,
        language=?,
        last_login=?,
        location=?,
        notifications_enabled=?,
        password=?,
        phone=?,
        profile_image=?,
        reset_otp=?,
        reset_otp_expiry=?,
        reset_password_token=?,
        reset_password_token_expiry=?,
        role=?,
        session_timeout=?,
        sidebar_collapsed=?,
        status=?,
        system_notifications=?,
        theme=?,
        two_factor_enabled=?,
        updated_at=? 
    where
        id=?
2026-08-24T18:33:50.027+05:30  INFO 15172 --- [SpeakMateAI] [0.0-9091-exec-1] c.r.s.security.RequestLoggingFilter      : [REQUEST LOG] Incoming request: GET /api/school/students
2026-08-24T18:33:50.160+05:30  INFO 15172 --- [SpeakMateAI] [0.0-9091-exec-7] c.r.s.security.RequestLoggingFilter      : [REQUEST LOG] Incoming request: GET /api/admin/school-users
2026-08-24T18:37:46.320+05:30  INFO 15172 --- [SpeakMateAI] [0.0-9091-exec-6] c.r.s.security.RequestLoggingFilter      : [REQUEST LOG] Incoming request: GET /api/v1/school/results
2026-08-24T18:37:46.292+05:30  INFO 15172 --- [SpeakMateAI] [0.0-9091-exec-1] c.r.s.security.RequestLoggingFilter      : [REQUEST LOG] Incoming request: GET /api/v1/school/dashboard
2026-08-24T18:37:46.292+05:30  INFO 15172 --- [SpeakMateAI] [.0-9091-exec-10] c.r.s.security.RequestLoggingFilter      : [REQUEST LOG] Incoming request: GET /api/v1/school/teachers
2026-08-24T18:37:46.349+05:30  INFO 15172 --- [SpeakMateAI] [0.0-9091-exec-7] c.r.s.security.RequestLoggingFilter      : [REQUEST LOG] Incoming request: GET /api/school/students
Hibernate: 
    select
        u1_0.id,
        case 
            when u1_1.user_id is not null 
                then 1 
            when u1_2.id is not null 
                then 2 
            when u1_0.id is not null 
                then 0 
        end,
        u1_0.active,
        u1_0.age_group,
        u1_0.auth_provider,
        u1_0.avatar,
        u1_0.created_at,
        u1_0.daily_goal_minutes,
        u1_0.division,
        u1_0.email,
        u1_0.email_verification_token,
        u1_0.email_verified,
        u1_0.english_level,
        u1_0.expo_push_token,
        u1_0.first_name,
        u1_0.interests,
        u1_0.last_name,
        u1_0.learning_goal,
        u1_0.native_language,
        u1_0.onboarding_completed,
        u1_0.parent_name,
        u1_0.parent_phone,
        u1_0.password,
        u1_0.phone,
        u1_0.preferred_accent,
        u1_0.preferred_voice,
        u1_0.reset_otp,
        u1_0.reset_otp_expiry,
        u1_0.reset_password_token,
        u1_0.reset_password_token_expiry,
        u1_0.role,
        u1_0.roll_number,
        u1_0.school_id,
        u1_0.school_name,
        u1_0.standard,
        u1_0.status,
        u1_0.updated_at,
        u1_0.user_type,
        u1_0.welcome_completed,
        u1_2.department,
        u1_2.designation,
        u1_2.employee_id,
        u1_2.experience,
        u1_2.joined_at,
        u1_2.qualification 
    from
        users u1_0 
    left join
        school_admins u1_1 
            on u1_0.id=u1_1.user_id 
    left join
        teachers u1_2 
            on u1_0.id=u1_2.id 
    where
        u1_0.email=?
Hibernate: 
    select
        u1_0.id,
        case 
            when u1_1.user_id is not null 
                then 1 
            when u1_2.id is not null 
                then 2 
            when u1_0.id is not null 
                then 0 
        end,
        u1_0.active,
        u1_0.age_group,
        u1_0.auth_provider,
        u1_0.avatar,
        u1_0.created_at,
        u1_0.daily_goal_minutes,
        u1_0.division,
        u1_0.email,
        u1_0.email_verification_token,
        u1_0.email_verified,
        u1_0.english_level,
        u1_0.expo_push_token,
        u1_0.first_name,
        u1_0.interests,
        u1_0.last_name,
        u1_0.learning_goal,
        u1_0.native_language,
        u1_0.onboarding_completed,
        u1_0.parent_name,
        u1_0.parent_phone,
        u1_0.password,
        u1_0.phone,
        u1_0.preferred_accent,
        u1_0.preferred_voice,
        u1_0.reset_otp,
        u1_0.reset_otp_expiry,
        u1_0.reset_password_token,
        u1_0.reset_password_token_expiry,
        u1_0.role,
        u1_0.roll_number,
        u1_0.school_id,
        u1_0.school_name,
        u1_0.standard,
        u1_0.status,
        u1_0.updated_at,
        u1_0.user_type,
        u1_0.welcome_completed,
        u1_2.department,
        u1_2.designation,
        u1_2.employee_id,
        u1_2.experience,
        u1_2.joined_at,
        u1_2.qualification 
    from
        users u1_0 
    left join
        school_admins u1_1 
            on u1_0.id=u1_1.user_id 
    left join
        teachers u1_2 
            on u1_0.id=u1_2.id 
    where
        u1_0.email=?
Hibernate: 
    select
        u1_0.id,
        case 
            when u1_1.user_id is not null 
                then 1 
            when u1_2.id is not null 
                then 2 
            when u1_0.id is not null 
                then 0 
        end,
        u1_0.active,
        u1_0.age_group,
        u1_0.auth_provider,
        u1_0.avatar,
        u1_0.created_at,
        u1_0.daily_goal_minutes,
        u1_0.division,
        u1_0.email,
        u1_0.email_verification_token,
        u1_0.email_verified,
        u1_0.english_level,
        u1_0.expo_push_token,
        u1_0.first_name,
        u1_0.interests,
        u1_0.last_name,
        u1_0.learning_goal,
        u1_0.native_language,
        u1_0.onboarding_completed,
        u1_0.parent_name,
        u1_0.parent_phone,
        u1_0.password,
        u1_0.phone,
        u1_0.preferred_accent,
        u1_0.preferred_voice,
        u1_0.reset_otp,
        u1_0.reset_otp_expiry,
        u1_0.reset_password_token,
        u1_0.reset_password_token_expiry,
        u1_0.role,
        u1_0.roll_number,
        u1_0.school_id,
        u1_0.school_name,
        u1_0.standard,
        u1_0.status,
        u1_0.updated_at,
        u1_0.user_type,
        u1_0.welcome_completed,
        u1_2.department,
        u1_2.designation,
        u1_2.employee_id,
        u1_2.experience,
        u1_2.joined_at,
        u1_2.qualification 
    from
        users u1_0 
    left join
        school_admins u1_1 
            on u1_0.id=u1_1.user_id 
    left join
        teachers u1_2 
            on u1_0.id=u1_2.id 
    where
        u1_0.email=?
Hibernate: 
    select
        u1_0.id,
        case 
            when u1_1.user_id is not null 
                then 1 
            when u1_2.id is not null 
                then 2 
            when u1_0.id is not null 
                then 0 
        end,
        u1_0.active,
        u1_0.age_group,
        u1_0.auth_provider,
        u1_0.avatar,
        u1_0.created_at,
        u1_0.daily_goal_minutes,
        u1_0.division,
        u1_0.email,
        u1_0.email_verification_token,
        u1_0.email_verified,
        u1_0.english_level,
        u1_0.expo_push_token,
        u1_0.first_name,
        u1_0.interests,
        u1_0.last_name,
        u1_0.learning_goal,
        u1_0.native_language,
        u1_0.onboarding_completed,
        u1_0.parent_name,
        u1_0.parent_phone,
        u1_0.password,
        u1_0.phone,
        u1_0.preferred_accent,
        u1_0.preferred_voice,
        u1_0.reset_otp,
        u1_0.reset_otp_expiry,
        u1_0.reset_password_token,
        u1_0.reset_password_token_expiry,
        u1_0.role,
        u1_0.roll_number,
        u1_0.school_id,
        u1_0.school_name,
        u1_0.standard,
        u1_0.status,
        u1_0.updated_at,
        u1_0.user_type,
        u1_0.welcome_completed,
        u1_2.department,
        u1_2.designation,
        u1_2.employee_id,
        u1_2.experience,
        u1_2.joined_at,
        u1_2.qualification 
    from
        users u1_0 
    left join
        school_admins u1_1 
            on u1_0.id=u1_1.user_id 
    left join
        teachers u1_2 
            on u1_0.id=u1_2.id 
    where
        u1_0.email=?
Hibernate: 
    select
        u1_0.id,
        case 
            when u1_1.user_id is not null 
                then 1 
            when u1_2.id is not null 
                then 2 
            when u1_0.id is not null 
                then 0 
        end,
        u1_0.active,
        u1_0.age_group,
        u1_0.auth_provider,
        u1_0.avatar,
        u1_0.created_at,
        u1_0.daily_goal_minutes,
        u1_0.division,
        u1_0.email,
        u1_0.email_verification_token,
        u1_0.email_verified,
        u1_0.english_level,
        u1_0.expo_push_token,
        u1_0.first_name,
        u1_0.interests,
        u1_0.last_name,
        u1_0.learning_goal,
        u1_0.native_language,
        u1_0.onboarding_completed,
        u1_0.parent_name,
        u1_0.parent_phone,
        u1_0.password,
        u1_0.phone,
        u1_0.preferred_accent,
        u1_0.preferred_voice,
        u1_0.reset_otp,
        u1_0.reset_otp_expiry,
        u1_0.reset_password_token,
        u1_0.reset_password_token_expiry,
        u1_0.role,
        u1_0.roll_number,
        u1_0.school_id,
        u1_0.school_name,
        u1_0.standard,
        u1_0.status,
        u1_0.updated_at,
        u1_0.user_type,
        u1_0.welcome_completed,
        u1_2.department,
        u1_2.designation,
        u1_2.employee_id,
        u1_2.experience,
        u1_2.joined_at,
        u1_2.qualification 
    from
        users u1_0 
    left join
        school_admins u1_1 
            on u1_0.id=u1_1.user_id 
    left join
        teachers u1_2 
            on u1_0.id=u1_2.id 
    where
        u1_0.email=?
Hibernate: 
    select
        u1_0.id,
        case 
            when u1_1.user_id is not null 
                then 1 
            when u1_2.id is not null 
                then 2 
            when u1_0.id is not null 
                then 0 
        end,
        u1_0.active,
        u1_0.age_group,
        u1_0.auth_provider,
        u1_0.avatar,
        u1_0.created_at,
        u1_0.daily_goal_minutes,
        u1_0.division,
        u1_0.email,
        u1_0.email_verification_token,
        u1_0.email_verified,
        u1_0.english_level,
        u1_0.expo_push_token,
        u1_0.first_name,
        u1_0.interests,
        u1_0.last_name,
        u1_0.learning_goal,
        u1_0.native_language,
        u1_0.onboarding_completed,
        u1_0.parent_name,
        u1_0.parent_phone,
        u1_0.password,
        u1_0.phone,
        u1_0.preferred_accent,
        u1_0.preferred_voice,
        u1_0.reset_otp,
        u1_0.reset_otp_expiry,
        u1_0.reset_password_token,
        u1_0.reset_password_token_expiry,
        u1_0.role,
        u1_0.roll_number,
        u1_0.school_id,
        u1_0.school_name,
        u1_0.standard,
        u1_0.status,
        u1_0.updated_at,
        u1_0.user_type,
        u1_0.welcome_completed,
        u1_2.department,
        u1_2.designation,
        u1_2.employee_id,
        u1_2.experience,
        u1_2.joined_at,
        u1_2.qualification 
    from
        users u1_0 
    left join
        school_admins u1_1 
            on u1_0.id=u1_1.user_id 
    left join
        teachers u1_2 
            on u1_0.id=u1_2.id 
    where
        u1_0.email=?
Hibernate: 
    select
        u1_0.id,
        case 
            when u1_1.user_id is not null 
                then 1 
            when u1_2.id is not null 
                then 2 
            when u1_0.id is not null 
                then 0 
        end,
        u1_0.active,
        u1_0.age_group,
        u1_0.auth_provider,
        u1_0.avatar,
        u1_0.created_at,
        u1_0.daily_goal_minutes,
        u1_0.division,
        u1_0.email,
        u1_0.email_verification_token,
        u1_0.email_verified,
        u1_0.english_level,
        u1_0.expo_push_token,
        u1_0.first_name,
        u1_0.interests,
        u1_0.last_name,
        u1_0.learning_goal,
        u1_0.native_language,
        u1_0.onboarding_completed,
        u1_0.parent_name,
        u1_0.parent_phone,
        u1_0.password,
        u1_0.phone,
        u1_0.preferred_accent,
        u1_0.preferred_voice,
        u1_0.reset_otp,
        u1_0.reset_otp_expiry,
        u1_0.reset_password_token,
        u1_0.reset_password_token_expiry,
        u1_0.role,
        u1_0.roll_number,
        u1_0.school_id,
        u1_0.school_name,
        u1_0.standard,
        u1_0.status,
        u1_0.updated_at,
        u1_0.user_type,
        u1_0.welcome_completed,
        u1_2.department,
        u1_2.designation,
        u1_2.employee_id,
        u1_2.experience,
        u1_2.joined_at,
        u1_2.qualification 
    from
        users u1_0 
    left join
        school_admins u1_1 
            on u1_0.id=u1_1.user_id 
    left join
        teachers u1_2 
            on u1_0.id=u1_2.id 
    where
        u1_0.email=?
Hibernate: 
    select
        u1_0.id,
        case 
            when u1_1.user_id is not null 
                then 1 
            when u1_2.id is not null 
                then 2 
            when u1_0.id is not null 
                then 0 
        end,
        u1_0.active,
        u1_0.age_group,
        u1_0.auth_provider,
        u1_0.avatar,
        u1_0.created_at,
        u1_0.daily_goal_minutes,
        u1_0.division,
        u1_0.email,
        u1_0.email_verification_token,
        u1_0.email_verified,
        u1_0.english_level,
        u1_0.expo_push_token,
        u1_0.first_name,
        u1_0.interests,
        u1_0.last_name,
        u1_0.learning_goal,
        u1_0.native_language,
        u1_0.onboarding_completed,
        u1_0.parent_name,
        u1_0.parent_phone,
        u1_0.password,
        u1_0.phone,
        u1_0.preferred_accent,
        u1_0.preferred_voice,
        u1_0.reset_otp,
        u1_0.reset_otp_expiry,
        u1_0.reset_password_token,
        u1_0.reset_password_token_expiry,
        u1_0.role,
        u1_0.roll_number,
        u1_0.school_id,
        u1_0.school_name,
        u1_0.standard,
        u1_0.status,
        u1_0.updated_at,
        u1_0.user_type,
        u1_0.welcome_completed,
        u1_2.department,
        u1_2.designation,
        u1_2.employee_id,
        u1_2.experience,
        u1_2.joined_at,
        u1_2.qualification 
    from
        users u1_0 
    left join
        school_admins u1_1 
            on u1_0.id=u1_1.user_id 
    left join
        teachers u1_2 
            on u1_0.id=u1_2.id 
    where
        u1_0.email=?
Hibernate: 
    select
        s1_0.id,
        s1_0.active,
        s1_0.age_group,
        s1_0.auth_provider,
        s1_0.avatar,
        s1_0.created_at,
        s1_0.daily_goal_minutes,
        s1_0.division,
        s1_0.email,
        s1_0.email_verification_token,
        s1_0.email_verified,
        s1_0.english_level,
        s1_0.expo_push_token,
        s1_0.first_name,
        s1_0.interests,
        s1_0.last_name,
        s1_0.learning_goal,
        s1_0.native_language,
        s1_0.onboarding_completed,
        s1_0.parent_name,
        s1_0.parent_phone,
        s1_0.password,
        s1_0.phone,
        s1_0.preferred_accent,
        s1_0.preferred_voice,
        s1_0.reset_otp,
        s1_0.reset_otp_expiry,
        s1_0.reset_password_token,
        s1_0.reset_password_token_expiry,
        s1_0.roll_number,
        s1_0.school_id,
        s1_0.school_name,
        s1_0.standard,
        s1_0.status,
        s1_0.updated_at,
        s1_0.welcome_completed 
    from
        students s1_0 
    where
        s1_0.school_id=?
Hibernate: 
    select
        s1_0.id,
        s1_0.active,
        s1_0.age_group,
        s1_0.auth_provider,
        s1_0.avatar,
        s1_0.created_at,
        s1_0.daily_goal_minutes,
        s1_0.division,
        s1_0.email,
        s1_0.email_verification_token,
        s1_0.email_verified,
        s1_0.english_level,
        s1_0.expo_push_token,
        s1_0.first_name,
        s1_0.interests,
        s1_0.last_name,
        s1_0.learning_goal,
        s1_0.native_language,
        s1_0.onboarding_completed,
        s1_0.parent_name,
        s1_0.parent_phone,
        s1_0.password,
        s1_0.phone,
        s1_0.preferred_accent,
        s1_0.preferred_voice,
        s1_0.reset_otp,
        s1_0.reset_otp_expiry,
        s1_0.reset_password_token,
        s1_0.reset_password_token_expiry,
        s1_0.roll_number,
        s1_0.school_id,
        s1_0.school_name,
        s1_0.standard,
        s1_0.status,
        s1_0.updated_at,
        s1_0.welcome_completed 
    from
        students s1_0 
    where
        s1_0.school_id=?
Hibernate: 
    select
        r1_0.id,
        r1_0.active,
        r1_0.created_at,
        r1_0.marks_obtained,
        r1_0.status,
        r1_0.student_id,
        r1_0.submitted_at,
        r1_0.test_title,
        r1_0.total_marks,
        r1_0.updated_at 
    from
        results r1_0 
    join
        users s1_0 
            on s1_0.id=r1_0.student_id 
    where
        s1_0.school_id=? 
        and r1_0.active
Hibernate: 
    select
        u1_0.id,
        case 
            when u1_1.user_id is not null 
                then 1 
            when u1_2.id is not null 
                then 2 
            when u1_0.id is not null 
                then 0 
        end,
        u1_0.active,
        u1_0.age_group,
        u1_0.auth_provider,
        u1_0.avatar,
        u1_0.created_at,
        u1_0.daily_goal_minutes,
        u1_0.division,
        u1_0.email,
        u1_0.email_verification_token,
        u1_0.email_verified,
        u1_0.english_level,
        u1_0.expo_push_token,
        u1_0.first_name,
        u1_0.interests,
        u1_0.last_name,
        u1_0.learning_goal,
        u1_0.native_language,
        u1_0.onboarding_completed,
        u1_0.parent_name,
        u1_0.parent_phone,
        u1_0.password,
        u1_0.phone,
        u1_0.preferred_accent,
        u1_0.preferred_voice,
        u1_0.reset_otp,
        u1_0.reset_otp_expiry,
        u1_0.reset_password_token,
        u1_0.reset_password_token_expiry,
        u1_0.role,
        u1_0.roll_number,
        u1_0.school_id,
        u1_0.school_name,
        u1_0.standard,
        u1_0.status,
        u1_0.updated_at,
        u1_0.user_type,
        u1_0.welcome_completed,
        u1_2.department,
        u1_2.designation,
        u1_2.employee_id,
        u1_2.experience,
        u1_2.joined_at,
        u1_2.qualification 
    from
        users u1_0 
    left join
        school_admins u1_1 
            on u1_0.id=u1_1.user_id 
    left join
        teachers u1_2 
            on u1_0.id=u1_2.id 
    where
        u1_0.school_id=? 
        and u1_0.role=?
Hibernate: 
    select
        s1_0.id,
        s1_0.ai_voice,
        s1_0.auto_play_audio,
        s1_0.created_at,
        s1_0.daily_reminder,
        s1_0.dark_mode,
        s1_0.language,
        s1_0.notifications_enabled,
        s1_0.sound_effects,
        s1_0.student_id,
        s1_0.two_factor_enabled,
        s1_0.updated_at,
        s1_0.user_id 
    from
        settings s1_0 
    where
        s1_0.student_id=?
Hibernate: 
    select
        s1_0.id,
        s1_0.ai_voice,
        s1_0.auto_play_audio,
        s1_0.created_at,
        s1_0.daily_reminder,
        s1_0.dark_mode,
        s1_0.language,
        s1_0.notifications_enabled,
        s1_0.sound_effects,
        s1_0.student_id,
        s1_0.two_factor_enabled,
        s1_0.updated_at,
        s1_0.user_id 
    from
        settings s1_0 
    where
        s1_0.student_id=?
Hibernate: 
    select
        s1_0.id,
        s1_0.active,
        s1_0.address,
        s1_0.contact_phone,
        s1_0.created_at,
        s1_0.name,
        s1_0.school_code,
        s1_0.school_name,
        s1_0.updated_at 
    from
        schools s1_0 
    where
        s1_0.id=?
Hibernate: 
    select
        s1_0.id,
        s1_0.ai_voice,
        s1_0.auto_play_audio,
        s1_0.created_at,
        s1_0.daily_reminder,
        s1_0.dark_mode,
        s1_0.language,
        s1_0.notifications_enabled,
        s1_0.sound_effects,
        s1_0.student_id,
        s1_0.two_factor_enabled,
        s1_0.updated_at,
        s1_0.user_id 
    from
        settings s1_0 
    where
        s1_0.student_id=?
Hibernate: 
    select
        s1_0.id,
        s1_0.ai_voice,
        s1_0.auto_play_audio,
        s1_0.created_at,
        s1_0.daily_reminder,
        s1_0.dark_mode,
        s1_0.language,
        s1_0.notifications_enabled,
        s1_0.sound_effects,
        s1_0.student_id,
        s1_0.two_factor_enabled,
        s1_0.updated_at,
        s1_0.user_id 
    from
        settings s1_0 
    where
        s1_0.student_id=?
Hibernate: 
    select
        s1_0.id,
        s1_0.ai_voice,
        s1_0.auto_play_audio,
        s1_0.created_at,
        s1_0.daily_reminder,
        s1_0.dark_mode,
        s1_0.language,
        s1_0.notifications_enabled,
        s1_0.sound_effects,
        s1_0.student_id,
        s1_0.two_factor_enabled,
        s1_0.updated_at,
        s1_0.user_id 
    from
        settings s1_0 
    where
        s1_0.student_id=?
Hibernate: 
    select
        s1_0.id,
        s1_0.ai_voice,
        s1_0.auto_play_audio,
        s1_0.created_at,
        s1_0.daily_reminder,
        s1_0.dark_mode,
        s1_0.language,
        s1_0.notifications_enabled,
        s1_0.sound_effects,
        s1_0.student_id,
        s1_0.two_factor_enabled,
        s1_0.updated_at,
        s1_0.user_id 
    from
        settings s1_0 
    where
        s1_0.student_id=?
Hibernate: 
    select
        s1_0.id,
        s1_0.ai_voice,
        s1_0.auto_play_audio,
        s1_0.created_at,
        s1_0.daily_reminder,
        s1_0.dark_mode,
        s1_0.language,
        s1_0.notifications_enabled,
        s1_0.sound_effects,
        s1_0.student_id,
        s1_0.two_factor_enabled,
        s1_0.updated_at,
        s1_0.user_id 
    from
        settings s1_0 
    where
        s1_0.student_id=?
Hibernate: 
    select
        s1_0.id,
        s1_0.ai_voice,
        s1_0.auto_play_audio,
        s1_0.created_at,
        s1_0.daily_reminder,
        s1_0.dark_mode,
        s1_0.language,
        s1_0.notifications_enabled,
        s1_0.sound_effects,
        s1_0.student_id,
        s1_0.two_factor_enabled,
        s1_0.updated_at,
        s1_0.user_id 
    from
        settings s1_0 
    where
        s1_0.student_id=?
2026-08-24T18:37:47.352+05:30  INFO 15172 --- [SpeakMateAI] [0.0-9091-exec-2] c.r.s.security.RequestLoggingFilter      : [REQUEST LOG] Incoming request: GET /api/v1/school/teachers
Hibernate: 
    select
        u1_0.id,
        case 
            when u1_1.user_id is not null 
                then 1 
            when u1_2.id is not null 
                then 2 
            when u1_0.id is not null 
                then 0 
        end,
        u1_0.active,
        u1_0.age_group,
        u1_0.auth_provider,
        u1_0.avatar,
        u1_0.created_at,
        u1_0.daily_goal_minutes,
        u1_0.division,
        u1_0.email,
        u1_0.email_verification_token,
        u1_0.email_verified,
        u1_0.english_level,
        u1_0.expo_push_token,
        u1_0.first_name,
        u1_0.interests,
        u1_0.last_name,
        u1_0.learning_goal,
        u1_0.native_language,
        u1_0.onboarding_completed,
        u1_0.parent_name,
        u1_0.parent_phone,
        u1_0.password,
        u1_0.phone,
        u1_0.preferred_accent,
        u1_0.preferred_voice,
        u1_0.reset_otp,
        u1_0.reset_otp_expiry,
        u1_0.reset_password_token,
        u1_0.reset_password_token_expiry,
        u1_0.role,
        u1_0.roll_number,
        u1_0.school_id,
        u1_0.school_name,
        u1_0.standard,
        u1_0.status,
        u1_0.updated_at,
        u1_0.user_type,
        u1_0.welcome_completed,
        u1_2.department,
        u1_2.designation,
        u1_2.employee_id,
        u1_2.experience,
        u1_2.joined_at,
        u1_2.qualification 
    from
        users u1_0 
    left join
        school_admins u1_1 
            on u1_0.id=u1_1.user_id 
    left join
        teachers u1_2 
            on u1_0.id=u1_2.id 
    where
        u1_0.email=?
Hibernate: 
    select
        s1_0.id,
        s1_0.ai_voice,
        s1_0.auto_play_audio,
        s1_0.created_at,
        s1_0.daily_reminder,
        s1_0.dark_mode,
        s1_0.language,
        s1_0.notifications_enabled,
        s1_0.sound_effects,
        s1_0.student_id,
        s1_0.two_factor_enabled,
        s1_0.updated_at,
        s1_0.user_id 
    from
        settings s1_0 
    where
        s1_0.student_id=?
Hibernate: 
    select
        s1_0.id,
        s1_0.ai_voice,
        s1_0.auto_play_audio,
        s1_0.created_at,
        s1_0.daily_reminder,
        s1_0.dark_mode,
        s1_0.language,
        s1_0.notifications_enabled,
        s1_0.sound_effects,
        s1_0.student_id,
        s1_0.two_factor_enabled,
        s1_0.updated_at,
        s1_0.user_id 
    from
        settings s1_0 
    where
        s1_0.student_id=?
Hibernate: 
    select
        s1_0.id,
        s1_0.ai_voice,
        s1_0.auto_play_audio,
        s1_0.created_at,
        s1_0.daily_reminder,
        s1_0.dark_mode,
        s1_0.language,
        s1_0.notifications_enabled,
        s1_0.sound_effects,
        s1_0.student_id,
        s1_0.two_factor_enabled,
        s1_0.updated_at,
        s1_0.user_id 
    from
        settings s1_0 
    where
        s1_0.student_id=?
Hibernate: 
    select
        s1_0.id,
        s1_0.ai_voice,
        s1_0.auto_play_audio,
        s1_0.created_at,
        s1_0.daily_reminder,
        s1_0.dark_mode,
        s1_0.language,
        s1_0.notifications_enabled,
        s1_0.sound_effects,
        s1_0.student_id,
        s1_0.two_factor_enabled,
        s1_0.updated_at,
        s1_0.user_id 
    from
        settings s1_0 
    where
        s1_0.student_id=?
Hibernate: 
    select
        u1_0.id,
        case 
            when u1_1.user_id is not null 
                then 1 
            when u1_2.id is not null 
                then 2 
            when u1_0.id is not null 
                then 0 
        end,
        u1_0.active,
        u1_0.age_group,
        u1_0.auth_provider,
        u1_0.avatar,
        u1_0.created_at,
        u1_0.daily_goal_minutes,
        u1_0.division,
        u1_0.email,
        u1_0.email_verification_token,
        u1_0.email_verified,
        u1_0.english_level,
        u1_0.expo_push_token,
        u1_0.first_name,
        u1_0.interests,
        u1_0.last_name,
        u1_0.learning_goal,
        u1_0.native_language,
        u1_0.onboarding_completed,
        u1_0.parent_name,
        u1_0.parent_phone,
        u1_0.password,
        u1_0.phone,
        u1_0.preferred_accent,
        u1_0.preferred_voice,
        u1_0.reset_otp,
        u1_0.reset_otp_expiry,
        u1_0.reset_password_token,
        u1_0.reset_password_token_expiry,
        u1_0.role,
        u1_0.roll_number,
        u1_0.school_id,
        u1_0.school_name,
        u1_0.standard,
        u1_0.status,
        u1_0.updated_at,
        u1_0.user_type,
        u1_0.welcome_completed,
        u1_2.department,
        u1_2.designation,
        u1_2.employee_id,
        u1_2.experience,
        u1_2.joined_at,
        u1_2.qualification 
    from
        users u1_0 
    left join
        school_admins u1_1 
            on u1_0.id=u1_1.user_id 
    left join
        teachers u1_2 
            on u1_0.id=u1_2.id 
    where
        u1_0.email=?
Hibernate: 
    select
        s1_0.id,
        s1_0.ai_voice,
        s1_0.auto_play_audio,
        s1_0.created_at,
        s1_0.daily_reminder,
        s1_0.dark_mode,
        s1_0.language,
        s1_0.notifications_enabled,
        s1_0.sound_effects,
        s1_0.student_id,
        s1_0.two_factor_enabled,
        s1_0.updated_at,
        s1_0.user_id 
    from
        settings s1_0 
    where
        s1_0.student_id=?
Hibernate: 
    select
        s1_0.id,
        s1_0.ai_voice,
        s1_0.auto_play_audio,
        s1_0.created_at,
        s1_0.daily_reminder,
        s1_0.dark_mode,
        s1_0.language,
        s1_0.notifications_enabled,
        s1_0.sound_effects,
        s1_0.student_id,
        s1_0.two_factor_enabled,
        s1_0.updated_at,
        s1_0.user_id 
    from
        settings s1_0 
    where
        s1_0.student_id=?
Hibernate: 
    select
        u1_0.id,
        case 
            when u1_1.user_id is not null 
                then 1 
            when u1_2.id is not null 
                then 2 
            when u1_0.id is not null 
                then 0 
        end,
        u1_0.active,
        u1_0.age_group,
        u1_0.auth_provider,
        u1_0.avatar,
        u1_0.created_at,
        u1_0.daily_goal_minutes,
        u1_0.division,
        u1_0.email,
        u1_0.email_verification_token,
        u1_0.email_verified,
        u1_0.english_level,
        u1_0.expo_push_token,
        u1_0.first_name,
        u1_0.interests,
        u1_0.last_name,
        u1_0.learning_goal,
        u1_0.native_language,
        u1_0.onboarding_completed,
        u1_0.parent_name,
        u1_0.parent_phone,
        u1_0.password,
        u1_0.phone,
        u1_0.preferred_accent,
        u1_0.preferred_voice,
        u1_0.reset_otp,
        u1_0.reset_otp_expiry,
        u1_0.reset_password_token,
        u1_0.reset_password_token_expiry,
        u1_0.role,
        u1_0.roll_number,
        u1_0.school_id,
        u1_0.school_name,
        u1_0.standard,
        u1_0.status,
        u1_0.updated_at,
        u1_0.user_type,
        u1_0.welcome_completed,
        u1_2.department,
        u1_2.designation,
        u1_2.employee_id,
        u1_2.experience,
        u1_2.joined_at,
        u1_2.qualification 
    from
        users u1_0 
    left join
        school_admins u1_1 
            on u1_0.id=u1_1.user_id 
    left join
        teachers u1_2 
            on u1_0.id=u1_2.id 
    where
        u1_0.school_id=? 
        and u1_0.role=?
Hibernate: 
    select
        s1_0.id,
        s1_0.ai_voice,
        s1_0.auto_play_audio,
        s1_0.created_at,
        s1_0.daily_reminder,
        s1_0.dark_mode,
        s1_0.language,
        s1_0.notifications_enabled,
        s1_0.sound_effects,
        s1_0.student_id,
        s1_0.two_factor_enabled,
        s1_0.updated_at,
        s1_0.user_id 
    from
        settings s1_0 
    where
        s1_0.student_id=?
Hibernate: 
    select
        s1_0.id,
        s1_0.ai_voice,
        s1_0.auto_play_audio,
        s1_0.created_at,
        s1_0.daily_reminder,
        s1_0.dark_mode,
        s1_0.language,
        s1_0.notifications_enabled,
        s1_0.sound_effects,
        s1_0.student_id,
        s1_0.two_factor_enabled,
        s1_0.updated_at,
        s1_0.user_id 
    from
        settings s1_0 
    where
        s1_0.student_id=?
Hibernate: 
    select
        s1_0.id,
        s1_0.active,
        s1_0.address,
        s1_0.contact_phone,
        s1_0.created_at,
        s1_0.name,
        s1_0.school_code,
        s1_0.school_name,
        s1_0.updated_at 
    from
        schools s1_0 
    where
        s1_0.id=?
Hibernate: 
    select
        u1_0.id,
        case 
            when u1_1.user_id is not null 
                then 1 
            when u1_2.id is not null 
                then 2 
            when u1_0.id is not null 
                then 0 
        end,
        u1_0.active,
        u1_0.age_group,
        u1_0.auth_provider,
        u1_0.avatar,
        u1_0.created_at,
        u1_0.daily_goal_minutes,
        u1_0.division,
        u1_0.email,
        u1_0.email_verification_token,
        u1_0.email_verified,
        u1_0.english_level,
        u1_0.expo_push_token,
        u1_0.first_name,
        u1_0.interests,
        u1_0.last_name,
        u1_0.learning_goal,
        u1_0.native_language,
        u1_0.onboarding_completed,
        u1_0.parent_name,
        u1_0.parent_phone,
        u1_0.password,
        u1_0.phone,
        u1_0.preferred_accent,
        u1_0.preferred_voice,
        u1_0.reset_otp,
        u1_0.reset_otp_expiry,
        u1_0.reset_password_token,
        u1_0.reset_password_token_expiry,
        u1_0.role,
        u1_0.roll_number,
        u1_0.school_id,
        u1_0.school_name,
        u1_0.standard,
        u1_0.status,
        u1_0.updated_at,
        u1_0.user_type,
        u1_0.welcome_completed,
        u1_2.department,
        u1_2.designation,
        u1_2.employee_id,
        u1_2.experience,
        u1_2.joined_at,
        u1_2.qualification 
    from
        users u1_0 
    left join
        school_admins u1_1 
            on u1_0.id=u1_1.user_id 
    left join
        teachers u1_2 
            on u1_0.id=u1_2.id 
    where
        u1_0.school_id=? 
        and u1_0.role=?
Hibernate: 
    select
        s1_0.id,
        s1_0.active,
        s1_0.address,
        s1_0.contact_phone,
        s1_0.created_at,
        s1_0.name,
        s1_0.school_code,
        s1_0.school_name,
        s1_0.updated_at 
    from
        schools s1_0 
    where
        s1_0.id=?
Hibernate: 
    select
        cr1_0.id,
        cr1_0.academic_year,
        cr1_0.created_at,
        cr1_0.grade,
        cr1_0.name,
        cr1_0.school_id,
        cr1_0.status,
        cr1_0.teacher_id,
        cr1_0.updated_at 
    from
        class_rooms cr1_0 
    where
        cr1_0.school_id=?
Hibernate: 
    select
        r1_0.id,
        r1_0.active,
        r1_0.created_at,
        r1_0.marks_obtained,
        r1_0.status,
        r1_0.student_id,
        r1_0.submitted_at,
        r1_0.test_title,
        r1_0.total_marks,
        r1_0.updated_at 
    from
        results r1_0 
    join
        users s1_0 
            on s1_0.id=r1_0.student_id 
    where
        s1_0.school_id=? 
        and r1_0.active
2026-08-24T18:37:47.990+05:30  INFO 15172 --- [SpeakMateAI] [0.0-9091-exec-5] c.r.s.security.RequestLoggingFilter      : [REQUEST LOG] Incoming request: GET /api/school/students
Hibernate: 
    select
        u1_0.id,
        case 
            when u1_1.user_id is not null 
                then 1 
            when u1_2.id is not null 
                then 2 
            when u1_0.id is not null 
                then 0 
        end,
        u1_0.active,
        u1_0.age_group,
        u1_0.auth_provider,
        u1_0.avatar,
        u1_0.created_at,
        u1_0.daily_goal_minutes,
        u1_0.division,
        u1_0.email,
        u1_0.email_verification_token,
        u1_0.email_verified,
        u1_0.english_level,
        u1_0.expo_push_token,
        u1_0.first_name,
        u1_0.interests,
        u1_0.last_name,
        u1_0.learning_goal,
        u1_0.native_language,
        u1_0.onboarding_completed,
        u1_0.parent_name,
        u1_0.parent_phone,
        u1_0.password,
        u1_0.phone,
        u1_0.preferred_accent,
        u1_0.preferred_voice,
        u1_0.reset_otp,
        u1_0.reset_otp_expiry,
        u1_0.reset_password_token,
        u1_0.reset_password_token_expiry,
        u1_0.role,
        u1_0.roll_number,
        u1_0.school_id,
        u1_0.school_name,
        u1_0.standard,
        u1_0.status,
        u1_0.updated_at,
        u1_0.user_type,
        u1_0.welcome_completed,
        u1_2.department,
        u1_2.designation,
        u1_2.employee_id,
        u1_2.experience,
        u1_2.joined_at,
        u1_2.qualification 
    from
        users u1_0 
    left join
        school_admins u1_1 
            on u1_0.id=u1_1.user_id 
    left join
        teachers u1_2 
            on u1_0.id=u1_2.id 
    where
        u1_0.email=?
Hibernate: 
    select
        count(lp1_0.id) 
    from
        lesson_progress lp1_0 
    join
        students s1_0 
            on s1_0.id=lp1_0.user_id 
    where
        s1_0.school_id=? 
        and lp1_0.completed=true
Hibernate: 
    select
        s1_0.id,
        s1_0.active,
        s1_0.address,
        s1_0.contact_phone,
        s1_0.created_at,
        s1_0.name,
        s1_0.school_code,
        s1_0.school_name,
        s1_0.updated_at 
    from
        schools s1_0 
    where
        s1_0.id=?
Hibernate: 
    select
        u1_0.id,
        case 
            when u1_1.user_id is not null 
                then 1 
            when u1_2.id is not null 
                then 2 
            when u1_0.id is not null 
                then 0 
        end,
        u1_0.active,
        u1_0.age_group,
        u1_0.auth_provider,
        u1_0.avatar,
        u1_0.created_at,
        u1_0.daily_goal_minutes,
        u1_0.division,
        u1_0.email,
        u1_0.email_verification_token,
        u1_0.email_verified,
        u1_0.english_level,
        u1_0.expo_push_token,
        u1_0.first_name,
        u1_0.interests,
        u1_0.last_name,
        u1_0.learning_goal,
        u1_0.native_language,
        u1_0.onboarding_completed,
        u1_0.parent_name,
        u1_0.parent_phone,
        u1_0.password,
        u1_0.phone,
        u1_0.preferred_accent,
        u1_0.preferred_voice,
        u1_0.reset_otp,
        u1_0.reset_otp_expiry,
        u1_0.reset_password_token,
        u1_0.reset_password_token_expiry,
        u1_0.role,
        u1_0.roll_number,
        u1_0.school_id,
        u1_0.school_name,
        u1_0.standard,
        u1_0.status,
        u1_0.updated_at,
        u1_0.user_type,
        u1_0.welcome_completed,
        u1_2.department,
        u1_2.designation,
        u1_2.employee_id,
        u1_2.experience,
        u1_2.joined_at,
        u1_2.qualification 
    from
        users u1_0 
    left join
        school_admins u1_1 
            on u1_0.id=u1_1.user_id 
    left join
        teachers u1_2 
            on u1_0.id=u1_2.id 
    where
        u1_0.email=?
Hibernate: 
    select
        s1_0.id,
        s1_0.active,
        s1_0.age_group,
        s1_0.auth_provider,
        s1_0.avatar,
        s1_0.created_at,
        s1_0.daily_goal_minutes,
        s1_0.division,
        s1_0.email,
        s1_0.email_verification_token,
        s1_0.email_verified,
        s1_0.english_level,
        s1_0.expo_push_token,
        s1_0.first_name,
        s1_0.interests,
        s1_0.last_name,
        s1_0.learning_goal,
        s1_0.native_language,
        s1_0.onboarding_completed,
        s1_0.parent_name,
        s1_0.parent_phone,
        s1_0.password,
        s1_0.phone,
        s1_0.preferred_accent,
        s1_0.preferred_voice,
        s1_0.reset_otp,
        s1_0.reset_otp_expiry,
        s1_0.reset_password_token,
        s1_0.reset_password_token_expiry,
        s1_0.roll_number,
        s1_0.school_id,
        s1_0.school_name,
        s1_0.standard,
        s1_0.status,
        s1_0.updated_at,
        s1_0.welcome_completed 
    from
        students s1_0 
    where
        s1_0.school_id=?
2026-08-24T18:37:48.321+05:30  INFO 15172 --- [SpeakMateAI] [0.0-9091-exec-9] c.r.s.security.RequestLoggingFilter      : [REQUEST LOG] Incoming request: GET /api/v1/school/dashboard
Hibernate: 
    select
        s1_0.id,
        s1_0.ai_voice,
        s1_0.auto_play_audio,
        s1_0.created_at,
        s1_0.daily_reminder,
        s1_0.dark_mode,
        s1_0.language,
        s1_0.notifications_enabled,
        s1_0.sound_effects,
        s1_0.student_id,
        s1_0.two_factor_enabled,
        s1_0.updated_at,
        s1_0.user_id 
    from
        settings s1_0 
    where
        s1_0.student_id=?
Hibernate: 
    select
        u1_0.id,
        case 
            when u1_1.user_id is not null 
                then 1 
            when u1_2.id is not null 
                then 2 
            when u1_0.id is not null 
                then 0 
        end,
        u1_0.active,
        u1_0.age_group,
        u1_0.auth_provider,
        u1_0.avatar,
        u1_0.created_at,
        u1_0.daily_goal_minutes,
        u1_0.division,
        u1_0.email,
        u1_0.email_verification_token,
        u1_0.email_verified,
        u1_0.english_level,
        u1_0.expo_push_token,
        u1_0.first_name,
        u1_0.interests,
        u1_0.last_name,
        u1_0.learning_goal,
        u1_0.native_language,
        u1_0.onboarding_completed,
        u1_0.parent_name,
        u1_0.parent_phone,
        u1_0.password,
        u1_0.phone,
        u1_0.preferred_accent,
        u1_0.preferred_voice,
        u1_0.reset_otp,
        u1_0.reset_otp_expiry,
        u1_0.reset_password_token,
        u1_0.reset_password_token_expiry,
        u1_0.role,
        u1_0.roll_number,
        u1_0.school_id,
        u1_0.school_name,
        u1_0.standard,
        u1_0.status,
        u1_0.updated_at,
        u1_0.user_type,
        u1_0.welcome_completed,
        u1_2.department,
        u1_2.designation,
        u1_2.employee_id,
        u1_2.experience,
        u1_2.joined_at,
        u1_2.qualification 
    from
        users u1_0 
    left join
        school_admins u1_1 
            on u1_0.id=u1_1.user_id 
    left join
        teachers u1_2 
            on u1_0.id=u1_2.id 
    where
        u1_0.email=?
Hibernate: 
    select
        s1_0.id,
        s1_0.ai_voice,
        s1_0.auto_play_audio,
        s1_0.created_at,
        s1_0.daily_reminder,
        s1_0.dark_mode,
        s1_0.language,
        s1_0.notifications_enabled,
        s1_0.sound_effects,
        s1_0.student_id,
        s1_0.two_factor_enabled,
        s1_0.updated_at,
        s1_0.user_id 
    from
        settings s1_0 
    where
        s1_0.student_id=?
Hibernate: 
    select
        s1_0.id,
        s1_0.ai_voice,
        s1_0.auto_play_audio,
        s1_0.created_at,
        s1_0.daily_reminder,
        s1_0.dark_mode,
        s1_0.language,
        s1_0.notifications_enabled,
        s1_0.sound_effects,
        s1_0.student_id,
        s1_0.two_factor_enabled,
        s1_0.updated_at,
        s1_0.user_id 
    from
        settings s1_0 
    where
        s1_0.student_id=?
Hibernate: 
    select
        u1_0.id,
        case 
            when u1_1.user_id is not null 
                then 1 
            when u1_2.id is not null 
                then 2 
            when u1_0.id is not null 
                then 0 
        end,
        u1_0.active,
        u1_0.age_group,
        u1_0.auth_provider,
        u1_0.avatar,
        u1_0.created_at,
        u1_0.daily_goal_minutes,
        u1_0.division,
        u1_0.email,
        u1_0.email_verification_token,
        u1_0.email_verified,
        u1_0.english_level,
        u1_0.expo_push_token,
        u1_0.first_name,
        u1_0.interests,
        u1_0.last_name,
        u1_0.learning_goal,
        u1_0.native_language,
        u1_0.onboarding_completed,
        u1_0.parent_name,
        u1_0.parent_phone,
        u1_0.password,
        u1_0.phone,
        u1_0.preferred_accent,
        u1_0.preferred_voice,
        u1_0.reset_otp,
        u1_0.reset_otp_expiry,
        u1_0.reset_password_token,
        u1_0.reset_password_token_expiry,
        u1_0.role,
        u1_0.roll_number,
        u1_0.school_id,
        u1_0.school_name,
        u1_0.standard,
        u1_0.status,
        u1_0.updated_at,
        u1_0.user_type,
        u1_0.welcome_completed,
        u1_2.department,
        u1_2.designation,
        u1_2.employee_id,
        u1_2.experience,
        u1_2.joined_at,
        u1_2.qualification 
    from
        users u1_0 
    left join
        school_admins u1_1 
            on u1_0.id=u1_1.user_id 
    left join
        teachers u1_2 
            on u1_0.id=u1_2.id 
    where
        u1_0.email=?
Hibernate: 
    select
        s1_0.id,
        s1_0.ai_voice,
        s1_0.auto_play_audio,
        s1_0.created_at,
        s1_0.daily_reminder,
        s1_0.dark_mode,
        s1_0.language,
        s1_0.notifications_enabled,
        s1_0.sound_effects,
        s1_0.student_id,
        s1_0.two_factor_enabled,
        s1_0.updated_at,
        s1_0.user_id 
    from
        settings s1_0 
    where
        s1_0.student_id=?
Hibernate: 
    select
        s1_0.id,
        s1_0.ai_voice,
        s1_0.auto_play_audio,
        s1_0.created_at,
        s1_0.daily_reminder,
        s1_0.dark_mode,
        s1_0.language,
        s1_0.notifications_enabled,
        s1_0.sound_effects,
        s1_0.student_id,
        s1_0.two_factor_enabled,
        s1_0.updated_at,
        s1_0.user_id 
    from
        settings s1_0 
    where
        s1_0.student_id=?
Hibernate: 
    select
        s1_0.id,
        s1_0.active,
        s1_0.age_group,
        s1_0.auth_provider,
        s1_0.avatar,
        s1_0.created_at,
        s1_0.daily_goal_minutes,
        s1_0.division,
        s1_0.email,
        s1_0.email_verification_token,
        s1_0.email_verified,
        s1_0.english_level,
        s1_0.expo_push_token,
        s1_0.first_name,
        s1_0.interests,
        s1_0.last_name,
        s1_0.learning_goal,
        s1_0.native_language,
        s1_0.onboarding_completed,
        s1_0.parent_name,
        s1_0.parent_phone,
        s1_0.password,
        s1_0.phone,
        s1_0.preferred_accent,
        s1_0.preferred_voice,
        s1_0.reset_otp,
        s1_0.reset_otp_expiry,
        s1_0.reset_password_token,
        s1_0.reset_password_token_expiry,
        s1_0.roll_number,
        s1_0.school_id,
        s1_0.school_name,
        s1_0.standard,
        s1_0.status,
        s1_0.updated_at,
        s1_0.welcome_completed 
    from
        students s1_0 
    where
        s1_0.school_id=?
Hibernate: 
    select
        s1_0.id,
        s1_0.ai_voice,
        s1_0.auto_play_audio,
        s1_0.created_at,
        s1_0.daily_reminder,
        s1_0.dark_mode,
        s1_0.language,
        s1_0.notifications_enabled,
        s1_0.sound_effects,
        s1_0.student_id,
        s1_0.two_factor_enabled,
        s1_0.updated_at,
        s1_0.user_id 
    from
        settings s1_0 
    where
        s1_0.student_id=?
Hibernate: 
    select
        s1_0.id,
        s1_0.ai_voice,
        s1_0.auto_play_audio,
        s1_0.created_at,
        s1_0.daily_reminder,
        s1_0.dark_mode,
        s1_0.language,
        s1_0.notifications_enabled,
        s1_0.sound_effects,
        s1_0.student_id,
        s1_0.two_factor_enabled,
        s1_0.updated_at,
        s1_0.user_id 
    from
        settings s1_0 
    where
        s1_0.student_id=?
Hibernate: 
    select
        s1_0.id,
        s1_0.ai_voice,
        s1_0.auto_play_audio,
        s1_0.created_at,
        s1_0.daily_reminder,
        s1_0.dark_mode,
        s1_0.language,
        s1_0.notifications_enabled,
        s1_0.sound_effects,
        s1_0.student_id,
        s1_0.two_factor_enabled,
        s1_0.updated_at,
        s1_0.user_id 
    from
        settings s1_0 
    where
        s1_0.student_id=?
Hibernate: 
    select
        s1_0.id,
        s1_0.ai_voice,
        s1_0.auto_play_audio,
        s1_0.created_at,
        s1_0.daily_reminder,
        s1_0.dark_mode,
        s1_0.language,
        s1_0.notifications_enabled,
        s1_0.sound_effects,
        s1_0.student_id,
        s1_0.two_factor_enabled,
        s1_0.updated_at,
        s1_0.user_id 
    from
        settings s1_0 
    where
        s1_0.student_id=?
Hibernate: 
    select
        s1_0.id,
        s1_0.ai_voice,
        s1_0.auto_play_audio,
        s1_0.created_at,
        s1_0.daily_reminder,
        s1_0.dark_mode,
        s1_0.language,
        s1_0.notifications_enabled,
        s1_0.sound_effects,
        s1_0.student_id,
        s1_0.two_factor_enabled,
        s1_0.updated_at,
        s1_0.user_id 
    from
        settings s1_0 
    where
        s1_0.student_id=?
Hibernate: 
    select
        s1_0.id,
        s1_0.ai_voice,
        s1_0.auto_play_audio,
        s1_0.created_at,
        s1_0.daily_reminder,
        s1_0.dark_mode,
        s1_0.language,
        s1_0.notifications_enabled,
        s1_0.sound_effects,
        s1_0.student_id,
        s1_0.two_factor_enabled,
        s1_0.updated_at,
        s1_0.user_id 
    from
        settings s1_0 
    where
        s1_0.student_id=?
Hibernate: 
    select
        s1_0.id,
        s1_0.ai_voice,
        s1_0.auto_play_audio,
        s1_0.created_at,
        s1_0.daily_reminder,
        s1_0.dark_mode,
        s1_0.language,
        s1_0.notifications_enabled,
        s1_0.sound_effects,
        s1_0.student_id,
        s1_0.two_factor_enabled,
        s1_0.updated_at,
        s1_0.user_id 
    from
        settings s1_0 
    where
        s1_0.student_id=?
Hibernate: 
    select
        s1_0.id,
        s1_0.active,
        s1_0.address,
        s1_0.contact_phone,
        s1_0.created_at,
        s1_0.name,
        s1_0.school_code,
        s1_0.school_name,
        s1_0.updated_at 
    from
        schools s1_0 
    where
        s1_0.id=?
Hibernate: 
    select
        s1_0.id,
        s1_0.ai_voice,
        s1_0.auto_play_audio,
        s1_0.created_at,
        s1_0.daily_reminder,
        s1_0.dark_mode,
        s1_0.language,
        s1_0.notifications_enabled,
        s1_0.sound_effects,
        s1_0.student_id,
        s1_0.two_factor_enabled,
        s1_0.updated_at,
        s1_0.user_id 
    from
        settings s1_0 
    where
        s1_0.student_id=?
Hibernate: 
    select
        s1_0.id,
        s1_0.ai_voice,
        s1_0.auto_play_audio,
        s1_0.created_at,
        s1_0.daily_reminder,
        s1_0.dark_mode,
        s1_0.language,
        s1_0.notifications_enabled,
        s1_0.sound_effects,
        s1_0.student_id,
        s1_0.two_factor_enabled,
        s1_0.updated_at,
        s1_0.user_id 
    from
        settings s1_0 
    where
        s1_0.student_id=?
2026-08-24T18:37:49.155+05:30  INFO 15172 --- [SpeakMateAI] [0.0-9091-exec-5] c.r.s.security.RequestLoggingFilter      : [REQUEST LOG] Incoming request: GET /api/school/students
Hibernate: 
    select
        u1_0.id,
        case 
            when u1_1.user_id is not null 
                then 1 
            when u1_2.id is not null 
                then 2 
            when u1_0.id is not null 
                then 0 
        end,
        u1_0.active,
        u1_0.age_group,
        u1_0.auth_provider,
        u1_0.avatar,
        u1_0.created_at,
        u1_0.daily_goal_minutes,
        u1_0.division,
        u1_0.email,
        u1_0.email_verification_token,
        u1_0.email_verified,
        u1_0.english_level,
        u1_0.expo_push_token,
        u1_0.first_name,
        u1_0.interests,
        u1_0.last_name,
        u1_0.learning_goal,
        u1_0.native_language,
        u1_0.onboarding_completed,
        u1_0.parent_name,
        u1_0.parent_phone,
        u1_0.password,
        u1_0.phone,
        u1_0.preferred_accent,
        u1_0.preferred_voice,
        u1_0.reset_otp,
        u1_0.reset_otp_expiry,
        u1_0.reset_password_token,
        u1_0.reset_password_token_expiry,
        u1_0.role,
        u1_0.roll_number,
        u1_0.school_id,
        u1_0.school_name,
        u1_0.standard,
        u1_0.status,
        u1_0.updated_at,
        u1_0.user_type,
        u1_0.welcome_completed,
        u1_2.department,
        u1_2.designation,
        u1_2.employee_id,
        u1_2.experience,
        u1_2.joined_at,
        u1_2.qualification 
    from
        users u1_0 
    left join
        school_admins u1_1 
            on u1_0.id=u1_1.user_id 
    left join
        teachers u1_2 
            on u1_0.id=u1_2.id 
    where
        u1_0.email=?
Hibernate: 
    select
        s1_0.id,
        s1_0.ai_voice,
        s1_0.auto_play_audio,
        s1_0.created_at,
        s1_0.daily_reminder,
        s1_0.dark_mode,
        s1_0.language,
        s1_0.notifications_enabled,
        s1_0.sound_effects,
        s1_0.student_id,
        s1_0.two_factor_enabled,
        s1_0.updated_at,
        s1_0.user_id 
    from
        settings s1_0 
    where
        s1_0.student_id=?
Hibernate: 
    select
        u1_0.id,
        case 
            when u1_1.user_id is not null 
                then 1 
            when u1_2.id is not null 
                then 2 
            when u1_0.id is not null 
                then 0 
        end,
        u1_0.active,
        u1_0.age_group,
        u1_0.auth_provider,
        u1_0.avatar,
        u1_0.created_at,
        u1_0.daily_goal_minutes,
        u1_0.division,
        u1_0.email,
        u1_0.email_verification_token,
        u1_0.email_verified,
        u1_0.english_level,
        u1_0.expo_push_token,
        u1_0.first_name,
        u1_0.interests,
        u1_0.last_name,
        u1_0.learning_goal,
        u1_0.native_language,
        u1_0.onboarding_completed,
        u1_0.parent_name,
        u1_0.parent_phone,
        u1_0.password,
        u1_0.phone,
        u1_0.preferred_accent,
        u1_0.preferred_voice,
        u1_0.reset_otp,
        u1_0.reset_otp_expiry,
        u1_0.reset_password_token,
        u1_0.reset_password_token_expiry,
        u1_0.role,
        u1_0.roll_number,
        u1_0.school_id,
        u1_0.school_name,
        u1_0.standard,
        u1_0.status,
        u1_0.updated_at,
        u1_0.user_type,
        u1_0.welcome_completed,
        u1_2.department,
        u1_2.designation,
        u1_2.employee_id,
        u1_2.experience,
        u1_2.joined_at,
        u1_2.qualification 
    from
        users u1_0 
    left join
        school_admins u1_1 
            on u1_0.id=u1_1.user_id 
    left join
        teachers u1_2 
            on u1_0.id=u1_2.id 
    where
        u1_0.email=?
Hibernate: 
    select
        s1_0.id,
        s1_0.ai_voice,
        s1_0.auto_play_audio,
        s1_0.created_at,
        s1_0.daily_reminder,
        s1_0.dark_mode,
        s1_0.language,
        s1_0.notifications_enabled,
        s1_0.sound_effects,
        s1_0.student_id,
        s1_0.two_factor_enabled,
        s1_0.updated_at,
        s1_0.user_id 
    from
        settings s1_0 
    where
        s1_0.student_id=?
Hibernate: 
    select
        s1_0.id,
        s1_0.active,
        s1_0.age_group,
        s1_0.auth_provider,
        s1_0.avatar,
        s1_0.created_at,
        s1_0.daily_goal_minutes,
        s1_0.division,
        s1_0.email,
        s1_0.email_verification_token,
        s1_0.email_verified,
        s1_0.english_level,
        s1_0.expo_push_token,
        s1_0.first_name,
        s1_0.interests,
        s1_0.last_name,
        s1_0.learning_goal,
        s1_0.native_language,
        s1_0.onboarding_completed,
        s1_0.parent_name,
        s1_0.parent_phone,
        s1_0.password,
        s1_0.phone,
        s1_0.preferred_accent,
        s1_0.preferred_voice,
        s1_0.reset_otp,
        s1_0.reset_otp_expiry,
        s1_0.reset_password_token,
        s1_0.reset_password_token_expiry,
        s1_0.roll_number,
        s1_0.school_id,
        s1_0.school_name,
        s1_0.standard,
        s1_0.status,
        s1_0.updated_at,
        s1_0.welcome_completed 
    from
        students s1_0 
    where
        s1_0.school_id=?
Hibernate: 
    select
        u1_0.id,
        case 
            when u1_1.user_id is not null 
                then 1 
            when u1_2.id is not null 
                then 2 
            when u1_0.id is not null 
                then 0 
        end,
        u1_0.active,
        u1_0.age_group,
        u1_0.auth_provider,
        u1_0.avatar,
        u1_0.created_at,
        u1_0.daily_goal_minutes,
        u1_0.division,
        u1_0.email,
        u1_0.email_verification_token,
        u1_0.email_verified,
        u1_0.english_level,
        u1_0.expo_push_token,
        u1_0.first_name,
        u1_0.interests,
        u1_0.last_name,
        u1_0.learning_goal,
        u1_0.native_language,
        u1_0.onboarding_completed,
        u1_0.parent_name,
        u1_0.parent_phone,
        u1_0.password,
        u1_0.phone,
        u1_0.preferred_accent,
        u1_0.preferred_voice,
        u1_0.reset_otp,
        u1_0.reset_otp_expiry,
        u1_0.reset_password_token,
        u1_0.reset_password_token_expiry,
        u1_0.role,
        u1_0.roll_number,
        u1_0.school_id,
        u1_0.school_name,
        u1_0.standard,
        u1_0.status,
        u1_0.updated_at,
        u1_0.user_type,
        u1_0.welcome_completed,
        u1_2.department,
        u1_2.designation,
        u1_2.employee_id,
        u1_2.experience,
        u1_2.joined_at,
        u1_2.qualification 
    from
        users u1_0 
    left join
        school_admins u1_1 
            on u1_0.id=u1_1.user_id 
    left join
        teachers u1_2 
            on u1_0.id=u1_2.id 
    where
        u1_0.school_id=? 
        and u1_0.role=?
Hibernate: 
    select
        s1_0.id,
        s1_0.ai_voice,
        s1_0.auto_play_audio,
        s1_0.created_at,
        s1_0.daily_reminder,
        s1_0.dark_mode,
        s1_0.language,
        s1_0.notifications_enabled,
        s1_0.sound_effects,
        s1_0.student_id,
        s1_0.two_factor_enabled,
        s1_0.updated_at,
        s1_0.user_id 
    from
        settings s1_0 
    where
        s1_0.student_id=?
Hibernate: 
    select
        cr1_0.id,
        cr1_0.academic_year,
        cr1_0.created_at,
        cr1_0.grade,
        cr1_0.name,
        cr1_0.school_id,
        cr1_0.status,
        cr1_0.teacher_id,
        cr1_0.updated_at 
    from
        class_rooms cr1_0 
    where
        cr1_0.school_id=?
Hibernate: 
    select
        s1_0.id,
        s1_0.ai_voice,
        s1_0.auto_play_audio,
        s1_0.created_at,
        s1_0.daily_reminder,
        s1_0.dark_mode,
        s1_0.language,
        s1_0.notifications_enabled,
        s1_0.sound_effects,
        s1_0.student_id,
        s1_0.two_factor_enabled,
        s1_0.updated_at,
        s1_0.user_id 
    from
        settings s1_0 
    where
        s1_0.student_id=?
Hibernate: 
    select
        r1_0.id,
        r1_0.active,
        r1_0.created_at,
        r1_0.marks_obtained,
        r1_0.status,
        r1_0.student_id,
        r1_0.submitted_at,
        r1_0.test_title,
        r1_0.total_marks,
        r1_0.updated_at 
    from
        results r1_0 
    join
        users s1_0 
            on s1_0.id=r1_0.student_id 
    where
        s1_0.school_id=? 
        and r1_0.active
Hibernate: 
    select
        s1_0.id,
        s1_0.ai_voice,
        s1_0.auto_play_audio,
        s1_0.created_at,
        s1_0.daily_reminder,
        s1_0.dark_mode,
        s1_0.language,
        s1_0.notifications_enabled,
        s1_0.sound_effects,
        s1_0.student_id,
        s1_0.two_factor_enabled,
        s1_0.updated_at,
        s1_0.user_id 
    from
        settings s1_0 
    where
        s1_0.student_id=?
Hibernate: 
    select
        count(lp1_0.id) 
    from
        lesson_progress lp1_0 
    join
        students s1_0 
            on s1_0.id=lp1_0.user_id 
    where
        s1_0.school_id=? 
        and lp1_0.completed=true
Hibernate: 
    select
        s1_0.id,
        s1_0.ai_voice,
        s1_0.auto_play_audio,
        s1_0.created_at,
        s1_0.daily_reminder,
        s1_0.dark_mode,
        s1_0.language,
        s1_0.notifications_enabled,
        s1_0.sound_effects,
        s1_0.student_id,
        s1_0.two_factor_enabled,
        s1_0.updated_at,
        s1_0.user_id 
    from
        settings s1_0 
    where
        s1_0.student_id=?
Hibernate: 
    select
        s1_0.id,
        s1_0.active,
        s1_0.address,
        s1_0.contact_phone,
        s1_0.created_at,
        s1_0.name,
        s1_0.school_code,
        s1_0.school_name,
        s1_0.updated_at 
    from
        schools s1_0 
    where
        s1_0.id=?
Hibernate: 
    select
        s1_0.id,
        s1_0.ai_voice,
        s1_0.auto_play_audio,
        s1_0.created_at,
        s1_0.daily_reminder,
        s1_0.dark_mode,
        s1_0.language,
        s1_0.notifications_enabled,
        s1_0.sound_effects,
        s1_0.student_id,
        s1_0.two_factor_enabled,
        s1_0.updated_at,
        s1_0.user_id 
    from
        settings s1_0 
    where
        s1_0.student_id=?
Hibernate: 
    select
        s1_0.id,
        s1_0.ai_voice,
        s1_0.auto_play_audio,
        s1_0.created_at,
        s1_0.daily_reminder,
        s1_0.dark_mode,
        s1_0.language,
        s1_0.notifications_enabled,
        s1_0.sound_effects,
        s1_0.student_id,
        s1_0.two_factor_enabled,
        s1_0.updated_at,
        s1_0.user_id 
    from
        settings s1_0 
    where
        s1_0.student_id=?
Hibernate: 
    select
        s1_0.id,
        s1_0.ai_voice,
        s1_0.auto_play_audio,
        s1_0.created_at,
        s1_0.daily_reminder,
        s1_0.dark_mode,
        s1_0.language,
        s1_0.notifications_enabled,
        s1_0.sound_effects,
        s1_0.student_id,
        s1_0.two_factor_enabled,
        s1_0.updated_at,
        s1_0.user_id 
    from
        settings s1_0 
    where
        s1_0.student_id=?
Hibernate: 
    select
        s1_0.id,
        s1_0.ai_voice,
        s1_0.auto_play_audio,
        s1_0.created_at,
        s1_0.daily_reminder,
        s1_0.dark_mode,
        s1_0.language,
        s1_0.notifications_enabled,
        s1_0.sound_effects,
        s1_0.student_id,
        s1_0.two_factor_enabled,
        s1_0.updated_at,
        s1_0.user_id 
    from
        settings s1_0 
    where
        s1_0.student_id=?
Hibernate: 
    select
        s1_0.id,
        s1_0.active,
        s1_0.address,
        s1_0.contact_phone,
        s1_0.created_at,
        s1_0.name,
        s1_0.school_code,
        s1_0.school_name,
        s1_0.updated_at 
    from
        schools s1_0 
    where
        s1_0.id=?
2026-08-24T18:37:50.205+05:30  INFO 15172 --- [SpeakMateAI] [0.0-9091-exec-8] c.r.s.security.RequestLoggingFilter      : [REQUEST LOG] Incoming request: GET /api/school/students
Hibernate: 
    select
        u1_0.id,
        case 
            when u1_1.user_id is not null 
                then 1 
            when u1_2.id is not null 
                then 2 
            when u1_0.id is not null 
                then 0 
        end,
        u1_0.active,
        u1_0.age_group,
        u1_0.auth_provider,
        u1_0.avatar,
        u1_0.created_at,
        u1_0.daily_goal_minutes,
        u1_0.division,
        u1_0.email,
        u1_0.email_verification_token,
        u1_0.email_verified,
        u1_0.english_level,
        u1_0.expo_push_token,
        u1_0.first_name,
        u1_0.interests,
        u1_0.last_name,
        u1_0.learning_goal,
        u1_0.native_language,
        u1_0.onboarding_completed,
        u1_0.parent_name,
        u1_0.parent_phone,
        u1_0.password,
        u1_0.phone,
        u1_0.preferred_accent,
        u1_0.preferred_voice,
        u1_0.reset_otp,
        u1_0.reset_otp_expiry,
        u1_0.reset_password_token,
        u1_0.reset_password_token_expiry,
        u1_0.role,
        u1_0.roll_number,
        u1_0.school_id,
        u1_0.school_name,
        u1_0.standard,
        u1_0.status,
        u1_0.updated_at,
        u1_0.user_type,
        u1_0.welcome_completed,
        u1_2.department,
        u1_2.designation,
        u1_2.employee_id,
        u1_2.experience,
        u1_2.joined_at,
        u1_2.qualification 
    from
        users u1_0 
    left join
        school_admins u1_1 
            on u1_0.id=u1_1.user_id 
    left join
        teachers u1_2 
            on u1_0.id=u1_2.id 
    where
        u1_0.email=?
Hibernate: 
    select
        u1_0.id,
        case 
            when u1_1.user_id is not null 
                then 1 
            when u1_2.id is not null 
                then 2 
            when u1_0.id is not null 
                then 0 
        end,
        u1_0.active,
        u1_0.age_group,
        u1_0.auth_provider,
        u1_0.avatar,
        u1_0.created_at,
        u1_0.daily_goal_minutes,
        u1_0.division,
        u1_0.email,
        u1_0.email_verification_token,
        u1_0.email_verified,
        u1_0.english_level,
        u1_0.expo_push_token,
        u1_0.first_name,
        u1_0.interests,
        u1_0.last_name,
        u1_0.learning_goal,
        u1_0.native_language,
        u1_0.onboarding_completed,
        u1_0.parent_name,
        u1_0.parent_phone,
        u1_0.password,
        u1_0.phone,
        u1_0.preferred_accent,
        u1_0.preferred_voice,
        u1_0.reset_otp,
        u1_0.reset_otp_expiry,
        u1_0.reset_password_token,
        u1_0.reset_password_token_expiry,
        u1_0.role,
        u1_0.roll_number,
        u1_0.school_id,
        u1_0.school_name,
        u1_0.standard,
        u1_0.status,
        u1_0.updated_at,
        u1_0.user_type,
        u1_0.welcome_completed,
        u1_2.department,
        u1_2.designation,
        u1_2.employee_id,
        u1_2.experience,
        u1_2.joined_at,
        u1_2.qualification 
    from
        users u1_0 
    left join
        school_admins u1_1 
            on u1_0.id=u1_1.user_id 
    left join
        teachers u1_2 
            on u1_0.id=u1_2.id 
    where
        u1_0.email=?
Hibernate: 
    select
        s1_0.id,
        s1_0.active,
        s1_0.age_group,
        s1_0.auth_provider,
        s1_0.avatar,
        s1_0.created_at,
        s1_0.daily_goal_minutes,
        s1_0.division,
        s1_0.email,
        s1_0.email_verification_token,
        s1_0.email_verified,
        s1_0.english_level,
        s1_0.expo_push_token,
        s1_0.first_name,
        s1_0.interests,
        s1_0.last_name,
        s1_0.learning_goal,
        s1_0.native_language,
        s1_0.onboarding_completed,
        s1_0.parent_name,
        s1_0.parent_phone,
        s1_0.password,
        s1_0.phone,
        s1_0.preferred_accent,
        s1_0.preferred_voice,
        s1_0.reset_otp,
        s1_0.reset_otp_expiry,
        s1_0.reset_password_token,
        s1_0.reset_password_token_expiry,
        s1_0.roll_number,
        s1_0.school_id,
        s1_0.school_name,
        s1_0.standard,
        s1_0.status,
        s1_0.updated_at,
        s1_0.welcome_completed 
    from
        students s1_0 
    where
        s1_0.school_id=?
Hibernate: 
    select
        s1_0.id,
        s1_0.ai_voice,
        s1_0.auto_play_audio,
        s1_0.created_at,
        s1_0.daily_reminder,
        s1_0.dark_mode,
        s1_0.language,
        s1_0.notifications_enabled,
        s1_0.sound_effects,
        s1_0.student_id,
        s1_0.two_factor_enabled,
        s1_0.updated_at,
        s1_0.user_id 
    from
        settings s1_0 
    where
        s1_0.student_id=?
Hibernate: 
    select
        s1_0.id,
        s1_0.ai_voice,
        s1_0.auto_play_audio,
        s1_0.created_at,
        s1_0.daily_reminder,
        s1_0.dark_mode,
        s1_0.language,
        s1_0.notifications_enabled,
        s1_0.sound_effects,
        s1_0.student_id,
        s1_0.two_factor_enabled,
        s1_0.updated_at,
        s1_0.user_id 
    from
        settings s1_0 
    where
        s1_0.student_id=?
Hibernate: 
    select
        s1_0.id,
        s1_0.ai_voice,
        s1_0.auto_play_audio,
        s1_0.created_at,
        s1_0.daily_reminder,
        s1_0.dark_mode,
        s1_0.language,
        s1_0.notifications_enabled,
        s1_0.sound_effects,
        s1_0.student_id,
        s1_0.two_factor_enabled,
        s1_0.updated_at,
        s1_0.user_id 
    from
        settings s1_0 
    where
        s1_0.student_id=?
Hibernate: 
    select
        s1_0.id,
        s1_0.ai_voice,
        s1_0.auto_play_audio,
        s1_0.created_at,
        s1_0.daily_reminder,
        s1_0.dark_mode,
        s1_0.language,
        s1_0.notifications_enabled,
        s1_0.sound_effects,
        s1_0.student_id,
        s1_0.two_factor_enabled,
        s1_0.updated_at,
        s1_0.user_id 
    from
        settings s1_0 
    where
        s1_0.student_id=?
Hibernate: 
    select
        s1_0.id,
        s1_0.ai_voice,
        s1_0.auto_play_audio,
        s1_0.created_at,
        s1_0.daily_reminder,
        s1_0.dark_mode,
        s1_0.language,
        s1_0.notifications_enabled,
        s1_0.sound_effects,
        s1_0.student_id,
        s1_0.two_factor_enabled,
        s1_0.updated_at,
        s1_0.user_id 
    from
        settings s1_0 
    where
        s1_0.student_id=?
Hibernate: 
    select
        s1_0.id,
        s1_0.ai_voice,
        s1_0.auto_play_audio,
        s1_0.created_at,
        s1_0.daily_reminder,
        s1_0.dark_mode,
        s1_0.language,
        s1_0.notifications_enabled,
        s1_0.sound_effects,
        s1_0.student_id,
        s1_0.two_factor_enabled,
        s1_0.updated_at,
        s1_0.user_id 
    from
        settings s1_0 
    where
        s1_0.student_id=?
Hibernate: 
    select
        s1_0.id,
        s1_0.ai_voice,
        s1_0.auto_play_audio,
        s1_0.created_at,
        s1_0.daily_reminder,
        s1_0.dark_mode,
        s1_0.language,
        s1_0.notifications_enabled,
        s1_0.sound_effects,
        s1_0.student_id,
        s1_0.two_factor_enabled,
        s1_0.updated_at,
        s1_0.user_id 
    from
        settings s1_0 
    where
        s1_0.student_id=?
Hibernate: 
    select
        s1_0.id,
        s1_0.ai_voice,
        s1_0.auto_play_audio,
        s1_0.created_at,
        s1_0.daily_reminder,
        s1_0.dark_mode,
        s1_0.language,
        s1_0.notifications_enabled,
        s1_0.sound_effects,
        s1_0.student_id,
        s1_0.two_factor_enabled,
        s1_0.updated_at,
        s1_0.user_id 
    from
        settings s1_0 
    where
        s1_0.student_id=?
Hibernate: 
    select
        s1_0.id,
        s1_0.active,
        s1_0.address,
        s1_0.contact_phone,
        s1_0.created_at,
        s1_0.name,
        s1_0.school_code,
        s1_0.school_name,
        s1_0.updated_at 
    from
        schools s1_0 
    where
        s1_0.id=?
2026-08-24T18:39:20.498+05:30  INFO 15172 --- [SpeakMateAI] [0.0-9091-exec-4] c.r.s.security.RequestLoggingFilter      : [REQUEST LOG] Incoming request: POST /api/auth/admin/login
Hibernate: 
    select
        a1_0.id,
        a1_0.created_at,
        a1_0.department,
        a1_0.designation,
        a1_0.email,
        a1_0.email_notifications,
        a1_0.full_name,
        a1_0.language,
        a1_0.last_login,
        a1_0.location,
        a1_0.notifications_enabled,
        a1_0.password,
        a1_0.phone,
        a1_0.profile_image,
        a1_0.reset_otp,
        a1_0.reset_otp_expiry,
        a1_0.reset_password_token,
        a1_0.reset_password_token_expiry,
        a1_0.role,
        a1_0.session_timeout,
        a1_0.sidebar_collapsed,
        a1_0.status,
        a1_0.system_notifications,
        a1_0.theme,
        a1_0.two_factor_enabled,
        a1_0.updated_at 
    from
        admins a1_0 
    where
        a1_0.email=?
Hibernate: 
    update
        admins 
    set
        department=?,
        designation=?,
        email=?,
        email_notifications=?,
        full_name=?,
        language=?,
        last_login=?,
        location=?,
        notifications_enabled=?,
        password=?,
        phone=?,
        profile_image=?,
        reset_otp=?,
        reset_otp_expiry=?,
        reset_password_token=?,
        reset_password_token_expiry=?,
        role=?,
        session_timeout=?,
        sidebar_collapsed=?,
        status=?,
        system_notifications=?,
        theme=?,
        two_factor_enabled=?,
        updated_at=? 
    where
        id=?
2026-08-24T18:39:47.704+05:30  INFO 15172 --- [SpeakMateAI] [0.0-9091-exec-9] c.r.s.security.RequestLoggingFilter      : [REQUEST LOG] Incoming request: POST /api/auth/admin/login
Hibernate: 
    select
        a1_0.id,
        a1_0.created_at,
        a1_0.department,
        a1_0.designation,
        a1_0.email,
        a1_0.email_notifications,
        a1_0.full_name,
        a1_0.language,
        a1_0.last_login,
        a1_0.location,
        a1_0.notifications_enabled,
        a1_0.password,
        a1_0.phone,
        a1_0.profile_image,
        a1_0.reset_otp,
        a1_0.reset_otp_expiry,
        a1_0.reset_password_token,
        a1_0.reset_password_token_expiry,
        a1_0.role,
        a1_0.session_timeout,
        a1_0.sidebar_collapsed,
        a1_0.status,
        a1_0.system_notifications,
        a1_0.theme,
        a1_0.two_factor_enabled,
        a1_0.updated_at 
    from
        admins a1_0 
    where
        a1_0.email=?
Hibernate: 
    update
        admins 
    set
        department=?,
        designation=?,
        email=?,
        email_notifications=?,
        full_name=?,
        language=?,
        last_login=?,
        location=?,
        notifications_enabled=?,
        password=?,
        phone=?,
        profile_image=?,
        reset_otp=?,
        reset_otp_expiry=?,
        reset_password_token=?,
        reset_password_token_expiry=?,
        role=?,
        session_timeout=?,
        sidebar_collapsed=?,
        status=?,
        system_notifications=?,
        theme=?,
        two_factor_enabled=?,
        updated_at=? 
    where
        id=?
2026-08-24T18:39:48.520+05:30  INFO 15172 --- [SpeakMateAI] [0.0-9091-exec-5] c.r.s.security.RequestLoggingFilter      : [REQUEST LOG] Incoming request: GET /api/school/students
Hibernate: 
    select
        u1_0.id,
        case 
            when u1_1.user_id is not null 
                then 1 
            when u1_2.id is not null 
                then 2 
            when u1_0.id is not null 
                then 0 
        end,
        u1_0.active,
        u1_0.age_group,
        u1_0.auth_provider,
        u1_0.avatar,
        u1_0.created_at,
        u1_0.daily_goal_minutes,
        u1_0.division,
        u1_0.email,
        u1_0.email_verification_token,
        u1_0.email_verified,
        u1_0.english_level,
        u1_0.expo_push_token,
        u1_0.first_name,
        u1_0.interests,
        u1_0.last_name,
        u1_0.learning_goal,
        u1_0.native_language,
        u1_0.onboarding_completed,
        u1_0.parent_name,
        u1_0.parent_phone,
        u1_0.password,
        u1_0.phone,
        u1_0.preferred_accent,
        u1_0.preferred_voice,
        u1_0.reset_otp,
        u1_0.reset_otp_expiry,
        u1_0.reset_password_token,
        u1_0.reset_password_token_expiry,
        u1_0.role,
        u1_0.roll_number,
        u1_0.school_id,
        u1_0.school_name,
        u1_0.standard,
        u1_0.status,
        u1_0.updated_at,
        u1_0.user_type,
        u1_0.welcome_completed,
        u1_2.department,
        u1_2.designation,
        u1_2.employee_id,
        u1_2.experience,
        u1_2.joined_at,
        u1_2.qualification 
    from
        users u1_0 
    left join
        school_admins u1_1 
            on u1_0.id=u1_1.user_id 
    left join
        teachers u1_2 
            on u1_0.id=u1_2.id 
    where
        u1_0.email=?
2026-08-24T18:40:44.346+05:30  INFO 15172 --- [SpeakMateAI] [0.0-9091-exec-6] c.r.s.security.RequestLoggingFilter      : [REQUEST LOG] Incoming request: POST /api/auth/admin/login
Hibernate: 
    select
        a1_0.id,
        a1_0.created_at,
        a1_0.department,
        a1_0.designation,
        a1_0.email,
        a1_0.email_notifications,
        a1_0.full_name,
        a1_0.language,
        a1_0.last_login,
        a1_0.location,
        a1_0.notifications_enabled,
        a1_0.password,
        a1_0.phone,
        a1_0.profile_image,
        a1_0.reset_otp,
        a1_0.reset_otp_expiry,
        a1_0.reset_password_token,
        a1_0.reset_password_token_expiry,
        a1_0.role,
        a1_0.session_timeout,
        a1_0.sidebar_collapsed,
        a1_0.status,
        a1_0.system_notifications,
        a1_0.theme,
        a1_0.two_factor_enabled,
        a1_0.updated_at 
    from
        admins a1_0 
    where
        a1_0.email=?
Hibernate: 
    update
        admins 
    set
        department=?,
        designation=?,
        email=?,
        email_notifications=?,
        full_name=?,
        language=?,
        last_login=?,
        location=?,
        notifications_enabled=?,
        password=?,
        phone=?,
        profile_image=?,
        reset_otp=?,
        reset_otp_expiry=?,
        reset_password_token=?,
        reset_password_token_expiry=?,
        role=?,
        session_timeout=?,
        sidebar_collapsed=?,
        status=?,
        system_notifications=?,
        theme=?,
        two_factor_enabled=?,
        updated_at=? 
    where
        id=?
2026-08-24T18:40:44.968+05:30  INFO 15172 --- [SpeakMateAI] [0.0-9091-exec-3] c.r.s.security.RequestLoggingFilter      : [REQUEST LOG] Incoming request: GET /api/admin/school-users
Hibernate: 
    select
        a1_0.id,
        a1_0.created_at,
        a1_0.department,
        a1_0.designation,
        a1_0.email,
        a1_0.email_notifications,
        a1_0.full_name,
        a1_0.language,
        a1_0.last_login,
        a1_0.location,
        a1_0.notifications_enabled,
        a1_0.password,
        a1_0.phone,
        a1_0.profile_image,
        a1_0.reset_otp,
        a1_0.reset_otp_expiry,
        a1_0.reset_password_token,
        a1_0.reset_password_token_expiry,
        a1_0.role,
        a1_0.session_timeout,
        a1_0.sidebar_collapsed,
        a1_0.status,
        a1_0.system_notifications,
        a1_0.theme,
        a1_0.two_factor_enabled,
        a1_0.updated_at 
    from
        admins a1_0 
    where
        a1_0.email=?
Hibernate: 
    select
        s1_0.id,
        s1_0.active,
        s1_0.age_group,
        s1_0.auth_provider,
        s1_0.avatar,
        s1_0.created_at,
        s1_0.daily_goal_minutes,
        s1_0.division,
        s1_0.email,
        s1_0.email_verification_token,
        s1_0.email_verified,
        s1_0.english_level,
        s1_0.expo_push_token,
        s1_0.first_name,
        s1_0.interests,
        s1_0.last_name,
        s1_0.learning_goal,
        s1_0.native_language,
        s1_0.onboarding_completed,
        s1_0.parent_name,
        s1_0.parent_phone,
        s1_0.password,
        s1_0.phone,
        s1_0.preferred_accent,
        s1_0.preferred_voice,
        s1_0.reset_otp,
        s1_0.reset_otp_expiry,
        s1_0.reset_password_token,
        s1_0.reset_password_token_expiry,
        s1_0.roll_number,
        s1_0.school_id,
        s1_0.school_name,
        s1_0.standard,
        s1_0.status,
        s1_0.updated_at,
        s1_0.welcome_completed 
    from
        students s1_0 
    where
        1=1 
    order by
        s1_0.id desc 
    offset
        ? rows 
    fetch
        first ? rows only
Hibernate: 
    select
        s1_0.id,
        s1_0.ai_voice,
        s1_0.auto_play_audio,
        s1_0.created_at,
        s1_0.daily_reminder,
        s1_0.dark_mode,
        s1_0.language,
        s1_0.notifications_enabled,
        s1_0.sound_effects,
        s1_0.student_id,
        s1_0.two_factor_enabled,
        s1_0.updated_at,
        s1_0.user_id 
    from
        settings s1_0 
    where
        s1_0.student_id=?
Hibernate: 
    select
        s1_0.id,
        s1_0.ai_voice,
        s1_0.auto_play_audio,
        s1_0.created_at,
        s1_0.daily_reminder,
        s1_0.dark_mode,
        s1_0.language,
        s1_0.notifications_enabled,
        s1_0.sound_effects,
        s1_0.student_id,
        s1_0.two_factor_enabled,
        s1_0.updated_at,
        s1_0.user_id 
    from
        settings s1_0 
    where
        s1_0.student_id=?
Hibernate: 
    select
        s1_0.id,
        s1_0.ai_voice,
        s1_0.auto_play_audio,
        s1_0.created_at,
        s1_0.daily_reminder,
        s1_0.dark_mode,
        s1_0.language,
        s1_0.notifications_enabled,
        s1_0.sound_effects,
        s1_0.student_id,
        s1_0.two_factor_enabled,
        s1_0.updated_at,
        s1_0.user_id 
    from
        settings s1_0 
    where
        s1_0.student_id=?
Hibernate: 
    select
        s1_0.id,
        s1_0.ai_voice,
        s1_0.auto_play_audio,
        s1_0.created_at,
        s1_0.daily_reminder,
        s1_0.dark_mode,
        s1_0.language,
        s1_0.notifications_enabled,
        s1_0.sound_effects,
        s1_0.student_id,
        s1_0.two_factor_enabled,
        s1_0.updated_at,
        s1_0.user_id 
    from
        settings s1_0 
    where
        s1_0.student_id=?
Hibernate: 
    select
        s1_0.id,
        s1_0.ai_voice,
        s1_0.auto_play_audio,
        s1_0.created_at,
        s1_0.daily_reminder,
        s1_0.dark_mode,
        s1_0.language,
        s1_0.notifications_enabled,
        s1_0.sound_effects,
        s1_0.student_id,
        s1_0.two_factor_enabled,
        s1_0.updated_at,
        s1_0.user_id 
    from
        settings s1_0 
    where
        s1_0.student_id=?
Hibernate: 
    select
        s1_0.id,
        s1_0.ai_voice,
        s1_0.auto_play_audio,
        s1_0.created_at,
        s1_0.daily_reminder,
        s1_0.dark_mode,
        s1_0.language,
        s1_0.notifications_enabled,
        s1_0.sound_effects,
        s1_0.student_id,
        s1_0.two_factor_enabled,
        s1_0.updated_at,
        s1_0.user_id 
    from
        settings s1_0 
    where
        s1_0.student_id=?
Hibernate: 
    select
        s1_0.id,
        s1_0.ai_voice,
        s1_0.auto_play_audio,
        s1_0.created_at,
        s1_0.daily_reminder,
        s1_0.dark_mode,
        s1_0.language,
        s1_0.notifications_enabled,
        s1_0.sound_effects,
        s1_0.student_id,
        s1_0.two_factor_enabled,
        s1_0.updated_at,
        s1_0.user_id 
    from
        settings s1_0 
    where
        s1_0.student_id=?
Hibernate: 
    select
        s1_0.id,
        s1_0.ai_voice,
        s1_0.auto_play_audio,
        s1_0.created_at,
        s1_0.daily_reminder,
        s1_0.dark_mode,
        s1_0.language,
        s1_0.notifications_enabled,
        s1_0.sound_effects,
        s1_0.student_id,
        s1_0.two_factor_enabled,
        s1_0.updated_at,
        s1_0.user_id 
    from
        settings s1_0 
    where
        s1_0.student_id=?
Hibernate: 
    select
        s1_0.id,
        s1_0.ai_voice,
        s1_0.auto_play_audio,
        s1_0.created_at,
        s1_0.daily_reminder,
        s1_0.dark_mode,
        s1_0.language,
        s1_0.notifications_enabled,
        s1_0.sound_effects,
        s1_0.student_id,
        s1_0.two_factor_enabled,
        s1_0.updated_at,
        s1_0.user_id 
    from
        settings s1_0 
    where
        s1_0.student_id=?
Hibernate: 
    select
        s1_0.id,
        s1_0.ai_voice,
        s1_0.auto_play_audio,
        s1_0.created_at,
        s1_0.daily_reminder,
        s1_0.dark_mode,
        s1_0.language,
        s1_0.notifications_enabled,
        s1_0.sound_effects,
        s1_0.student_id,
        s1_0.two_factor_enabled,
        s1_0.updated_at,
        s1_0.user_id 
    from
        settings s1_0 
    where
        s1_0.student_id=?
Hibernate: 
    select
        count(s1_0.id) 
    from
        students s1_0 
    where
        1=1
Hibernate: 
    select
        s1_0.id,
        s1_0.active,
        s1_0.address,
        s1_0.contact_phone,
        s1_0.created_at,
        s1_0.name,
        s1_0.school_code,
        s1_0.school_name,
        s1_0.updated_at 
    from
        schools s1_0 
    where
        s1_0.id=?
Hibernate: 
    select
        count(lp1_0.id) 
    from
        lesson_progress lp1_0 
    where
        lp1_0.user_id=?
Hibernate: 
    select
        count(ss1_0.id) 
    from
        speaking_sessions ss1_0 
    where
        ss1_0.user_id=?
Hibernate: 
    select
        count(gh1_0.id) 
    from
        grammar_history gh1_0 
    where
        gh1_0.user_id=?
Hibernate: 
    select
        count(v1_0.id) 
    from
        vocabulary v1_0 
    where
        v1_0.student_id=?
Hibernate: 
    select
        count(lp1_0.id) 
    from
        lesson_progress lp1_0 
    where
        lp1_0.user_id=?
Hibernate: 
    select
        count(ss1_0.id) 
    from
        speaking_sessions ss1_0 
    where
        ss1_0.user_id=?
Hibernate: 
    select
        count(gh1_0.id) 
    from
        grammar_history gh1_0 
    where
        gh1_0.user_id=?
Hibernate: 
    select
        count(v1_0.id) 
    from
        vocabulary v1_0 
    where
        v1_0.student_id=?
Hibernate: 
    select
        count(lp1_0.id) 
    from
        lesson_progress lp1_0 
    where
        lp1_0.user_id=?
Hibernate: 
    select
        count(ss1_0.id) 
    from
        speaking_sessions ss1_0 
    where
        ss1_0.user_id=?
Hibernate: 
    select
        count(gh1_0.id) 
    from
        grammar_history gh1_0 
    where
        gh1_0.user_id=?
Hibernate: 
    select
        count(v1_0.id) 
    from
        vocabulary v1_0 
    where
        v1_0.student_id=?
Hibernate: 
    select
        count(lp1_0.id) 
    from
        lesson_progress lp1_0 
    where
        lp1_0.user_id=?
Hibernate: 
    select
        count(ss1_0.id) 
    from
        speaking_sessions ss1_0 
    where
        ss1_0.user_id=?
Hibernate: 
    select
        count(gh1_0.id) 
    from
        grammar_history gh1_0 
    where
        gh1_0.user_id=?
Hibernate: 
    select
        count(v1_0.id) 
    from
        vocabulary v1_0 
    where
        v1_0.student_id=?
Hibernate: 
    select
        count(lp1_0.id) 
    from
        lesson_progress lp1_0 
    where
        lp1_0.user_id=?
Hibernate: 
    select
        count(ss1_0.id) 
    from
        speaking_sessions ss1_0 
    where
        ss1_0.user_id=?
Hibernate: 
    select
        count(gh1_0.id) 
    from
        grammar_history gh1_0 
    where
        gh1_0.user_id=?
Hibernate: 
    select
        count(v1_0.id) 
    from
        vocabulary v1_0 
    where
        v1_0.student_id=?
Hibernate: 
    select
        s1_0.id,
        s1_0.active,
        s1_0.address,
        s1_0.contact_phone,
        s1_0.created_at,
        s1_0.name,
        s1_0.school_code,
        s1_0.school_name,
        s1_0.updated_at 
    from
        schools s1_0 
    where
        s1_0.id=?
Hibernate: 
    select
        count(lp1_0.id) 
    from
        lesson_progress lp1_0 
    where
        lp1_0.user_id=?
Hibernate: 
    select
        count(ss1_0.id) 
    from
        speaking_sessions ss1_0 
    where
        ss1_0.user_id=?
Hibernate: 
    select
        count(gh1_0.id) 
    from
        grammar_history gh1_0 
    where
        gh1_0.user_id=?
Hibernate: 
    select
        count(v1_0.id) 
    from
        vocabulary v1_0 
    where
        v1_0.student_id=?
Hibernate: 
    select
        count(lp1_0.id) 
    from
        lesson_progress lp1_0 
    where
        lp1_0.user_id=?
Hibernate: 
    select
        count(ss1_0.id) 
    from
        speaking_sessions ss1_0 
    where
        ss1_0.user_id=?
Hibernate: 
    select
        count(gh1_0.id) 
    from
        grammar_history gh1_0 
    where
        gh1_0.user_id=?
Hibernate: 
    select
        count(v1_0.id) 
    from
        vocabulary v1_0 
    where
        v1_0.student_id=?
Hibernate: 
    select
        count(lp1_0.id) 
    from
        lesson_progress lp1_0 
    where
        lp1_0.user_id=?
Hibernate: 
    select
        count(ss1_0.id) 
    from
        speaking_sessions ss1_0 
    where
        ss1_0.user_id=?
Hibernate: 
    select
        count(gh1_0.id) 
    from
        grammar_history gh1_0 
    where
        gh1_0.user_id=?
Hibernate: 
    select
        count(v1_0.id) 
    from
        vocabulary v1_0 
    where
        v1_0.student_id=?
Hibernate: 
    select
        count(lp1_0.id) 
    from
        lesson_progress lp1_0 
    where
        lp1_0.user_id=?
Hibernate: 
    select
        count(ss1_0.id) 
    from
        speaking_sessions ss1_0 
    where
        ss1_0.user_id=?
Hibernate: 
    select
        count(gh1_0.id) 
    from
        grammar_history gh1_0 
    where
        gh1_0.user_id=?
Hibernate: 
    select
        count(v1_0.id) 
    from
        vocabulary v1_0 
    where
        v1_0.student_id=?
Hibernate: 
    select
        s1_0.id,
        s1_0.active,
        s1_0.address,
        s1_0.contact_phone,
        s1_0.created_at,
        s1_0.name,
        s1_0.school_code,
        s1_0.school_name,
        s1_0.updated_at 
    from
        schools s1_0 
    where
        s1_0.id=?
Hibernate: 
    select
        count(lp1_0.id) 
    from
        lesson_progress lp1_0 
    where
        lp1_0.user_id=?
Hibernate: 
    select
        count(ss1_0.id) 
    from
        speaking_sessions ss1_0 
    where
        ss1_0.user_id=?
Hibernate: 
    select
        count(gh1_0.id) 
    from
        grammar_history gh1_0 
    where
        gh1_0.user_id=?
Hibernate: 
    select
        count(v1_0.id) 
    from
        vocabulary v1_0 
    where
        v1_0.student_id=?
2026-08-24T18:42:51.097+05:30  INFO 15172 --- [SpeakMateAI] [0.0-9091-exec-9] c.r.s.security.RequestLoggingFilter      : [REQUEST LOG] Incoming request: GET /api/v1/school/dashboard
2026-08-24T18:42:51.097+05:30  INFO 15172 --- [SpeakMateAI] [0.0-9091-exec-5] c.r.s.security.RequestLoggingFilter      : [REQUEST LOG] Incoming request: GET /api/v1/school/teachers
Hibernate: 
    select
        u1_0.id,
        case 
            when u1_1.user_id is not null 
                then 1 
            when u1_2.id is not null 
                then 2 
            when u1_0.id is not null 
                then 0 
        end,
        u1_0.active,
        u1_0.age_group,
        u1_0.auth_provider,
        u1_0.avatar,
        u1_0.created_at,
        u1_0.daily_goal_minutes,
        u1_0.division,
        u1_0.email,
        u1_0.email_verification_token,
        u1_0.email_verified,
        u1_0.english_level,
        u1_0.expo_push_token,
        u1_0.first_name,
        u1_0.interests,
        u1_0.last_name,
        u1_0.learning_goal,
        u1_0.native_language,
        u1_0.onboarding_completed,
        u1_0.parent_name,
        u1_0.parent_phone,
        u1_0.password,
        u1_0.phone,
        u1_0.preferred_accent,
        u1_0.preferred_voice,
        u1_0.reset_otp,
        u1_0.reset_otp_expiry,
        u1_0.reset_password_token,
        u1_0.reset_password_token_expiry,
        u1_0.role,
        u1_0.roll_number,
        u1_0.school_id,
        u1_0.school_name,
        u1_0.standard,
        u1_0.status,
        u1_0.updated_at,
        u1_0.user_type,
        u1_0.welcome_completed,
        u1_2.department,
        u1_2.designation,
        u1_2.employee_id,
        u1_2.experience,
        u1_2.joined_at,
        u1_2.qualification 
    from
        users u1_0 
    left join
        school_admins u1_1 
            on u1_0.id=u1_1.user_id 
    left join
        teachers u1_2 
            on u1_0.id=u1_2.id 
    where
        u1_0.email=?
Hibernate: 
    select
        u1_0.id,
        case 
            when u1_1.user_id is not null 
                then 1 
            when u1_2.id is not null 
                then 2 
            when u1_0.id is not null 
                then 0 
        end,
        u1_0.active,
        u1_0.age_group,
        u1_0.auth_provider,
        u1_0.avatar,
        u1_0.created_at,
        u1_0.daily_goal_minutes,
        u1_0.division,
        u1_0.email,
        u1_0.email_verification_token,
        u1_0.email_verified,
        u1_0.english_level,
        u1_0.expo_push_token,
        u1_0.first_name,
        u1_0.interests,
        u1_0.last_name,
        u1_0.learning_goal,
        u1_0.native_language,
        u1_0.onboarding_completed,
        u1_0.parent_name,
        u1_0.parent_phone,
        u1_0.password,
        u1_0.phone,
        u1_0.preferred_accent,
        u1_0.preferred_voice,
        u1_0.reset_otp,
        u1_0.reset_otp_expiry,
        u1_0.reset_password_token,
        u1_0.reset_password_token_expiry,
        u1_0.role,
        u1_0.roll_number,
        u1_0.school_id,
        u1_0.school_name,
        u1_0.standard,
        u1_0.status,
        u1_0.updated_at,
        u1_0.user_type,
        u1_0.welcome_completed,
        u1_2.department,
        u1_2.designation,
        u1_2.employee_id,
        u1_2.experience,
        u1_2.joined_at,
        u1_2.qualification 
    from
        users u1_0 
    left join
        school_admins u1_1 
            on u1_0.id=u1_1.user_id 
    left join
        teachers u1_2 
            on u1_0.id=u1_2.id 
    where
        u1_0.email=?
Hibernate: 
    select
        u1_0.id,
        case 
            when u1_1.user_id is not null 
                then 1 
            when u1_2.id is not null 
                then 2 
            when u1_0.id is not null 
                then 0 
        end,
        u1_0.active,
        u1_0.age_group,
        u1_0.auth_provider,
        u1_0.avatar,
        u1_0.created_at,
        u1_0.daily_goal_minutes,
        u1_0.division,
        u1_0.email,
        u1_0.email_verification_token,
        u1_0.email_verified,
        u1_0.english_level,
        u1_0.expo_push_token,
        u1_0.first_name,
        u1_0.interests,
        u1_0.last_name,
        u1_0.learning_goal,
        u1_0.native_language,
        u1_0.onboarding_completed,
        u1_0.parent_name,
        u1_0.parent_phone,
        u1_0.password,
        u1_0.phone,
        u1_0.preferred_accent,
        u1_0.preferred_voice,
        u1_0.reset_otp,
        u1_0.reset_otp_expiry,
        u1_0.reset_password_token,
        u1_0.reset_password_token_expiry,
        u1_0.role,
        u1_0.roll_number,
        u1_0.school_id,
        u1_0.school_name,
        u1_0.standard,
        u1_0.status,
        u1_0.updated_at,
        u1_0.user_type,
        u1_0.welcome_completed,
        u1_2.department,
        u1_2.designation,
        u1_2.employee_id,
        u1_2.experience,
        u1_2.joined_at,
        u1_2.qualification 
    from
        users u1_0 
    left join
        school_admins u1_1 
            on u1_0.id=u1_1.user_id 
    left join
        teachers u1_2 
            on u1_0.id=u1_2.id 
    where
        u1_0.email=?
Hibernate: 
    select
        u1_0.id,
        case 
            when u1_1.user_id is not null 
                then 1 
            when u1_2.id is not null 
                then 2 
            when u1_0.id is not null 
                then 0 
        end,
        u1_0.active,
        u1_0.age_group,
        u1_0.auth_provider,
        u1_0.avatar,
        u1_0.created_at,
        u1_0.daily_goal_minutes,
        u1_0.division,
        u1_0.email,
        u1_0.email_verification_token,
        u1_0.email_verified,
        u1_0.english_level,
        u1_0.expo_push_token,
        u1_0.first_name,
        u1_0.interests,
        u1_0.last_name,
        u1_0.learning_goal,
        u1_0.native_language,
        u1_0.onboarding_completed,
        u1_0.parent_name,
        u1_0.parent_phone,
        u1_0.password,
        u1_0.phone,
        u1_0.preferred_accent,
        u1_0.preferred_voice,
        u1_0.reset_otp,
        u1_0.reset_otp_expiry,
        u1_0.reset_password_token,
        u1_0.reset_password_token_expiry,
        u1_0.role,
        u1_0.roll_number,
        u1_0.school_id,
        u1_0.school_name,
        u1_0.standard,
        u1_0.status,
        u1_0.updated_at,
        u1_0.user_type,
        u1_0.welcome_completed,
        u1_2.department,
        u1_2.designation,
        u1_2.employee_id,
        u1_2.experience,
        u1_2.joined_at,
        u1_2.qualification 
    from
        users u1_0 
    left join
        school_admins u1_1 
            on u1_0.id=u1_1.user_id 
    left join
        teachers u1_2 
            on u1_0.id=u1_2.id 
    where
        u1_0.email=?
Hibernate: 
    select
        s1_0.id,
        s1_0.active,
        s1_0.age_group,
        s1_0.auth_provider,
        s1_0.avatar,
        s1_0.created_at,
        s1_0.daily_goal_minutes,
        s1_0.division,
        s1_0.email,
        s1_0.email_verification_token,
        s1_0.email_verified,
        s1_0.english_level,
        s1_0.expo_push_token,
        s1_0.first_name,
        s1_0.interests,
        s1_0.last_name,
        s1_0.learning_goal,
        s1_0.native_language,
        s1_0.onboarding_completed,
        s1_0.parent_name,
        s1_0.parent_phone,
        s1_0.password,
        s1_0.phone,
        s1_0.preferred_accent,
        s1_0.preferred_voice,
        s1_0.reset_otp,
        s1_0.reset_otp_expiry,
        s1_0.reset_password_token,
        s1_0.reset_password_token_expiry,
        s1_0.roll_number,
        s1_0.school_id,
        s1_0.school_name,
        s1_0.standard,
        s1_0.status,
        s1_0.updated_at,
        s1_0.welcome_completed 
    from
        students s1_0 
    where
        s1_0.school_id=?
Hibernate: 
    select
        u1_0.id,
        case 
            when u1_1.user_id is not null 
                then 1 
            when u1_2.id is not null 
                then 2 
            when u1_0.id is not null 
                then 0 
        end,
        u1_0.active,
        u1_0.age_group,
        u1_0.auth_provider,
        u1_0.avatar,
        u1_0.created_at,
        u1_0.daily_goal_minutes,
        u1_0.division,
        u1_0.email,
        u1_0.email_verification_token,
        u1_0.email_verified,
        u1_0.english_level,
        u1_0.expo_push_token,
        u1_0.first_name,
        u1_0.interests,
        u1_0.last_name,
        u1_0.learning_goal,
        u1_0.native_language,
        u1_0.onboarding_completed,
        u1_0.parent_name,
        u1_0.parent_phone,
        u1_0.password,
        u1_0.phone,
        u1_0.preferred_accent,
        u1_0.preferred_voice,
        u1_0.reset_otp,
        u1_0.reset_otp_expiry,
        u1_0.reset_password_token,
        u1_0.reset_password_token_expiry,
        u1_0.role,
        u1_0.roll_number,
        u1_0.school_id,
        u1_0.school_name,
        u1_0.standard,
        u1_0.status,
        u1_0.updated_at,
        u1_0.user_type,
        u1_0.welcome_completed,
        u1_2.department,
        u1_2.designation,
        u1_2.employee_id,
        u1_2.experience,
        u1_2.joined_at,
        u1_2.qualification 
    from
        users u1_0 
    left join
        school_admins u1_1 
            on u1_0.id=u1_1.user_id 
    left join
        teachers u1_2 
            on u1_0.id=u1_2.id 
    where
        u1_0.school_id=? 
        and u1_0.role=?
Hibernate: 
    select
        s1_0.id,
        s1_0.active,
        s1_0.address,
        s1_0.contact_phone,
        s1_0.created_at,
        s1_0.name,
        s1_0.school_code,
        s1_0.school_name,
        s1_0.updated_at 
    from
        schools s1_0 
    where
        s1_0.id=?
Hibernate: 
    select
        s1_0.id,
        s1_0.ai_voice,
        s1_0.auto_play_audio,
        s1_0.created_at,
        s1_0.daily_reminder,
        s1_0.dark_mode,
        s1_0.language,
        s1_0.notifications_enabled,
        s1_0.sound_effects,
        s1_0.student_id,
        s1_0.two_factor_enabled,
        s1_0.updated_at,
        s1_0.user_id 
    from
        settings s1_0 
    where
        s1_0.student_id=?
Hibernate: 
    select
        s1_0.id,
        s1_0.ai_voice,
        s1_0.auto_play_audio,
        s1_0.created_at,
        s1_0.daily_reminder,
        s1_0.dark_mode,
        s1_0.language,
        s1_0.notifications_enabled,
        s1_0.sound_effects,
        s1_0.student_id,
        s1_0.two_factor_enabled,
        s1_0.updated_at,
        s1_0.user_id 
    from
        settings s1_0 
    where
        s1_0.student_id=?
Hibernate: 
    select
        s1_0.id,
        s1_0.ai_voice,
        s1_0.auto_play_audio,
        s1_0.created_at,
        s1_0.daily_reminder,
        s1_0.dark_mode,
        s1_0.language,
        s1_0.notifications_enabled,
        s1_0.sound_effects,
        s1_0.student_id,
        s1_0.two_factor_enabled,
        s1_0.updated_at,
        s1_0.user_id 
    from
        settings s1_0 
    where
        s1_0.student_id=?
Hibernate: 
    select
        s1_0.id,
        s1_0.ai_voice,
        s1_0.auto_play_audio,
        s1_0.created_at,
        s1_0.daily_reminder,
        s1_0.dark_mode,
        s1_0.language,
        s1_0.notifications_enabled,
        s1_0.sound_effects,
        s1_0.student_id,
        s1_0.two_factor_enabled,
        s1_0.updated_at,
        s1_0.user_id 
    from
        settings s1_0 
    where
        s1_0.student_id=?
Hibernate: 
    select
        s1_0.id,
        s1_0.ai_voice,
        s1_0.auto_play_audio,
        s1_0.created_at,
        s1_0.daily_reminder,
        s1_0.dark_mode,
        s1_0.language,
        s1_0.notifications_enabled,
        s1_0.sound_effects,
        s1_0.student_id,
        s1_0.two_factor_enabled,
        s1_0.updated_at,
        s1_0.user_id 
    from
        settings s1_0 
    where
        s1_0.student_id=?
Hibernate: 
    select
        s1_0.id,
        s1_0.ai_voice,
        s1_0.auto_play_audio,
        s1_0.created_at,
        s1_0.daily_reminder,
        s1_0.dark_mode,
        s1_0.language,
        s1_0.notifications_enabled,
        s1_0.sound_effects,
        s1_0.student_id,
        s1_0.two_factor_enabled,
        s1_0.updated_at,
        s1_0.user_id 
    from
        settings s1_0 
    where
        s1_0.student_id=?
Hibernate: 
    select
        s1_0.id,
        s1_0.ai_voice,
        s1_0.auto_play_audio,
        s1_0.created_at,
        s1_0.daily_reminder,
        s1_0.dark_mode,
        s1_0.language,
        s1_0.notifications_enabled,
        s1_0.sound_effects,
        s1_0.student_id,
        s1_0.two_factor_enabled,
        s1_0.updated_at,
        s1_0.user_id 
    from
        settings s1_0 
    where
        s1_0.student_id=?
Hibernate: 
    select
        s1_0.id,
        s1_0.ai_voice,
        s1_0.auto_play_audio,
        s1_0.created_at,
        s1_0.daily_reminder,
        s1_0.dark_mode,
        s1_0.language,
        s1_0.notifications_enabled,
        s1_0.sound_effects,
        s1_0.student_id,
        s1_0.two_factor_enabled,
        s1_0.updated_at,
        s1_0.user_id 
    from
        settings s1_0 
    where
        s1_0.student_id=?
Hibernate: 
    select
        u1_0.id,
        case 
            when u1_1.user_id is not null 
                then 1 
            when u1_2.id is not null 
                then 2 
            when u1_0.id is not null 
                then 0 
        end,
        u1_0.active,
        u1_0.age_group,
        u1_0.auth_provider,
        u1_0.avatar,
        u1_0.created_at,
        u1_0.daily_goal_minutes,
        u1_0.division,
        u1_0.email,
        u1_0.email_verification_token,
        u1_0.email_verified,
        u1_0.english_level,
        u1_0.expo_push_token,
        u1_0.first_name,
        u1_0.interests,
        u1_0.last_name,
        u1_0.learning_goal,
        u1_0.native_language,
        u1_0.onboarding_completed,
        u1_0.parent_name,
        u1_0.parent_phone,
        u1_0.password,
        u1_0.phone,
        u1_0.preferred_accent,
        u1_0.preferred_voice,
        u1_0.reset_otp,
        u1_0.reset_otp_expiry,
        u1_0.reset_password_token,
        u1_0.reset_password_token_expiry,
        u1_0.role,
        u1_0.roll_number,
        u1_0.school_id,
        u1_0.school_name,
        u1_0.standard,
        u1_0.status,
        u1_0.updated_at,
        u1_0.user_type,
        u1_0.welcome_completed,
        u1_2.department,
        u1_2.designation,
        u1_2.employee_id,
        u1_2.experience,
        u1_2.joined_at,
        u1_2.qualification 
    from
        users u1_0 
    left join
        school_admins u1_1 
            on u1_0.id=u1_1.user_id 
    left join
        teachers u1_2 
            on u1_0.id=u1_2.id 
    where
        u1_0.school_id=? 
        and u1_0.role=?
Hibernate: 
    select
        cr1_0.id,
        cr1_0.academic_year,
        cr1_0.created_at,
        cr1_0.grade,
        cr1_0.name,
        cr1_0.school_id,
        cr1_0.status,
        cr1_0.teacher_id,
        cr1_0.updated_at 
    from
        class_rooms cr1_0 
    where
        cr1_0.school_id=?
Hibernate: 
    select
        r1_0.id,
        r1_0.active,
        r1_0.created_at,
        r1_0.marks_obtained,
        r1_0.status,
        r1_0.student_id,
        r1_0.submitted_at,
        r1_0.test_title,
        r1_0.total_marks,
        r1_0.updated_at 
    from
        results r1_0 
    join
        users s1_0 
            on s1_0.id=r1_0.student_id 
    where
        s1_0.school_id=? 
        and r1_0.active
Hibernate: 
    select
        count(lp1_0.id) 
    from
        lesson_progress lp1_0 
    join
        students s1_0 
            on s1_0.id=lp1_0.user_id 
    where
        s1_0.school_id=? 
        and lp1_0.completed=true
Hibernate: 
    select
        s1_0.id,
        s1_0.active,
        s1_0.address,
        s1_0.contact_phone,
        s1_0.created_at,
        s1_0.name,
        s1_0.school_code,
        s1_0.school_name,
        s1_0.updated_at 
    from
        schools s1_0 
    where
        s1_0.id=?
